SEMEL_YISHUV,sub_district,type_of_locality,local_authority_cluster
0967,62,460,NA
0472,11,280,NA
0473,24,270,212
0935,62,460,NA
0958,62,460,NA
1042,62,460,NA
0932,62,460,NA
1342,62,290,610
0968,62,460,NA
0966,62,460,NA
0961,62,460,NA
1375,62,280,610
0652,31,290,310
1275,24,370,210
0679,32,310,320
1115,21,310,211
0819,61,310,420
3869,77,510,710
0175,41,310,NA
2052,23,310,213
1070,11,310,NA
1220,24,370,212
0182,41,170,NA
1081,24,310,212
0783,11,310,NA
0400,61,190,NA
4011,29,310,211
3793,73,190,710
3786,75,370,710
1311,62,370,620
3759,77,370,710
0113,23,310,213
1068,24,330,212
1123,11,310,NA
0446,41,310,NA
4010,29,320,211
1046,62,310,620
2710,32,250,320
2024,32,450,320
1358,62,280,610
1108,23,350,213
0680,41,310,NA
0031,62,160,620
1294,21,320,211
0067,61,330,620
2400,52,160,NA
1020,32,160,NA
0780,11,310,NA
2012,61,310,420
4013,29,330,211
0403,62,330,620
0882,31,340,310
3760,73,170,710
0278,31,330,310
0565,53,170,NA
1157,61,350,420
0821,61,310,NA
1330,23,190,213
0785,24,310,212
0850,41,310,NA
0804,43,310,NA
0797,43,191,NA
0965,62,460,NA
0338,61,340,620
0716,42,330,410
0077,21,330,211
0294,24,330,212
1126,62,330,610
0049,22,310,214
2600,62,150,NA
1336,44,370,NA
3762,72,370,710
0037,61,310,NA
0886,11,340,NA
0478,23,270,213
1359,62,280,610
1339,61,450,420
1316,32,450,320
4003,29,330,211
1145,61,350,NA
0330,22,330,214
1182,23,310,213
3579,72,190,710
3604,76,190,NA
0429,23,320,213
4017,29,320,211
0868,32,340,320
0285,23,330,213
1365,61,370,NA
0041,41,190,NA
4002,29,310,211
1248,62,330,610
0730,21,310,211
0682,23,310,213
0204,41,310,NA
0841,42,310,410
1125,22,310,214
3556,75,330,710
1309,42,150,NA
3618,76,190,NA
3750,73,180,710
0603,24,310,212
3560,73,190,710
0772,61,310,420
1064,21,310,211
1253,21,310,211
0023,61,320,NA
4012,29,310,211
0960,62,460,NA
3754,77,370,NA
0529,24,270,310
0963,62,460,NA
0959,62,460,NA
4301,29,330,211
0176,22,330,214
0313,24,330,212
3650,76,170,NA
0701,22,310,214
3598,75,310,710
0714,61,330,620
3570,73,160,NA
1324,41,350,NA
0071,62,310,620
1276,24,330,210
0070,61,130,NA
0199,22,330,214
0188,22,330,214
1188,24,370,210
3722,77,370,710
2021,62,340,620
1152,62,370,610
7100,61,140,NA
1256,24,370,212
0740,11,310,NA
6000,32,260,NA
0021,62,370,610
1376,61,190,620
0155,61,310,420
2530,43,160,NA
1278,62,310,610
9000,62,130,NA
0450,42,330,NA
0697,41,310,NA
0399,62,330,620
0559,24,310,212
0482,25,270,214
4001,29,280,211
0698,41,310,NA
2043,41,330,NA
0762,62,310,620
0234,61,310,420
0998,24,270,310
1348,62,290,610
0368,21,350,211
0317,32,330,320
3574,74,180,710
0562,44,310,420
0095,23,330,213
3652,74,180,NA
1076,42,340,410
0619,61,330,420
0571,44,310,420
0480,24,270,212
0466,43,180,NA
0723,62,310,620
0373,41,310,NA
0322,21,310,211
0572,24,330,212
3645,75,330,710
0242,23,330,213
0353,23,350,213
0710,11,310,NA
0143,22,330,214
3864,75,370,710
3575,74,370,710
0877,41,320,NA
2033,44,310,420
0159,44,310,NA
0800,32,310,320
1050,43,190,NA
0288,41,310,NA
0265,23,310,214
0200,41,310,NA
0326,41,191,NA
3745,77,320,710
0430,23,310,213
0751,11,310,NA
0784,43,310,NA
0016,61,330,420
0672,11,310,NA
0202,44,310,NA
0301,43,310,NA
0756,61,310,420
0604,43,310,NA
0212,32,340,320
0598,62,330,620
0365,22,330,214
0848,44,340,420
1162,23,330,214
9200,23,160,214
2610,11,140,NA
0248,23,310,213
0747,61,310,620
0252,41,310,NA
3780,76,150,NA
0094,23,310,213
0760,44,310,420
0712,24,310,212
1084,43,340,NA
2013,43,310,NA
6100,52,130,NA
1368,61,370,NA
0592,44,320,420
0386,41,320,410
4015,29,370,211
1363,62,310,620
0448,42,310,NA
1066,44,180,420
0418,41,310,NA
0588,44,310,420
0685,44,310,420
9800,32,170,320
1326,32,270,NA
0944,23,280,310
0483,24,280,210
0389,41,310,NA
0589,24,310,212
0864,11,310,NA
3612,75,310,710
0823,11,310,NA
1191,21,370,211
3744,73,190,710
0428,61,330,620
2060,62,310,620
3710,72,190,710
0746,61,310,620
0667,24,330,211
0141,23,310,213
0617,32,330,320
3654,73,190,710
2038,42,191,NA
1323,61,350,620
1361,41,350,NA
1319,41,190,NA
6200,53,140,NA
3794,76,190,NA
0033,32,310,320
0872,41,310,NA
0379,41,310,410
0853,44,310,NA
0352,62,330,620
0424,61,330,620
0086,23,330,213
3763,74,180,710
0683,32,310,320
2014,62,310,620
3644,74,370,710
1344,62,370,620
3862,74,510,710
1362,11,370,NA
1293,22,190,214
1288,23,370,213
0147,44,193,420
0870,42,330,410
3730,74,160,710
0207,42,310,410
2018,41,330,NA
0173,41,330,NA
4021,29,310,211
0787,11,310,NA
0919,11,310,NA
0802,42,310,NA
0360,32,310,320
0703,23,330,213
0681,42,160,NA
0566,11,510,NA
1077,41,310,NA
0793,61,310,420
6300,52,150,NA
0342,61,330,620
0133,23,330,213
0035,21,330,211
1292,24,260,212
0145,23,310,213
0442,23,350,213
2550,44,160,420
0485,24,280,212
0852,21,330,211
0755,24,310,212
1219,24,350,212
0457,23,330,213
0370,43,330,NA
0706,61,310,620
0196,44,350,420
1043,11,350,NA
1204,24,370,210
0736,62,310,620
0262,22,330,214
0092,23,330,213
0863,43,310,NA
1206,24,370,212
3613,75,310,710
0393,61,330,420
0627,42,270,410
3606,75,330,710
0346,51,330,NA
0369,23,330,213
0745,43,310,NA
1072,44,310,NA
0225,32,310,320
0239,42,310,410
0734,41,310,NA
0166,44,160,NA
1274,23,190,213
0311,44,310,NA
0144,44,330,420
0072,32,330,320
0976,62,460,NA
0836,43,310,NA
0549,41,350,410
1103,43,350,NA
1371,44,370,420
0862,44,310,NA
3823,74,190,710
0218,42,350,410
0229,42,160,NA
0541,32,270,320
0842,41,330,NA
0463,24,330,212
0039,11,310,NA
1129,62,330,610
0487,21,290,211
4022,29,330,211
0305,23,330,214
0574,24,330,212
0628,32,270,NA
0340,61,330,420
0128,42,350,410
0494,31,270,310
0146,23,310,213
0489,23,270,213
0849,62,330,620
0407,23,330,213
0062,22,330,214
0079,22,330,214
1067,24,310,211
3747,74,370,710
0738,32,310,320
0336,61,330,620
0475,23,450,213
0490,24,270,210
0492,24,270,NA
0493,11,440,NA
2200,62,160,610
2063,21,310,211
0300,23,330,213
0431,21,310,211
1317,24,450,210
0303,21,330,211
0302,21,330,211
1241,62,310,620
1349,62,450,610
0702,22,330,214
0675,32,320,320
0356,21,330,211
0191,41,310,NA
9700,42,150,410
1322,22,340,214
0726,61,310,620
1169,62,460,NA
0956,62,460,NA
1186,23,190,213
0250,23,330,213
0307,22,310,214
0434,32,330,320
0684,23,310,213
1208,24,370,212
0377,41,330,NA
0677,23,330,213
0423,41,330,NA
3769,74,190,710
3603,76,370,NA
1261,62,330,NA
0464,11,330,NA
1249,23,330,213
6400,51,140,NA
1203,24,370,210
3639,75,310,710
1133,61,350,420
2742,62,460,NA
0815,61,310,NA
0044,61,310,NA
0584,61,330,620
0788,43,310,NA
9300,32,160,320
0799,11,310,NA
1290,41,280,NA
1065,62,310,620
0816,11,310,NA
2064,62,310,620
0975,23,280,213
0818,61,310,NA
0235,41,310,NA
1110,23,350,213
0717,42,310,410
3764,77,370,710
0205,41,310,NA
0618,43,310,NA
4026,29,370,211
6500,32,140,NA
1321,31,450,310
0986,25,460,NA
0948,24,460,210
0160,43,330,NA
6600,53,140,NA
1239,62,330,620
0253,21,330,211
0662,24,310,212
1332,24,450,210
0115,41,350,NA
0374,22,330,214
1303,62,260,610
0496,24,280,212
0355,42,330,410
1047,21,310,211
0219,41,310,NA
3643,71,370,710
4000,31,130,NA
0162,41,310,410
1272,24,370,210
0820,61,310,620
0801,43,310,NA
0993,22,450,214
0343,23,330,214
3646,75,370,710
3609,75,310,710
0807,41,310,NA
0280,24,330,212
1257,23,330,213
4005,29,370,211
0363,44,330,420
0090,23,330,213
0700,61,310,420
0013,62,310,610
2034,21,170,211
0406,61,330,420
0397,62,330,620
0422,41,310,NA
1024,41,350,NA
1247,32,160,NA
3717,71,370,710
1209,24,370,210
3770,74,190,710
6700,22,150,214
0962,21,280,211
0498,25,270,214
2730,41,260,410
0497,23,290,213
2720,41,260,410
0663,42,310,NA
2100,31,160,310
0268,23,330,214
0462,11,310,NA
1181,24,370,210
1177,62,330,610
3788,74,180,710
8900,24,260,310
0547,23,450,213
3743,77,370,710
1214,21,310,211
1295,24,280,NA
1232,62,310,620
0046,22,190,214
2660,44,150,NA
0096,31,330,310
0798,43,310,NA
0577,44,190,420
1134,11,320,NA
0758,41,330,NA
0358,61,330,620
0775,61,310,NA
0064,43,310,NA
1144,11,340,NA
9400,42,160,NA
1158,62,330,610
2009,21,310,211
1226,24,370,210
1112,24,320,210
4007,29,320,211
0803,62,310,620
0452,23,330,213
0409,24,330,212
0866,62,330,610
3607,75,320,710
0811,61,310,620
0753,41,310,410
2011,61,310,420
0029,21,350,211
0440,44,320,420
0575,24,330,212
1138,24,310,210
1117,23,510,213
1044,41,350,410
0795,24,310,212
0499,25,270,213
3566,75,310,710
0134,23,330,213
0453,21,330,211
3749,72,190,710
0759,43,310,NA
0417,41,330,NA
3647,73,190,710
0241,23,310,213
0240,23,160,310
0623,24,330,211
2026,23,310,214
0831,62,170,610
3000,11,120,NA
0718,42,310,410
0502,24,270,212
0183,42,310,410
0916,62,310,620
0805,11,310,NA
0828,43,310,NA
1227,62,310,620
0504,24,270,310
0505,24,290,NA
0576,24,330,212
0371,22,340,214
1338,21,370,211
3564,74,190,710
1224,42,180,410
3779,74,190,710
0824,61,310,620
1252,21,350,211
1210,21,310,211
1367,62,450,610
0840,62,330,620
1153,24,330,210
1183,24,370,212
1229,21,310,211
1331,24,450,210
1291,62,310,610
1201,24,370,210
2006,61,340,420
4028,29,310,211
0063,22,350,214
0057,22,330,214
1059,62,260,610
0859,11,310,NA
1296,24,280,NA
0978,25,280,213
0857,44,310,NA
3638,74,180,710
0364,11,310,NA
0690,61,310,420
0220,31,310,310
0177,44,310,NA
0357,21,330,211
2010,43,310,NA
0633,42,290,410
0132,23,310,213
0106,23,310,213
0427,32,340,320
0310,32,330,320
0076,21,330,211
0707,43,320,NA
3796,74,190,710
0192,23,330,213
0254,31,330,310
0582,44,310,NA
0890,31,340,310
0443,21,330,211
0187,41,310,410
0217,41,310,NA
0888,61,310,420
0190,41,191,NA
0320,61,310,420
1263,24,180,212
1325,11,340,NA
0786,22,310,214
0696,43,180,NA
0609,21,310,211
0255,22,320,214
0193,41,310,NA
1297,21,370,211
0112,31,310,310
0889,31,350,310
4004,29,330,211
0673,43,310,NA
0507,24,270,212
0233,41,310,NA
0140,23,310,213
0168,41,160,410
0085,23,310,213
0170,41,310,410
0508,22,290,214
0509,25,260,213
0387,41,310,NA
1095,62,310,620
0098,42,310,410
0510,24,260,NA
0274,61,330,420
0297,24,330,212
0512,25,290,213
0764,44,310,NA
0316,41,310,NA
0345,21,330,211
6900,42,150,410
0107,61,340,620
0249,42,310,410
0875,41,340,410
0845,61,330,620
3488,76,330,NA
0189,32,310,320
0634,42,260,410
0388,22,310,214
0654,32,260,320
0579,24,330,212
1130,24,310,212
0295,23,330,214
1166,43,310,NA
0605,21,310,211
0743,43,310,NA
0267,51,350,NA
0047,22,190,214
3572,73,370,710
1285,21,370,211
1094,44,340,420
0664,21,310,211
0088,43,350,NA
0580,32,310,320
1085,62,330,620
1264,43,350,NA
3766,77,370,NA
1374,61,370,NA
1139,24,160,210
0768,61,330,620
1198,62,330,620
3656,77,320,710
1207,24,350,210
0585,22,330,214
1230,21,310,211
2023,62,330,620
0380,21,330,211
0715,32,330,320
1271,62,180,NA
7000,43,150,NA
0052,11,310,NA
0595,24,330,212
1171,24,330,210
1255,62,330,610
0674,24,310,212
0024,61,310,NA
1310,43,190,NA
1173,24,310,212
1060,62,270,620
2055,32,310,320
0102,32,340,320
0771,11,320,NA
3569,71,370,710
3709,74,192,710
4204,29,330,211
1141,43,370,NA
1318,41,340,NA
3825,75,370,710
1080,62,350,620
0829,62,310,620
0573,61,310,620
1015,11,160,NA
0481,22,260,214
0516,24,270,210
0689,32,310,320
0065,22,190,214
0874,23,160,213
3561,76,330,NA
4201,29,270,211
3751,72,370,710
0586,23,330,213
0375,32,330,320
0695,62,330,620
1155,23,310,213
0722,42,310,410
2029,23,310,213
1140,62,350,610
0897,41,340,NA
3797,74,150,710
1200,43,140,NA
0269,23,320,213
0208,11,350,NA
0635,23,290,213
1163,24,330,210
1178,24,370,210
0606,42,310,NA
0028,44,170,420
0104,23,330,213
0517,24,290,212
3599,75,310,710
1411,44,510,NA
1418,62,510,610
1413,23,510,213
1416,62,510,610
1415,62,510,620
1196,62,350,NA
1414,61,510,420
1412,44,510,420
0308,21,330,211
0776,11,310,NA
0043,21,190,211
0822,11,310,NA
1128,32,320,320
2054,23,310,213
1154,23,340,214
0649,32,450,320
4019,29,310,211
1282,23,330,214
0607,21,310,211
0731,44,310,NA
1268,62,170,610
3614,75,310,710
1343,62,290,610
0382,41,310,NA
1202,24,370,210
0164,23,310,213
2044,62,310,620
0596,21,330,211
2030,61,310,NA
1174,24,310,210
1205,24,310,212
0048,23,350,214
0347,21,330,211
0994,25,450,213
1258,22,370,214
0263,22,330,214
0298,23,330,214
0742,11,310,NA
0748,62,310,620
4203,29,290,211
0939,62,460,NA
0197,41,330,NA
1082,62,370,620
0678,22,330,214
0694,32,193,320
0272,23,330,214
3657,77,320,710
0570,24,310,212
0416,21,330,211
0290,32,330,320
0518,24,290,212
3616,76,160,710
3608,75,350,NA
1127,23,330,214
4008,29,310,211
0286,11,330,NA
3752,74,370,710
3651,74,190,710
1327,32,270,NA
3653,76,370,NA
1063,24,160,212
0344,32,330,320
0230,42,310,410
0668,61,330,620
0325,24,330,212
0757,43,310,NA
0058,22,350,214
1222,24,370,210
1370,32,370,320
3576,75,190,710
1190,23,370,214
0099,62,180,610
3610,75,330,710
0648,32,330,320
0022,53,340,NA
0843,21,310,211
4101,29,330,211
1340,62,370,610
0097,23,310,213
0066,23,330,213
1098,61,190,NA
0421,62,330,610
0765,44,310,NA
0378,21,330,211
0520,25,280,213
3605,75,310,710
0620,61,320,NA
3785,75,370,710
0670,43,310,NA
0563,43,330,NA
0732,21,310,211
0395,62,330,620
0130,23,330,213
0729,43,310,NA
0194,41,330,NA
3865,76,510,NA
0213,32,330,320
0425,41,310,410
0791,61,310,620
1315,42,190,410
1184,24,370,212
3648,74,320,710
4551,29,310,211
1124,62,310,NA
0408,21,330,211
1197,62,330,610
0524,23,290,213
0396,62,310,620
0315,61,330,420
3724,77,370,710
0309,61,350,NA
0080,23,310,213
9100,24,150,212
4304,29,310,211
0055,61,310,NA
1366,62,310,620
0926,32,340,NA
0590,23,330,214
4303,29,310,211
0405,11,320,NA
0296,23,330,214
3725,76,190,NA
1057,62,350,NA
1314,24,370,212
1279,62,330,610
0312,32,330,320
0686,42,310,410
0858,42,310,410
0827,61,310,420
1071,11,310,NA
3573,74,370,710
1259,11,350,NA
0015,61,310,NA
1333,43,370,NA
1061,25,160,213
3790,73,350,710
1284,31,190,310
0257,42,370,NA
3726,76,190,NA
0447,41,192,410
0833,23,370,213
0059,11,310,NA
0844,61,330,620
2045,61,310,420
3767,74,370,710
0449,42,310,NA
0809,11,310,NA
0522,24,270,210
0433,32,330,320
0777,11,330,NA
0705,42,330,410
1147,24,310,212
4014,29,310,211
1369,61,370,NA
0174,44,310,NA
1254,11,370,NA
0523,23,290,213
3655,74,190,710
0351,61,190,620
1419,61,350,620
1195,62,340,610
1280,62,310,610
0851,41,310,410
0359,61,330,620
0808,42,330,410
0553,61,310,420
0720,44,320,420
0256,23,330,214
0011,61,310,NA
0165,23,310,213
0402,62,330,620
0699,61,310,620
2047,62,310,620
0069,62,330,620
0348,61,330,620
0769,32,320,320
2048,62,310,620
0331,43,310,NA
0602,62,330,620
1236,42,370,410
4035,29,510,211
0825,11,310,NA
1143,24,350,212
7200,44,160,NA
0186,41,340,NA
3787,74,190,710
3713,75,310,710
0158,43,330,NA
3620,75,330,710
1041,62,460,NA
1372,44,310,420
0435,43,330,NA
7300,25,250,213
2500,31,160,310
3555,75,310,710
0693,11,330,NA
1242,61,310,620
0792,24,310,212
0246,62,150,620
7400,41,130,NA
0525,24,290,210
0578,24,330,211
0587,42,190,NA
2046,61,310,420
0942,25,450,213
0989,24,460,NA
0526,23,290,213
3756,77,370,710
1238,62,330,620
7500,24,260,NA
1170,62,460,NA
1245,24,290,210
3567,73,310,710
1156,62,330,610
3777,77,370,710
0419,62,330,620
1360,62,280,610
0454,24,330,212
1176,62,350,610
0610,43,310,NA
0892,24,310,212
0376,24,330,212
0794,11,310,NA
4501,29,290,211
1199,23,370,213
2035,42,310,410
0826,61,310,NA
0528,25,290,214
0737,41,310,NA
0666,62,180,NA
0810,32,310,320
0032,61,310,NA
0957,62,460,NA
0328,62,370,610
1149,61,350,420
0837,41,310,410
0711,43,310,NA
0817,61,310,420
0969,62,460,NA
3658,74,370,710
1175,62,310,610
0530,22,280,214
0156,44,340,NA
0511,25,280,213
0687,32,310,320
0546,21,450,211
0273,22,330,214
2042,62,330,NA
0436,23,330,213
1240,62,310,620
0074,32,370,320
0167,41,330,NA
0289,24,330,212
0383,23,330,214
0367,23,350,213
0270,23,330,213
0676,62,330,620
0157,41,310,410
4503,29,330,211
1320,32,450,320
1053,62,320,NA
0089,23,330,213
0082,23,330,213
0806,62,310,610
0813,24,310,212
1056,11,510,NA
0426,32,330,320
0532,25,270,213
0521,11,290,NA
0223,32,310,320
0622,61,330,NA
4502,29,290,211
0514,11,450,NA
0139,32,330,320
0880,41,350,410
1251,62,310,NA
0871,42,330,410
1187,62,510,610
7600,24,150,212
1146,62,330,620
3765,72,190,710
3727,73,180,710
0688,21,310,211
3715,74,370,710
1212,21,370,211
3824,74,370,710
0779,11,310,NA
0385,21,330,211
0318,62,310,620
0773,32,310,320
0319,21,330,211
3660,73,180,710
0708,24,310,212
3712,73,370,710
0534,31,270,310
7700,23,150,213
3617,74,190,710
0917,24,370,210
0531,24,260,NA
1246,24,450,212
1335,24,450,210
2560,62,160,610
0593,61,310,420
0637,32,260,NA
1192,62,260,610
3861,77,510,710
0591,44,350,NA
0053,32,170,320
3748,77,370,710
1151,62,310,610
3768,73,190,710
0750,62,310,620
0838,43,310,NA
0537,32,270,320
1104,22,350,214
1105,22,350,214
1313,22,350,214
0767,41,310,410
0749,62,310,620
1185,24,330,210
0597,44,330,NA
3723,77,370,710
3659,74,190,710
0535,24,290,212
2059,62,310,620
3615,75,310,710
0536,24,280,NA
0281,24,310,212
7800,32,160,320
0171,41,180,NA
0599,21,330,211
2053,23,310,213
1231,62,310,620
7900,42,130,NA
0839,43,310,NA
0413,62,330,620
1180,24,370,210
1213,24,330,211
0465,11,330,NA
1136,62,350,620
1111,44,510,420
3791,73,190,710
0198,42,310,410
1150,62,310,610
1102,41,350,NA
1262,62,370,610
1113,11,170,NA
1345,42,180,410
0276,41,190,410
1148,42,320,410
0774,24,310,212
1221,24,370,210
0613,23,310,213
0796,11,310,NA
0636,23,450,213
0594,43,310,NA
1079,11,310,NA
8000,21,160,211
0612,32,310,320
0567,11,330,NA
1234,62,460,NA
0334,44,330,420
3557,73,190,710
0195,41,160,410
0392,61,510,420
4025,29,310,211
3781,76,370,NA
0615,44,310,420
1211,21,330,211
0964,62,460,NA
0972,62,460,NA
0766,61,310,NA
1179,24,370,210
1052,62,330,610
1167,32,180,320
0414,62,310,620
3601,75,330,710
0638,41,260,410
4024,29,370,211
1243,32,190,320
1347,62,290,610
4100,29,180,211
2620,52,160,NA
3611,77,180,710
6800,31,150,310
9500,31,160,310
2630,61,150,NA
2300,31,170,310
9600,31,160,310
1137,11,180,NA
2039,11,340,NA
8200,31,150,310
1034,61,160,420
3746,73,370,710
0078,11,330,NA
0469,44,170,420
0412,41,340,NA
2800,21,160,211
3640,73,170,710
4006,29,320,211
0543,24,280,210
1334,24,450,210
0990,31,450,310
2640,42,150,NA
0026,21,190,211
3602,76,330,NA
8300,44,130,NA
3795,72,190,710
0564,61,330,420
0354,62,330,610
1225,22,330,214
0390,24,320,212
0444,32,330,320
1161,62,250,620
2051,61,310,NA
2016,23,310,214
1341,62,340,610
0362,61,330,620
0539,25,450,214
0997,25,290,214
3619,75,310,710
3782,75,370,710
0854,23,310,214
8400,44,140,NA
3822,72,370,710
0540,21,450,211
3568,71,320,710
0542,25,260,213
3565,74,370,710
0616,42,310,NA
0922,31,170,310
1069,23,310,213
4702,29,310,211
0206,42,350,410
0735,43,310,NA
0445,23,330,213
0372,21,310,211
8500,43,150,NA
8600,52,140,NA
0135,23,330,213
0184,42,330,410
4029,29,370,211
0335,23,330,213
2650,51,160,NA
0178,31,330,310
0122,23,180,213
4701,29,320,211
0339,23,310,213
0460,11,310,NA
0127,11,330,NA
0789,62,310,620
0713,62,330,620
8700,42,150,410
1228,24,370,210
0247,41,310,NA
0437,23,330,214
1260,62,320,610
0324,21,310,211
1377,62,310,620
0282,24,320,212
3571,72,370,710
0913,23,280,214
1286,62,270,610
0721,22,310,214
0304,23,330,214
0861,21,310,211
0885,62,330,610
0036,61,310,NA
0284,42,310,410
0293,61,330,420
0142,23,310,213
2008,32,310,320
0018,61,310,NA
0259,23,330,214
0329,21,330,211
1058,62,310,620
0739,61,310,420
2049,62,310,620
0327,32,330,320
0027,11,310,NA
1223,62,310,620
2015,42,310,410
2057,23,310,214
0555,44,310,NA
0306,22,310,214
3578,75,320,710
1031,61,160,620
0741,11,310,NA
0761,62,310,620
0394,62,330,620
1304,43,160,NA
0614,24,310,212
1265,62,330,620
0415,62,310,620
0456,11,320,NA
1235,24,320,210
0224,41,350,NA
0527,24,310,211
0007,61,310,NA
1266,62,370,610
3868,73,510,710
0865,62,310,620
1378,62,370,610
1267,62,510,610
0658,24,290,212
3641,74,180,710
1165,43,310,NA
1160,24,370,210
0873,61,310,NA
1373,62,510,610
0439,23,330,214
0812,24,180,212
1364,62,370,620
0366,21,330,211
3784,77,370,710
0432,24,330,212
1337,23,190,213
1287,62,370,NA
1132,21,330,211
0538,24,280,NA
4009,29,310,211
0856,43,330,NA
0661,41,191,410
0264,22,330,214
0237,31,330,310
0921,32,340,320
3826,73,180,710
0232,41,330,NA
0692,61,310,NA
0846,21,310,211
8800,24,260,310
3649,71,370,710
1233,61,310,NA
0292,22,310,214
1114,11,350,NA
0126,23,330,213
0398,62,310,620
1045,24,310,212
0763,61,191,420
2062,62,310,620
2061,62,310,620
1172,24,330,210
3558,75,310,710
1083,62,350,620
0163,61,320,420
0010,11,310,NA
5000,51,130,NA
0084,23,330,213
0287,41,330,NA
0154,41,170,410
0103,23,310,213
3815,74,180,710
0719,22,330,214
1054,62,260,610
1283,23,370,214
3719,77,320,710
1051,62,310,620
2003,32,310,320
2050,62,310,620
1237,62,310,620
0727,61,310,420
0744,61,320,620
0814,61,310,NA
1244,23,370,213
2002,41,310,410
0752,11,310,NA
0709,62,191,620
0665,62,310,620
3563,76,190,NA
1346,62,450,610
0970,62,460,NA
0778,11,310,NA
