"SEMEL_YISHUV","locality","2006","2009","2013","2015","loc"
7,"שחר",0,0,0,0,"שחר"
10,"תירוש",0,0,0,0,"תירוש"
11,"ניר ח""ן",0,0,0,0,"נירחן"
13,"חצבה",0,0,0,0,"חצבה"
15,"נועם",0,0,0,0,"נועם"
16,"בית ניר",0,0,0,0,"ביתניר"
18,"שדה משה",0,0,0,0,"שדהמשה"
21,"באר אורה",NA,NA,0,0.00442477876106195,"באראורה"
22,"מקווה ישראל",0,0,0,0,"מקווהישראל"
23,"אמציה",0,0,0,0,"אמציה"
24,"לכיש",0,0,0,0,"לכיש"
26,"ראש פינה",0,0,0.000662690523525514,0.000618811881188119,"ראשפינה"
27,"שדות מיכה",0,0,0,0,"שדותמיכה"
28,"מזכרת בתיה",0,0,0,0.000729075532225139,"מזכרתבתיה"
29,"יסוד המעלה",0,0,0.00125470514429109,0,"יסודהמעלה"
31,"אופקים",0,0,0.000372612948299953,0.000321207741106561,"אופקים"
32,"עוצם",0,0,0,0,"עוצם"
33,"בת שלמה",0,0,0,0.003125,"בתשלמה"
35,"גדות",0,0,0,0,"גדות"
36,"שדה דוד",0,0,0.00512820512820513,0,"שדהדוד"
37,"איתן",0,0,0,0,"איתן"
39,"גפן",0,0,0,0,"גפן"
41,"אליכין",0,0,0.000596658711217184,0.00103199174406605,"אליכין"
43,"מטולה",0,0,0,0,"מטולה"
44,"זוהר",0,0,0,0,"זוהר"
46,"יבנאל",0,0,0,0.000564652738565782,"יבנאל"
47,"כפר תבור",0,0,0.000541711809317443,0,"כפרתבור"
48,"מנחמיה",0,0,0,0.00326797385620915,"מנחמיה"
49,"אילניה",0,0,0,0,"אילניה"
52,"לוזית",0,0,0,0,"לוזית"
53,"עתלית",0,0,0.000685166152792052,0.000905797101449275,"עתלית"
55,"נוגה",0,0,0,0,"נוגה"
57,"כנרת (קבוצה)",0,0,0.00245098039215686,0,"כנרתקבוצה"
58,"מצפה",0,0,0,0,"מצפה"
59,"נחושה",0,0,0,0,"נחושה"
62,"דגניה א'",0,0,0,0,"דגניהא"
63,"כנרת (מושבה)",0,0,0,0,"כנרתמושבה"
64,"יד רמב""ם",0,0,0,0.00164473684210526,"ידרמבם"
65,"מגדל",0,0,0,0,"מגדל"
66,"מרחביה (קיבוץ)",0,0,0,0.00159489633173844,"מרחביהקיבוץ"
67,"אור הנר",0,0,0,0,"אורהנר"
69,"ניר עוז",0,0,0,0,"נירעוז"
70,"אשדוד",0,0,0.000774638340724674,0.00065369292333242,"אשדוד"
71,"אשבול",0,0,0,0,"אשבול"
72,"גן שמואל",0,0,0,0,"גןשמואל"
74,"עין הוד",0,0,0,0,"עיןהוד"
76,"כפר גלעדי",0,0,0,0,"כפרגלעדי"
77,"איילת השחר",0,0,0,0,"איילתהשחר"
78,"קרית ענבים",0,0,0,0,"קריתענבים"
79,"דגניה ב'",0,0,0,0.00247524752475248,"דגניהב"
80,"נהלל",0,0,0,0,"נהלל"
82,"עין חרוד (מאוחד)",0,0,0,0,"עיןחרודמאוחד"
84,"תל יוסף",0,0,0,0,"תליוסף"
85,"כפר יחזקאל",0,0,0,0,"כפריחזקאל"
86,"גבע",0,0,0,0,"גבע"
89,"עין חרוד (איחוד)",0,0,0,0,"עיןחרודאיחוד"
90,"חפצי-בה",0,0,0,0.0066006600660066,"חפציבה"
92,"גיניגר",0,0,0,0,"גיניגר"
94,"בלפוריה",0,0,0,0,"בלפוריה"
95,"בית אלפא",0,0,0,0,"ביתאלפא"
96,"יגור",0,0,0,0,"יגור"
97,"מרחביה (מושב)",0,0,0,0,"מרחביהמושב"
98,"כפר מל""ל",0,0,0,0,"כפרמלל"
99,"מצפה רמון",0,0,0.00201612903225806,0.000935016362786349,"מצפהרמון"
102,"מאיר שפיה",0,0,0,0,"מאירשפיה"
103,"תל עדשים",0,0,0,0,"תלעדשים"
104,"מזרע",0,0,0.00210526315789474,0,"מזרע"
106,"כפר גדעון",0,0,0,0,"כפרגדעון"
107,"כפר סילבר",0,0,0,0,"כפרסילבר"
112,"כפר חסידים א'",0,0,0.00253807106598985,0,"כפרחסידיםא"
113,"אדירים",0,0,0,0,"אדירים"
115,"חופית",0,0,0.00188323917137476,0,"חופית"
122,"רמת ישי",0,0,0.00025419420437214,0,"רמתישי"
126,"שריד",0,0,0,0,"שריד"
127,"רמת רחל",0,0,0,0,"רמתרחל"
128,"גת רימון",0,0,0,0,"גתרימון"
130,"משמר העמק",0,0,0,0,"משמרהעמק"
132,"כפר ברוך",0,0,0,0,"כפרברוך"
133,"גבת",0,0,0,0,"גבת"
134,"יפעת",0,0,0,0,"יפעת"
135,"רמת דוד",0,0,0,0,"רמתדוד"
139,"עין שמר",0,0,0,0,"עיןשמר"
140,"כפר יהושע",0,0,0,0,"כפריהושע"
141,"ברק",0,0,0,0,"ברק"
142,"שדה יעקב",0,0,0,0,"שדהיעקב"
143,"בית זרע",0,0,0,0,"ביתזרע"
144,"גן שלמה",0,0,0,0,"גןשלמה"
145,"גדיש",0,0,0.00588235294117647,0,"גדיש"
146,"דבורה",0,0,0,0,"דבורה"
147,"גבעת ברנר",0,0,0,0,"גבעתברנר"
154,"תל מונד",0,0,0.000364365093824012,0.000320924261874198,"תלמונד"
155,"באר טוביה",0,0,0,0,"בארטוביה"
156,"עיינות",0,0,0,0,"עיינות"
157,"עין ורד",0,0,0,0,"עיןורד"
158,"נען",0,0,0,0,"נען"
159,"בית חנן",0,0,0,0,"ביתחנן"
160,"חולדה",0,0,0,0.00464037122969838,"חולדה"
162,"חירות",0,0,0,0,"חירות"
163,"תימורים",0,0,0,0,"תימורים"
164,"מלאה",0,0,0,0,"מלאה"
165,"ניר יפה",0,0,0,0,"ניריפה"
166,"גן יבנה",0,0,0.000204981039253869,0.000453391367428364,"גןיבנה"
167,"עין החורש",0,0,0,0,"עיןהחורש"
168,"כפר יונה",0,0,0.000324079075294372,0.000190785080606697,"כפריונה"
170,"כפר יעבץ",0,0,0,0,"כפריעבץ"
171,"פרדסיה",0,0,0,0,"פרדסיה"
173,"גבעת חיים (מאוחד)",0,0,0,0,"גבעתחייםמאוחד"
174,"נטעים",0,0,0,0,"נטעים"
175,"אביחיל",0,0,0,0,"אביחיל"
176,"אפיקים",0,0,0.00143061516452074,0,"אפיקים"
177,"כפר ביל""ו",0,0,0,0,"כפרבילו"
178,"רמת יוחנן",0,0,0,0,"רמתיוחנן"
182,"אבן יהודה",0,0,0,0.000551800248310112,"אבןיהודה"
183,"ירקונה",0,0,0,0,"ירקונה"
184,"רמת הכובש",0,0,0,0.0020703933747412,"רמתהכובש"
186,"נעורים",0,0,0,0,"נעורים"
187,"כפר הס",0,0,0,0,"כפרהס"
188,"אשדות יעקב  (מאוח",0,0,0,0,"אשדותיעקבמאוח"
189,"כפר פינס",0,0,0.013745704467354,0,"כפרפינס"
190,"כפר ויתקין",0,0,0,0,"כפרויתקין"
191,"הדר עם",0,0,0,0,"הדרעם"
192,"כפר החורש",0,0,0.00309597523219814,0,"כפרהחורש"
193,"כפר חיים",0,0,0,0,"כפרחיים"
194,"משמר השרון",0,0,0.00305810397553517,0,"משמרהשרון"
195,"קדימה-צורן",NA,0,0.000227505403253327,0.000486712742139589,"קדימהצורן"
196,"גיבתון",0,0,0,0,"גיבתון"
197,"מעברות",0,0,0,0.00172117039586919,"מעברות"
198,"צופית",0,0,0.0033955857385399,0.00166666666666667,"צופית"
199,"אשדות יעקב  (איחו",0,0,0,0,"אשדותיעקבאיחו"
200,"בית ינאי",0,0,0,0,"ביתינאי"
202,"בית עובד",0,0,0,0,"ביתעובד"
204,"אלישיב",0,0,0,0,"אלישיב"
205,"חגלה",0,0,0,0,"חגלה"
206,"רמות השבים",0,0,0,0,"רמותהשבים"
207,"גבעת ח""ן",0,0,0.00383141762452107,0,"גבעתחן"
208,"מוצא עילית",0,0,0,0,"מוצאעילית"
213,"משמרות",0,0,0,0,"משמרות"
217,"כפר הרא""ה",0,0,0,0,"כפרהראה"
218,"גני עם",0,0,0,0,"גניעם"
219,"חיבת ציון",0,0,0,0,"חיבתציון"
220,"כפר ביאליק",0,0,0,0,"כפרביאליק"
223,"עין עירון",0,0,0,0,"עיןעירון"
224,"שושנת העמקים",NA,0,0,0,"שושנתהעמקים"
225,"גן השומרון",0,0,0,0,"גןהשומרון"
229,"גני תקווה",0,0,0.000611995104039168,0.000109697235629662,"גניתקווה"
230,"מעש",0,0,0,0,"מעש"
232,"שפיים",0,0,0,0,"שפיים"
233,"כפר ידידיה",0,0,0,0,"כפרידידיה"
234,"ביצרון",0,0,0,0,"ביצרון"
235,"חבצלת השרון",0,0,0,0,"חבצלתהשרון"
237,"שער העמקים",0,0,0,0,"שערהעמקים"
239,"גן חיים",0,0,0,0,"גןחיים"
240,"יקנעם עילית",0,0,0.000913798355162961,0.000634402755120537,"יקנעםעילית"
241,"יקנעם (מושבה)",0,0,0,0,"יקנעםמושבה"
242,"בית השיטה",0,0,0,0.00134408602150538,"ביתהשיטה"
246,"נתיבות",0,0,0.000908953188910771,0.000479353557488187,"נתיבות"
247,"רשפון",0,0,0,0,"רשפון"
248,"בית שערים",0,0,0,0,"ביתשערים"
249,"כפר סירקין",0,0,0,0,"כפרסירקין"
250,"הזורע",0,0,0,0,"הזורע"
252,"ביתן אהרן",0,0,0,0,"ביתןאהרן"
253,"חולתה",0,0,0.00367647058823529,0.00337837837837838,"חולתה"
254,"כפר המכבי",0,0,0,0,"כפרהמכבי"
255,"כפר חיטים",0,0,0,0,"כפרחיטים"
256,"ניר דוד (תל עמל)",0,0,0,0,"נירדודתלעמל"
257,"נופך",0,0,0,0,"נופך"
259,"שדה נחום",0,0,0,0,"שדהנחום"
262,"גינוסר",0,0,0,0.00273224043715847,"גינוסר"
263,"מסדה",0,0,0,0,"מסדה"
264,"שער הגולן",0,0,0,0,"שערהגולן"
265,"בית יוסף",0,0,0,0.00523560209424084,"ביתיוסף"
267,"כפר שמריהו",0,0,0.000884955752212389,0,"כפרשמריהו"
268,"טירת צבי",0,0,0,0,"טירתצבי"
269,"מולדת",0,0,0,0,"מולדת"
270,"עין השופט",0,0,0,0,"עיןהשופט"
272,"מעוז חיים",0,0,0,0,"מעוזחיים"
273,"עין גב",0,0,0,0,"עיןגב"
274,"כפר מנחם",0,0,0,0,"כפרמנחם"
276,"צור משה",0,0,0.00074794315632012,0,"צורמשה"
278,"אושה",0,0,0,0,"אושה"
280,"חניתה",0,0,0,0,"חניתה"
281,"פקיעין חדשה",0,0,0,0,"פקיעיןחדשה"
282,"שבי ציון",0,0,0,0.00184162062615101,"שביציון"
284,"שדה ורבורג",0,0,0,0,"שדהורבורג"
285,"אלונים",0,0,0,0,"אלונים"
286,"מעלה החמישה",0,0,0,0,"מעלההחמישה"
287,"תל יצחק",0,0,0.00182815356489945,0,"תליצחק"
288,"בית יהושע",0,0,0,0,"ביתיהושע"
289,"עין המפרץ",0,0,0,0,"עיןהמפרץ"
290,"מעין צבי",0,0,0,0,"מעיןצבי"
292,"שרונה",0,0,0,0,"שרונה"
293,"שדה יואב",0,0,0,0,"שדהיואב"
294,"אילון",0,0,0,0,"אילון"
295,"כפר רופין",0,0,0,0,"כפררופין"
296,"נווה איתן",0,0,0,0,"נווהאיתן"
297,"כפר מסריק",0,0,0,0,"כפרמסריק"
298,"מסילות",0,0,0,0,"מסילות"
300,"דליה",0,0,0,0,"דליה"
301,"בית עוזיאל",0,0,0,0,"ביתעוזיאל"
302,"דפנה",0,0,0.00229357798165138,0,"דפנה"
303,"דן",0,0,0,0,"דן"
304,"שדה אליהו",0,0,0,0,"שדהאליהו"
305,"גשר",0,0,0,0,"גשר"
306,"שדמות דבורה",0,0,0,0,"שדמותדבורה"
307,"הזורעים",0,0,0,0,"הזורעים"
308,"מחניים",0,0,0,0,"מחניים"
309,"נהורה",0,0,0,0,"נהורה"
310,"כפר גליקסון",0,0,0,0,"כפרגליקסון"
311,"גן שורק",0,0,0,0,"גןשורק"
312,"נווה ים",0,0,0,0,"נווהים"
313,"אפק",0,0,0,0,"אפק"
315,"נגבה",0,0,0,0,"נגבה"
316,"כפר נטר",0,0,0,0,"כפרנטר"
317,"בית אורן",0,0,0,0,"ביתאורן"
318,"עמיעוז",0,0,0,0.00699300699300699,"עמיעוז"
319,"עמיר",0,0,0,0.0028735632183908,"עמיר"
320,"כפר ורבורג",0,0,0.00180831826401447,0,"כפרורבורג"
322,"בית הלל",0,0,0,0,"ביתהלל"
324,"שאר ישוב",0,0,0,0,"שארישוב"
325,"מצובה",0,0,0,0.0161290322580645,"מצובה"
326,"בית יצחק-שער חפר",0,0,0,0.000769822940723634,"ביתיצחקשערחפר"
327,"שדות ים",0,0,0,0,"שדותים"
329,"שדה נחמיה",0,0,0,0.00199203187250996,"שדהנחמיה"
330,"אלומות",0,0,0,0,"אלומות"
331,"ניר צבי",0,0,0,0,"נירצבי"
334,"קבוצת יבנה",0,0,0.00218340611353712,0,"קבוצתיבנה"
335,"רמת השופט",0,0,0.00229885057471264,0,"רמתהשופט"
336,"דורות",0,0,0,0.00261780104712042,"דורות"
338,"איבים",0,0,0,0,"איבים"
339,"רמת צבי",0,0,0,0,"רמתצבי"
340,"גת (קיבוץ)",0,0,0,0,"גתקיבוץ"
342,"גברעם",0,0,0,0,"גברעם"
343,"חמדיה",0,0,0,0,"חמדיה"
344,"מענית",0,0,0,0,"מענית"
345,"כפר סאלד",0,0,0,0,"כפרסאלד"
346,"גליל ים",0,0,0,0,"גלילים"
347,"מנרה",0,0,0,0,"מנרה"
348,"ניר עם",0,0,0,0,"נירעם"
351,"ניצן",0,0,0,0,"ניצן"
352,"גבולות",0,0,0,0,"גבולות"
353,"בית זיד",NA,NA,0,0,"ביתזיד"
354,"רביבים",0,0,0,0,"רביבים"
355,"חורשים",0,0,0,0,"חורשים"
356,"הגושרים",0,0,0,0,"הגושרים"
357,"כפר בלום",0,0,0,0,"כפרבלום"
358,"יד מרדכי",0,0,0,0,"ידמרדכי"
359,"ניצנים",0,0,0,0,"ניצנים"
360,"גבעת ניל""י",0,0,0,0.003003003003003,"גבעתנילי"
362,"רוחמה",0,0,0,0,"רוחמה"
363,"חפץ חיים",0,0,0,0,"חפץחיים"
364,"כפר אוריה",0,0,0,0,"כפראוריה"
365,"בית קשת",0,0,0,0,"ביתקשת"
366,"שמיר",0,0,0,0,"שמיר"
367,"עין העמק",0,0,0,0,"עיןהעמק"
368,"ביריה",0,0,0.00761421319796954,0.00232558139534884,"ביריה"
369,"גלעד (אבן יצחק)",0,0,0,0,"גלעדאבןיצחק"
370,"גזר",0,0,0,0,"גזר"
372,"רמות נפתלי",0,0,0,0.0033003300330033,"רמותנפתלי"
373,"בית הלוי",0,0,0,0,"ביתהלוי"
374,"חוקוק",0,0,0,0,"חוקוק"
375,"מגל",0,0,0,0,"מגל"
376,"עברון",0,0,0,0,"עברון"
377,"המעפיל",0,0,0,0,"המעפיל"
378,"משגב עם",0,0,0,0,"משגבעם"
379,"גאולים",0,0,0,0.00191570881226054,"גאולים"
380,"להבות הבשן",0,0,0,0,"להבותהבשן"
382,"מכמורת",0,0,0.00434782608695652,0.00136239782016349,"מכמורת"
383,"עין הנצי""ב",0,0,0,0,"עיןהנציב"
385,"עמיעד",0,0,0,0,"עמיעד"
386,"בני דרור",0,0,0,0.00134952766531714,"בנידרור"
387,"כפר מונש",0,0,0,0.00204918032786885,"כפרמונש"
388,"כפר קיש",0,0,0,0,"כפרקיש"
389,"בצרה",0,0,0,0,"בצרה"
390,"רגבה",0,0,0,0,"רגבה"
393,"גלאון",0,0,0,0,"גלאון"
394,"שובל",0,0,0,0,"שובל"
395,"משמר הנגב",0,0,0,0,"משמרהנגב"
396,"נבטים",0,0,0,0.00209205020920502,"נבטים"
397,"חצרים",0,0,0.00178890876565295,0,"חצרים"
398,"שרשרת",0,0,0,0,"שרשרת"
399,"בארי",0,0,0,0,"בארי"
400,"אבן שמואל",0,0,0,0,"אבןשמואל"
402,"ניר יצחק",0,0,0,0.0026246719160105,"ניריצחק"
403,"אורים",0,0,0,0,"אורים"
405,"נווה אילן",0,0,0,0,"נווהאילן"
406,"חצור-אשדוד",0,0,0,0,"חצוראשדוד"
407,"דברת",0,0,0,0.0062111801242236,"דברת"
408,"נאות מרדכי",0,0,0,0,"נאותמרדכי"
409,"יחיעם",0,0,0,0,"יחיעם"
413,"צאלים",0,0,0,0,"צאלים"
414,"קלחים",0,0,0,0,"קלחים"
415,"שוקדה",0,0,0,0,"שוקדה"
416,"מעין ברוך",0,0,0,0.00288184438040346,"מעיןברוך"
417,"יקום",0,0,0,0,"יקום"
418,"בני ציון",0,0,0,0,"בניציון"
419,"סעד",0,0,0,0,"סעד"
421,"משאבי שדה",0,0,0,0,"משאבישדה"
422,"חרב לאת",0,0,0,0,"חרבלאת"
423,"העוגן",0,0,0,0,"העוגן"
424,"גבים",0,0,0.00420168067226891,0,"גבים"
425,"משמרת",0,0,0,0,"משמרת"
426,"עין כרמל",0,0,0.0027027027027027,0.00533333333333333,"עיןכרמל"
427,"כפר גלים",0,0,0,0,"כפרגלים"
428,"ברור חיל",0,0,0,0,"ברורחיל"
429,"אלוני אבא",0,0,0,0,"אלוניאבא"
430,"בית לחם הגלילית",0,0,0,0,"ביתלחםהגלילית"
431,"דלתון",0,0,0,0.00234192037470726,"דלתון"
432,"שמרת",0,0,0,0.00387596899224806,"שמרת"
433,"נחשולים",0,0,0,0,"נחשולים"
434,"החותרים",0,0,0,0,"החותרים"
435,"נצר סרני",0,0,0,0,"נצרסרני"
436,"עין דור",0,0,0,0,"עיןדור"
437,"רשפים",0,0,0,0,"רשפים"
439,"שלוחות",0,0,0.00346020761245675,0,"שלוחות"
440,"יסודות",0,0,0,0,"יסודות"
442,"גדעונה",0,0,0,0.0053475935828877,"גדעונה"
443,"כפר הנשיא",0,0,0,0,"כפרהנשיא"
444,"רגבים",0,0,0,0,"רגבים"
445,"רמות מנשה",0,0,0,0,"רמותמנשה"
446,"אודים",0,0,0,0.00170068027210884,"אודים"
447,"נורדיה",0,0,0,0,"נורדיה"
448,"בני עטרות",0,0,0,0.00201207243460765,"בניעטרות"
449,"נחלים",0,0,0,0,"נחלים"
450,"בארות יצחק",0,0,0,0,"בארותיצחק"
452,"יזרעאל",0,0,0,0,"יזרעאל"
453,"יפתח",0,0,0,0,"יפתח"
454,"סער",0,0,0,0,"סער"
456,"שורש",0,0,0,0,"שורש"
457,"גזית",0,0,0,0,"גזית"
460,"רמת רזיאל",0,0,0,0,"רמתרזיאל"
462,"טל שחר",0,0,0,0,"טלשחר"
463,"געתון",0,0,0,0,"געתון"
464,"הראל",0,0,0,0,"הראל"
465,"צובה",0,0,0,0.0092378752886836,"צובה"
466,"בית דגן",0,0,0.000878734622144112,0.00133084908171413,"ביתדגן"
469,"קרית עקרון",0,0,0.000783392087739914,0.000348007656168436,"קריתעקרון"
472,"אבו גוש",0,0,0.00169971671388102,0.00159616919393456,"אבוגוש"
473,"אבו סנאן",0,0,0.000857081637025927,0.000870170553428472,"אבוסנאן"
475,"דחי",0,0,0,0,"דחי"
478,"אכסאל",0,0,0.000561797752808989,0.000550155877498625,"אכסאל"
480,"בית ג'ן",0,0,0.00118455342335939,0.000483325277912035,"ביתגן"
481,"מגאר",0,0,0.0010078613182826,0.00152183838076396,"מגאר"
482,"בועיינה-נוג'ידאת",0,0,0.000865800865800866,0.000554477405045744,"בועיינהנוגידאת"
483,"בענה",NA,NA,0.00033500837520938,0.000262260687123,"בענה"
485,"ג'ולס",0,0,0.000400962309542903,0.00160192230676812,"גולס"
487,"ג'ש (גוש חלב)",0,0,0.00104384133611691,0.000735294117647059,"גשגושחלב"
489,"דבוריה",0,0,0.000300571085061617,0.00044404973357016,"דבוריה"
490,"דייר אל-אסד",NA,NA,0.000208420175072947,0.000176429075511644,"דייראלאסד"
492,"דייר חנא",0,0,0.000200561572402728,0.000564334085778781,"דיירחנא"
494,"דאלית אל-כרמל",NA,0,0.000631911532385466,0.0012001200120012,"דאליתאלכרמל"
496,"חורפיש",0,0,0,0.000932400932400932,"חורפיש"
497,"טייבה (בעמק)",0,0,0.00165289256198347,0.00161550888529887,"טייבהבעמק"
498,"טורעאן",0,0,0.000446328944432046,0.00018964536317087,"טורעאן"
499,"יפיע",0,0,0.00066711140760507,0.00121424716675661,"יפיע"
502,"ירכא",0,0,0.000340020401224073,0.00149377593360996,"ירכא"
504,"כאבול",0,0,0.000397930760047752,0,"כאבול"
505,"כאוכב אבו אל-היג'",0,0,0.000713266761768902,0.000568828213879408,"כאוכבאבואלהיג"
507,"כפר יאסיף",0,0,0.000446927374301676,0,"כפריאסיף"
508,"כפר כמא",0,0,0.00128205128205128,0.000923361034164358,"כפרכמא"
509,"כפר כנא",0,0,0.000579542161692263,0.000570971793993377,"כפרכנא"
510,"כפר מנדא",0,0,0.000289561314608368,0.000377976565452942,"כפרמנדא"
511,"עילוט",0,0,0.000532197977647685,0,"עילוט"
512,"כפר מצר",0,0,0,0.00109170305676856,"כפרמצר"
514,"עין ראפה",0,0,0,0,"עיןראפה"
516,"מג'ד אל-כרום",NA,0,0.000820748522652659,0.000450585761489937,"מגדאלכרום"
517,"מזרעה",0,0,0.000635727908455181,0,"מזרעה"
518,"מעיליא",0,0,0,0,"מעיליא"
520,"משהד",0,0,0,0,"משהד"
521,"עין נקובא",0,0,0.00350262697022767,0.00263504611330698,"עיןנקובא"
522,"נחף",0,0,0,0.000590086546026751,"נחף"
523,"ניין",0,0,0,0,"ניין"
524,"נאעורה",0,0,0,0,"נאעורה"
525,"סאג'ור",0,0,0,0.00140056022408964,"סאגור"
526,"סולם",0,0,0.000934579439252336,0,"סולם"
527,"שזור",0,0,0.00578034682080925,0,"שזור"
528,"עוזייר",0,0,0,0,"עוזייר"
529,"אעבלין",0,0,0.00045034902049088,0.000821186614658181,"אעבלין"
530,"עיילבון",0,0,0.000766283524904215,0,"עיילבון"
531,"עראבה",0,0,0.000253613999492772,0.000485531171101185,"עראבה"
532,"עין מאהל",0,0,0.000915750915750916,0.000528262017960909,"עיןמאהל"
534,"עספיא",NA,NA,0.00130208333333333,0.00092678405931418,"עספיא"
535,"פסוטה",0,0,0.000877963125548727,0,"פסוטה"
536,"פקיעין (בוקייעה)",0,0,0,0.000384467512495194,"פקיעיןבוקייעה"
537,"פוריידיס",0,0,0.000331455087835598,0.000196540880503145,"פוריידיס"
538,"שעב",0,0,0,0.00093603744149766,"שעב"
539,"רומאנה",0,0,0,0,"רומאנה"
540,"ריחאניה",0,0,0,0.00202839756592292,"ריחאניה"
541,"ג'סר א-זרקא",0,0,0,0.000444148345547413,"גסראזרקא"
542,"ריינה",0,0,0.000198137507430157,0.00061833359097233,"ריינה"
543,"ראמה",0,0,0.000649772579597141,0.000569151963574274,"ראמה"
546,"עין אל-אסד",0,0,0.0043859649122807,0.00359712230215827,"עיןאלאסד"
547,"טמרה (יזרעאל)",0,0,0,0,"טמרהיזרעאל"
549,"גנות הדר",0,0,0,0,"גנותהדר"
553,"ניר בנים",0,0,0,0.00232018561484919,"נירבנים"
555,"שדמה",0,0,0,0,"שדמה"
559,"בוסתן הגליל",0,0,0,0.00248756218905473,"בוסתןהגליל"
562,"בית אלעזרי",0,0,0,0.0012531328320802,"ביתאלעזרי"
563,"משמר דוד",0,0,0,0,"משמרדוד"
564,"רבדים",0,0,0,0,"רבדים"
565,"אזור",0,0,0.000488917861799218,0.00123724095267553,"אזור"
567,"צרעה",0,0,0,0,"צרעה"
570,"מעונה",0,0,0,0,"מעונה"
571,"בית גמליאל",0,0,0.00187265917602996,0,"ביתגמליאל"
572,"בית העמק",0,0,0,0,"ביתהעמק"
573,"מבקיעים",0,0,0,0,"מבקיעים"
574,"גשר הזיו",0,0,0,0.00122100122100122,"גשרהזיו"
575,"יסעור",0,0,0,0,"יסעור"
576,"כברי",0,0,0,0,"כברי"
577,"יד בנימין",0,0,0,0,"ידבנימין"
578,"סאסא",0,0,0,0,"סאסא"
579,"כפר ראש הנקרה",0,0,0,0,"כפרראשהנקרה"
580,"כרם מהר""ל",0,0,0,0,"כרםמהרל"
582,"כפר הנגיד",0,0,0,0.00169491525423729,"כפרהנגיד"
584,"זיקים",0,0,0,0,"זיקים"
585,"לביא",0,0,0.00256410256410256,0,"לביא"
586,"מגידו",0,0,0,0,"מגידו"
587,"סביון",0,0,0,0.000417362270450751,"סביון"
588,"בני ראם",0,0,0,0.00153609831029186,"בניראם"
589,"בצת",0,0,0,0,"בצת"
590,"נווה אור",0,0,0,0,"נווהאור"
591,"עשרת",0,0,0,0,"עשרת"
592,"בני דרום",0,0,0,0,"בנידרום"
593,"ערוגות",0,0,0,0,"ערוגות"
594,"צפריה",0,0,0,0,"צפריה"
595,"לוחמי הגיטאות",0,0,0,0,"לוחמיהגיטאות"
596,"מלכיה",0,0,0,0,"מלכיה"
597,"פלמחים",0,0,0,0,"פלמחים"
598,"בית קמה",0,0,0,0,"ביתקמה"
599,"פרוד",0,0,0,0,"פרוד"
602,"נירים",0,0,0,0,"נירים"
603,"אלקוש",0,0,0,0,"אלקוש"
604,"בית עריף",0,0,0,0,"ביתעריף"
605,"כפר שמאי",0,0,0,0.00446428571428571,"כפרשמאי"
606,"מזור",0,0,0.00177619893428064,0,"מזור"
607,"מירון",0,0,0,0,"מירון"
609,"כפר חושן",0,0,0,0,"כפרחושן"
610,"סתריה",0,0,0,0,"סתריה"
612,"צרופה",0,0,0,0.00191938579654511,"צרופה"
613,"ציפורי",0,0,0,0.0021978021978022,"ציפורי"
614,"שומרה",0,0,0,0,"שומרה"
615,"קדרון",0,0,0,0.0023094688221709,"קדרון"
616,"רינתיה",0,0,0.00203252032520325,0,"רינתיה"
617,"ברקאי",0,0,0,0,"ברקאי"
618,"חדיד",0,0,0,0,"חדיד"
619,"בית גוברין",0,0,0,0,"ביתגוברין"
620,"משואות יצחק",0,0,0,0,"משואותיצחק"
622,"עין צורים",0,0,0,0,"עיןצורים"
623,"יראון",0,0,0,0,"יראון"
627,"ג'לג'וליה",0,0,0.000852757248436612,0,"גלגוליה"
628,"ג'ת",NA,NA,0.000805477245267821,0.00027196083763938,"גת"
633,"כפר ברא",0,0,0,0,"כפרברא"
634,"כפר קאסם",0,0,0.00021362956633198,0.000499251123315027,"כפרקאסם"
635,"מוקייבלה",0,0,0.00197044334975369,0,"מוקייבלה"
636,"צנדלה",0,0,0,0.00134408602150538,"צנדלה"
637,"ערערה",0,0,0.000175162024873008,0.000628693574751666,"ערערה"
638,"קלנסווה",0,0,0.00051378660729577,0.000467508181393174,"קלנסווה"
648,"מצר",0,0,0,0,"מצר"
649,"מייסר",0,0,0.00232558139534884,0,"מייסר"
652,"אבטין",0,0,0,0,"אבטין"
654,"כפר קרע",0,0,0.000573558933180384,0,"כפרקרע"
658,"שייח' דנון",0,0,0,0.00158353127474268,"שייחדנון"
661,"שער אפרים",0,0,0,0.00120048019207683,"שעראפרים"
662,"חוסן",0,0,0,0,"חוסן"
663,"טירת יהודה",0,0,0,0.00164473684210526,"טירתיהודה"
664,"כרם בן זמרה",0,0,0,0,"כרםבןזמרה"
665,"תקומה",0,0,0,0,"תקומה"
666,"עומר",0,0,0,0.000851426138782461,"עומר"
667,"ברעם",0,0,0,0,"ברעם"
668,"מפלסים",0,0,0,0,"מפלסים"
670,"משמר איילון",0,0,0,0,"משמראיילון"
672,"בית נקופה",0,0,0,0.00318471337579618,"ביתנקופה"
673,"כפר טרומן",0,0,0,0,"כפרטרומן"
674,"לימן",0,0,0,0,"לימן"
675,"הבונים",0,0,0,0,"הבונים"
676,"עין השלושה",0,0,0,0.00896860986547085,"עיןהשלושה"
677,"הסוללים",0,0,0,0,"הסוללים"
678,"מעגן",0,0,0,0,"מעגן"
679,"אביאל",0,0,0,0,"אביאל"
680,"אומץ",0,0,0,0,"אומץ"
681,"גבעת שמואל",0,0,8.13206473123526e-05,0,"גבעתשמואל"
682,"אליקים",0,0,0.00540540540540541,0.00232018561484919,"אליקים"
683,"גבע כרמל",0,0,0,0,"גבעכרמל"
684,"היוגב",0,0,0,0,"היוגב"
685,"בניה",0,0,0,0,"בניה"
686,"נווה ימין",0,0,0.00151745068285281,0,"נווהימין"
687,"עין איילה",0,0,0,0,"עיןאיילה"
688,"עלמה",0,0,0,0,"עלמה"
689,"מגדים",0,0,0,0.00328407224958949,"מגדים"
690,"כפר אחים",0,0,0,0,"כפראחים"
692,"שפיר",0,0,0,0,"שפיר"
693,"נתיב הל""ה",0,0,0,0,"נתיבהלה"
694,"מעגן מיכאל",0,0,0,0.000917431192660551,"מעגןמיכאל"
695,"מגן",0,0,0,0,"מגן"
696,"כפר חב""ד",0,0,0,0,"כפרחבד"
697,"בארותיים",0,0,0,0.00373134328358209,"בארותיים"
698,"בורגתה",0,0,0,0.0016025641025641,"בורגתה"
699,"ניר ישראל",0,0,0,0,"נירישראל"
700,"חצב",0,0,0,0,"חצב"
701,"ארבל",0,0,0,0,"ארבל"
702,"האון",0,0,0,0,"האון"
703,"גבעת עוז",0,0,0,0,"גבעתעוז"
705,"נחשונים",0,0,0,0,"נחשונים"
706,"גיאה",0,0,0,0,"גיאה"
707,"כפר דניאל",0,0,0,0,"כפרדניאל"
708,"עמקה",0,0,0.00611620795107034,0.00568181818181818,"עמקה"
709,"תפרח",0,0,0,0,"תפרח"
710,"בית זית",0,0,0,0.00249376558603491,"ביתזית"
711,"עזריה",0,0,0,0.00174216027874564,"עזריה"
712,"בן עמי",0,0,0,0,"בןעמי"
713,"רעים",0,0,0,0,"רעים"
714,"ארז",0,0,0,0,"ארז"
715,"להבות חביבה",0,0,0,0,"להבותחביבה"
716,"אייל",0,0,0,0,"אייל"
717,"חגור",0,0,0,0,"חגור"
718,"ירחיב",0,0,0.00229885057471264,0,"ירחיב"
719,"תל קציר",0,0,0,0,"תלקציר"
720,"ניר גלים",0,0,0,0,"נירגלים"
721,"שדה אילן",0,0,0.00355871886120996,0,"שדהאילן"
722,"מגשימים",0,0,0,0,"מגשימים"
723,"בית הגדי",0,0,0,0.00255102040816327,"ביתהגדי"
726,"הודיה",0,0,0,0,"הודיה"
727,"תלמי יחיאל",0,0,0,0,"תלמייחיאל"
729,"משמר השבעה",0,0,0,0.00204081632653061,"משמרהשבעה"
730,"אליפלט",0,0,0,0.00341296928327645,"אליפלט"
731,"מישר",0,0,0,0.00266666666666667,"מישר"
732,"משמר הירדן",0,0,0,0,"משמרהירדן"
734,"גן יאשיה",0,0,0,0,"גןיאשיה"
735,"רמות מאיר",0,0,0,0,"רמותמאיר"
736,"גילת",0,0,0,0.00149253731343284,"גילת"
737,"עולש",0,0,0.0018796992481203,0,"עולש"
738,"דור",0,0,0,0,"דור"
739,"שדה עוזיהו",0,0,0,0.00142857142857143,"שדהעוזיהו"
740,"אשתאול",0,0,0.00200803212851406,0.00182481751824818,"אשתאול"
741,"שואבה",0,0,0,0,"שואבה"
742,"מסילת ציון",0,0,0,0,"מסילתציון"
743,"כפר שמואל",0,0,0,0.00231481481481481,"כפרשמואל"
744,"תלמי יפה",0,0,0,0,"תלמייפה"
745,"גמזו",0,0,0,0,"גמזו"
746,"ברכיה",0,0,0.0111731843575419,0,"ברכיה"
747,"בית שקמה",0,0,0,0.00289855072463768,"ביתשקמה"
748,"מסלול",0,0,0,0,"מסלול"
749,"פטיש",0,0,0,0,"פטיש"
750,"פדויים",0,0,0.00552486187845304,0,"פדויים"
751,"בית מאיר",0,0,0,0,"ביתמאיר"
752,"תעוז",0,0,0,0,"תעוז"
753,"ינוב",0,0,0,0,"ינוב"
755,"גורן",0,0,0,0,"גורן"
756,"בית עזרא",0,0,0,0.00159235668789809,"ביתעזרא"
757,"מצליח",0,0,0.00469483568075117,0.00411522633744856,"מצליח"
758,"יד חנה",0,0,0,0.00255754475703325,"ידחנה"
759,"יציץ",0,0,0,0,"יציץ"
760,"בן זכאי",0,0,0,0,"בןזכאי"
761,"שובה",0,0,0.00359712230215827,0,"שובה"
762,"בטחה",0,0,0,0.0022883295194508,"בטחה"
763,"שתולים",0,0,0,0.00106157112526539,"שתולים"
764,"כפר מרדכי",0,0,0.00298507462686567,0,"כפרמרדכי"
765,"משגב דב",0,0,0,0,"משגבדב"
766,"קוממיות",0,0,0,0,"קוממיות"
767,"פורת",0,0,0,0,"פורת"
768,"כרמיה",0,0,0,0.00561797752808989,"כרמיה"
769,"ניר עציון",0,0,0,0,"נירעציון"
771,"מבוא ביתר",0,0,0,0,"מבואביתר"
772,"אמונים",0,0,0,0.00211864406779661,"אמונים"
773,"עמיקם",0,0,0,0,"עמיקם"
774,"צוריאל",0,0,0,0,"צוריאל"
775,"יד נתן",0,0,0,0,"ידנתן"
776,"מחסיה",0,0,0,0,"מחסיה"
777,"נחשון",0,0,0,0.0131578947368421,"נחשון"
778,"תרום",0,0,0,0.00244498777506112,"תרום"
779,"עמינדב",0,0,0,0.00210084033613445,"עמינדב"
780,"אורה",0,0,0,0,"אורה"
783,"אבן ספיר",0,0,0,0,"אבןספיר"
784,"בית נחמיה",0,0,0,0,"ביתנחמיה"
785,"אחיהוד",0,0,0,0,"אחיהוד"
786,"כפר זיתים",0,0,0,0.00313479623824451,"כפרזיתים"
787,"גבעת יערים",0,0,0,0.00146842878120411,"גבעתיערים"
788,"זיתן",0,0,0,0,"זיתן"
789,"רנן",0,0,0,0,"רנן"
791,"משען",0,0,0,0.00207900207900208,"משען"
792,"נתיב השיירה",0,0,0,0,"נתיבהשיירה"
793,"גבעתי",0,0,0,0.00226244343891403,"גבעתי"
794,"עגור",0,0,0,0,"עגור"
795,"יערה",0,0,0,0,"יערה"
796,"צלפון",0,0,0,0,"צלפון"
797,"אחיעזר",0,0,0,0.00117924528301887,"אחיעזר"
798,"יגל",0,0,0,0,"יגל"
799,"זכריה",0,0,0,0.00180505415162455,"זכריה"
800,"בית חנניה",0,0,0,0,"ביתחנניה"
801,"חמד",0,0,0,0,"חמד"
802,"גבעת כ""ח",0,0,0,0.00216919739696312,"גבעתכח"
803,"יושיביה",0,0,0,0,"יושיביה"
804,"אחיסמך",0,0,0,0.0029940119760479,"אחיסמך"
805,"ישעי",0,0,0,0,"ישעי"
806,"עין יהב",0,0,0,0,"עיןיהב"
807,"חניאל",0,0,0,0.00622406639004149,"חניאל"
808,"ניר אליהו",0,0,0,0,"ניראליהו"
809,"נחם",0,0,0,0,"נחם"
810,"עופר",0,0,0.0627177700348432,0,"עופר"
811,"יכיני",0,0,0,0,"יכיני"
812,"שלומי",0,0,0.000332115576220525,0.000303582270795386,"שלומי"
813,"עין יעקב",0,0,0,0,"עיןיעקב"
814,"תלמים",0,0,0,0,"תלמים"
815,"זבדיאל",0,0,0,0,"זבדיאל"
816,"זנוח",0,0,0,0.00366300366300366,"זנוח"
817,"עזריקם",0,0,0,0,"עזריקם"
818,"זרחיה",0,0,0,0,"זרחיה"
819,"אביגדור",0,0,0,0,"אביגדור"
820,"חלץ",0,0,0,0,"חלץ"
821,"אחוזם",0,0,0,0,"אחוזם"
822,"מטע",0,0,0,0,"מטע"
823,"בר גיורא",0,0,0,0,"ברגיורא"
824,"כוכב מיכאל",0,0,0,0,"כוכבמיכאל"
825,"נס הרים",0,0,0,0.00192307692307692,"נסהרים"
826,"עוזה",0,0,0,0,"עוזה"
827,"נווה מבטח",0,0,0,0,"נווהמבטח"
828,"ישרש",0,0,0,0,"ישרש"
829,"מבטחים",0,0,0,0,"מבטחים"
831,"ירוחם",0,0,0.000266453503863576,0.00024265954865324,"ירוחם"
836,"גנות",0,0,0,0,"גנות"
837,"עזריאל",0,0,0,0,"עזריאל"
838,"פדיה",0,0,0,0.00234741784037559,"פדיה"
839,"פתחיה",0,0,0,0,"פתחיה"
840,"כיסופים",0,0,0,0,"כיסופים"
841,"אלישמע",0,0,0,0,"אלישמע"
842,"געש",0,0,0,0.00221238938053097,"געש"
843,"מרגליות",0,0,0,0.0114285714285714,"מרגליות"
844,"נחל עוז",0,0,0,0,"נחלעוז"
845,"כפר עזה",0,0,0,0.00196463654223969,"כפרעזה"
846,"שפר",0,0,0.00526315789473684,0,"שפר"
848,"בית רבן",0,0,0,0,"ביתרבן"
849,"דבירה",0,0,0,0,"דבירה"
850,"אחיטוב",0,0,0.00221729490022173,0,"אחיטוב"
851,"ניצני עוז",0,0,0,0,"ניצניעוז"
852,"גונן",0,0,0,0,"גונן"
853,"גאליה",0,0,0,0.0015625,"גאליה"
854,"רחוב",0,0,0,0,"רחוב"
856,"שעלבים",0,0,0,0,"שעלבים"
857,"כפר אביב",0,0,0.00255754475703325,0,"כפראביב"
858,"נווה ירק",0,0,0.00146842878120411,0,"נווהירק"
859,"כסלון",0,0,0,0,"כסלון"
861,"שדה אליעזר",0,0,0,0.00665188470066519,"שדהאליעזר"
862,"גני יוחנן",0,0,0,0,"גנייוחנן"
863,"גינתון",0,0,0,0,"גינתון"
864,"בקוע",0,0,0.0032258064516129,0,"בקוע"
865,"שיבולים",0,0,0,0,"שיבולים"
866,"יטבתה",0,0,0,0,"יטבתה"
868,"אלוני יצחק",0,0,0,0,"אלונייצחק"
870,"גבעת השלושה",0,0,0,0,"גבעתהשלושה"
871,"עינת",0,0,0,0,"עינת"
872,"גאולי תימן",0,0,0.00529100529100529,0.00485436893203883,"גאוליתימן"
873,"שלווה",0,0,0,0.0037037037037037,"שלווה"
874,"מגדל העמק",0,0,0.000823248538733844,0.00105286906821087,"מגדלהעמק"
877,"בית חירות",0,0,0,0,"ביתחירות"
880,"עין שריד",0,0,0,0,"עיןשריד"
885,"שדה בוקר",0,0,0,0,"שדהבוקר"
888,"כפר הרי""ף",0,0,0,0,"כפרהריף"
889,"כפר חסידים ב'",0,0,0,0,"כפרחסידיםב"
892,"עבדון",0,0,0,0.00294985250737463,"עבדון"
913,"שבלי - אום אל-גנם",0,0,0.000688231245698555,0.00094921689606075,"שבליאוםאלגנם"
916,"ישע",0,0,0,0,"ישע"
917,"עצמון שגב",NA,0,0,0.00162337662337662,"עצמוןשגב"
919,"גבעת ישעיהו",0,0,0,0,"גבעתישעיהו"
921,"שער מנשה",0,0,0,0,"שערמנשה"
922,"רכסים",0,0,0.000231160425335183,0,"רכסים"
939,"מסעודין אל-עזאזמה",0,0,0.00269832703723691,0.00302000755001887,"מסעודיןאלעזאזמה"
942,"סואעד (חמרייה)",NA,0,0,0,"סואעדחמרייה"
944,"בסמת טבעון",0,0,0.00356083086053412,0.000849617672047579,"בסמתטבעון"
956,"הוזייל (שבט)",0,0,0.00523560209424084,0.00649350649350649,"הוזיילשבט"
957,"עוקבי (בנו עוקבה)",0,0,0,0,"עוקביבנועוקבה"
958,"אבו עבדון (שבט)",NA,NA,0,0,"אבועבדוןשבט"
960,"אסד (שבט)",0,0,0,0,"אסדשבט"
961,"אבו רוקייק (שבט)",0,0,0.001001001001001,0.000793021411578113,"אבורוקייקשבט"
962,"טובא-זנגריה",0,0,0.00170794192997438,0.00280898876404494,"טובאזנגריה"
963,"אעצם (שבט)",0,0,0.00563153660498793,0.00229709035222052,"אעצםשבט"
964,"קודייראת א-צאנע(ש",0,0,0,0,"קודייראתאצאנעש"
965,"אטרש (שבט)",0,0,0.00689655172413793,0.00222222222222222,"אטרששבט"
966,"אבו רובייעה (שבט)",0,0,0.00840336134453781,0.00283687943262411,"אבורובייעהשבט"
967,"אבו ג'ווייעד (שבט",0,0,0,0.00326797385620915,"אבוגווייעדשבט"
968,"אבו קורינאת (שבט)",0,0,0.00307692307692308,0.00132978723404255,"אבוקורינאתשבט"
969,"עטאוונה (שבט)",0,0,0,0,"עטאוונהשבט"
970,"תראבין א-צאנע (שב",0,0,0.010752688172043,0.00943396226415094,"תראביןאצאנעשב"
972,"קוואעין (שבט)",0,0,0,0,"קוואעיןשבט"
975,"זרזיר",0,0,0.0019588638589618,0.00223813786929275,"זרזיר"
976,"ג'נאביב (שבט)",0,0,0.00909090909090909,0.0163934426229508,"גנאביבשבט"
978,"כעביה-טבאש-חג'אג'",0,0,0.00187149095446039,0.00139958012596221,"כעביהטבאשחגאג"
986,"ח'ואלד (שבט)",0,0,0,0,"חואלדשבט"
990,"ראס עלי",0,0,0.0112994350282486,0,"ראסעלי"
993,"חמאם",0,0,0,0,"חמאם"
994,"מנשית זבדה",0,0,0,0,"מנשיתזבדה"
997,"רומת הייב",0,0,0,0,"רומתהייב"
998,"ביר אל-מכסור",0,0,0.00222518914107699,0.000748502994011976,"ביראלמכסור"
1015,"מבשרת ציון",0,0,0.000381213784690454,0.000215115445288972,"מבשרתציון"
1020,"אור עקיבא",0,0,0.00068662455369404,0.000539083557951483,"אורעקיבא"
1024,"חרוצים",0,0,0,0,"חרוצים"
1031,"שדרות",0,0,0.00130321459600348,0.000928763815361753,"שדרות"
1034,"קרית מלאכי",0,0,0.000837433267036533,0.0011171104077453,"קריתמלאכי"
1041,"נצאצרה (שבט)",0,0,0,0.00680272108843537,"נצאצרהשבט"
1043,"גיזו",0,0,0,0,"גיזו"
1044,"יעף",NA,NA,0,0,"יעף"
1045,"שתולה",0,0,0,0,"שתולה"
1046,"אוהד",0,0,0,0,"אוהד"
1047,"חזון",0,0,0,0,"חזון"
1050,"בית חשמונאי",0,0,0,0.000923361034164358,"ביתחשמונאי"
1051,"תלמי אליהו",0,0,0,0,"תלמיאליהו"
1052,"קטורה",0,0,0,0,"קטורה"
1054,"תל שבע",0,0,0.00100671140939597,0.000832870627429206,"תלשבע"
1057,"נווה זוהר",0,NA,0,0,"נווהזוהר"
1058,"שדה ניצן",0,0,0,0,"שדהניצן"
1059,"כסיפה",0,0,0.00167168171180207,0.00156592546194801,"כסיפה"
1060,"לקיה",0,0,0.000595415302173266,0.000754716981132075,"לקיה"
1061,"נצרת עילית",0,0,0.0010337189269013,0.000678303337252419,"נצרתעילית"
1063,"מעלות-תרשיחא",0,0,0.00115185256287195,0.00138372394707256,"מעלותתרשיחא"
1064,"אמירים",0,0,0,0,"אמירים"
1065,"זמרת",0,0,0,0,"זמרת"
1066,"בני עי""ש",0,0,0.00138850319355735,0.000251762336354481,"בניעיש"
1067,"דוב""ב",0,0,0,0,"דובב"
1068,"אדמית",0,0,0,0,"אדמית"
1069,"רם-און",0,0,0,0,"רםאון"
1070,"אביעזר",0,0,0,0,"אביעזר"
1071,"נווה מיכאל",0,0,0,0,"נווהמיכאל"
1072,"גן הדרום",0,0,0,0,"גןהדרום"
1077,"גבעת שפירא",0,0,0,0,"גבעתשפירא"
1079,"צפרירים",0,0,0.00595238095238095,0.00980392156862745,"צפרירים"
1080,"מבועים",0,0,0,0.00163934426229508,"מבועים"
1081,"אבן מנחם",0,0,0,0,"אבןמנחם"
1082,"מעגלים",0,0,0,0,"מעגלים"
1083,"תושיה",0,0,0.00555555555555556,0,"תושיה"
1084,"בן שמן (כפר נוער)",0,0,0,0,"בןשמןכפרנוער"
1085,"כרם שלום",0,0,0,0,"כרםשלום"
1094,"כרם יבנה (ישיבה)",0,0,0,0,"כרםיבנהישיבה"
1095,"כפר מימון",0,0,0,0,"כפרמימון"
1098,"מרכז שפירא",0,0,0,0,"מרכזשפירא"
1102,"צוקי ים",0,0,0,0,"צוקיים"
1103,"גני הדר",0,0,0,0,"גניהדר"
1104,"פוריה - כפר עבודה",0,0,0,0,"פוריהכפרעבודה"
1105,"פוריה - נווה עובד",0,0,0,0,"פוריהנווהעובד"
1108,"אומן",0,0,0,0,"אומן"
1110,"חבר",0,0,0,0,"חבר"
1112,"יודפת",0,0,0,0,"יודפת"
1113,"צור הדסה",0,0,0,0,"צורהדסה"
1114,"שריגים (לי-און)",0,0,0,0,"שריגיםליאון"
1115,"אביבים",0,0,0,0,"אביבים"
1123,"אדרת",0,0,0,0,"אדרת"
1124,"נאות הכיכר",0,0,0,0,"נאותהכיכר"
1125,"אלמגור",0,0,0,0,"אלמגור"
1126,"אילות",0,0,0,0,"אילות"
1127,"מעלה גלבוע",0,0,0,0,"מעלהגלבוע"
1128,"מי עמי",0,0,0.00546448087431694,0,"מיעמי"
1129,"גרופית",0,0,0,0.00540540540540541,"גרופית"
1130,"כפר רוזנואלד (זרע",0,0,0,0,"כפררוזנואלדזרע"
1132,"שניר",0,0,0,0.00334448160535117,"שניר"
1133,"ורדון",0,0,0,0,"ורדון"
1136,"צוחר",0,0,0,0,"צוחר"
1137,"קרית יערים",0,0,0.000616903146206046,0.00166666666666667,"קריתיערים"
1138,"יעד",0,0,0,0,"יעד"
1139,"כרמיאל",0,0,0.000610287707061901,0.00044485784769685,"כרמיאל"
1140,"מדרשת בן גוריון",0,0,0,0.00136425648021828,"מדרשתבןגוריון"
1141,"מבוא מודיעים",0,0,0,0,"מבואמודיעים"
1145,"אלומה",0,0,0,0,"אלומה"
1146,"עלומים",0,0,0,0,"עלומים"
1147,"נטועה",0,0,0,0.00552486187845304,"נטועה"
1148,"צור נתן",0,0,0,0,"צורנתן"
1149,"עזר",0,0,0,0.00201207243460765,"עזר"
1150,"צופר",0,0,0,0,"צופר"
1151,"פארן",0,0,0,0,"פארן"
1152,"אשלים",0,0,0,0,"אשלים"
1153,"כישור",NA,NA,0,0,"כישור"
1155,"מגן שאול",0,0,0,0,"מגןשאול"
1156,"סמר",0,0,0,0,"סמר"
1157,"אחווה",0,0,0,0,"אחווה"
1158,"יהל",0,0,0,0.00980392156862745,"יהל"
1160,"שכניה",0,0,0,0,"שכניה"
1161,"רהט",0,0,0.00143482857574385,0.00170547720564119,"רהט"
1162,"בית רימון",0,0,0,0,"ביתרימון"
1163,"מורן",0,0,0,0,"מורן"
1165,"שילת",0,0,0,0,"שילת"
1166,"כפר רות",0,0,0,0,"כפררות"
1167,"קיסריה",0,0,0,0.000351123595505618,"קיסריה"
1169,"הוואשלה (שבט)",0,0,0.00223713646532438,0,"הוואשלהשבט"
1170,"סייד (שבט)",0,0,0,0,"סיידשבט"
1171,"לוטם",0,0,0,0,"לוטם"
1172,"תובל",0,0,0,0,"תובל"
1173,"לפידות",0,0,0,0,"לפידות"
1174,"מנוף",0,0,0,0,"מנוף"
1175,"עידן",0,0,0,0,"עידן"
1176,"ספיר",0,0,0,0,"ספיר"
1177,"טללים",0,0,0,0,"טללים"
1178,"מורשת",0,0,0,0,"מורשת"
1179,"קורנית",0,0,0,0,"קורנית"
1180,"צביה",0,0,0,0,"צביה"
1181,"טל-אל",0,0,0,0.00164473684210526,"טלאל"
1182,"אלון הגליל",0,0,0,0,"אלוןהגליל"
1183,"כליל",0,0,0,0,"כליל"
1184,"מתת",0,0,0,0,"מתת"
1186,"הושעיה",0,0,0,0.00107066381156317,"הושעיה"
1188,"אשחר",0,0,0,0,"אשחר"
1190,"מצפה נטופה",0,0,0,0.00227790432801822,"מצפהנטופה"
1191,"בר יוחאי",0,0,0.0114068441064639,0.00297619047619048,"בריוחאי"
1192,"ערערה-בנגב",0,0,0,0.000540394487976223,"ערערהבנגב"
1197,"נאות סמדר",0,0,0,0,"נאותסמדר"
1198,"כרמים",NA,NA,0,0,"כרמים"
1199,"עדי",0,0,0,0.00277264325323475,"עדי"
1200,"מודיעין-מכבים-רעו",0,0,0.000125143915502828,0.000479123887748118,"מודיעיןמכביםרעו"
1201,"כמון",0,0,0,0,"כמון"
1202,"מכמנים",0,0,0,0,"מכמנים"
1203,"הררית",0,0,0,0,"הררית"
1204,"גילון",0,0,0,0,"גילון"
1205,"מנות",0,0,0,0,"מנות"
1206,"גיתה",0,0,0,0,"גיתה"
1207,"לבון",0,0,0,0,"לבון"
1208,"הילה",0,0,0,0.00292397660818713,"הילה"
1209,"חרשים",0,0,0,0,"חרשים"
1210,"כחל",0,0,0,0,"כחל"
1211,"קדרים",NA,NA,0,0,"קדרים"
1212,"עמוקה",0,0,0,0,"עמוקה"
1214,"טפחות",0,0,0,0,"טפחות"
1219,"גורנות הגליל",0,0,0,0,"גורנותהגליל"
1220,"אבירים",0,0,0,0,"אבירים"
1221,"צורית",0,0,0,0,"צורית"
1222,"מצפה אבי""ב",0,0,0,0,"מצפהאביב"
1223,"שדי אברהם",0,0,0,0,"שדיאברהם"
1224,"כוכב יאיר",0,0,0.000334672021419009,0.000164609053497942,"כוכביאיר"
1226,"יובלים",0,0,0,0,"יובלים"
1227,"יתד",0,0,0,0,"יתד"
1228,"רקפת",0,0,0,0,"רקפת"
1229,"כלנית",0,0,0,0,"כלנית"
1230,"לבנים",0,0,0,0,"לבנים"
1231,"פרי גן",0,0,0,0,"פריגן"
1232,"יבול",0,0,0,0,"יבול"
1233,"שקף",0,0,0,0,"שקף"
1234,"קבועה (שבט)",0,0,0.00606060606060606,0.00492610837438424,"קבועהשבט"
1235,"שורשים",0,0,0,0,"שורשים"
1236,"נירית",0,0,0,0,"נירית"
1237,"תלמי יוסף",0,0,0,0,"תלמייוסף"
1238,"סופה",0,0,0,0,"סופה"
1239,"חולית",NA,0,0,0,"חולית"
1240,"עין הבשור",0,0,0,0.00193798449612403,"עיןהבשור"
1241,"דקל",0,0,0,0,"דקל"
1242,"נתיב העשרה",0,0,0,0,"נתיבהעשרה"
1243,"קציר",NA,NA,0,0,"קציר"
1244,"תמרת",0,0,0,0.00103842159916926,"תמרת"
1245,"סלמה",0,0,0,0.00099304865938431,"סלמה"
1246,"עראמשה",0,0,0.00427350427350427,0,"עראמשה"
1247,"חריש",NA,0,0.0300751879699248,0.0217917675544794,"חריש"
1249,"הרדוף",0,0,0,0,"הרדוף"
1251,"עין תמר",NA,0,0,0,"עיןתמר"
1252,"כורזים",0,0,0,0,"כורזים"
1253,"אמנון",0,0,0,0.00598802395209581,"אמנון"
1254,"נטף",0,0,0,0,"נטף"
1255,"לוטן",0,0,0,0,"לוטן"
1256,"אשרת",0,0,0,0,"אשרת"
1257,"חנתון",NA,0,0,0,"חנתון"
1258,"מסד",0,0,0,0,"מסד"
1259,"נווה שלום",0,0,0,0,"נווהשלום"
1260,"רתמים",NA,NA,0,0,"רתמים"
1261,"הר עמשא",NA,NA,0,0,"הרעמשא"
1262,"צוקים",NA,NA,0,0,"צוקים"
1263,"כפר ורדים",0,0,0.00121028744326778,0.000305343511450382,"כפרורדים"
1264,"כרמי יוסף",0,0,0,0,"כרמייוסף"
1265,"שומריה",NA,0,0,0,"שומריה"
1268,"מיתר",0,0,0,0,"מיתר"
1271,"להבים",0,0,0.000286615075952995,0.000809935205183585,"להבים"
1272,"חלוץ",0,0,0,0,"חלוץ"
1274,"גן נר",0,0,0,0.000713266761768902,"גןנר"
1275,"אבטליון",0,0,0,0,"אבטליון"
1280,"ניצני סיני",NA,0,0,0,"ניצניסיני"
1282,"מירב",0,0,0,0,"מירב"
1283,"תל תאומים",0,0,0,0,"תלתאומים"
1284,"נופית",0,0,0,0,"נופית"
1285,"כרכום",0,0,0,0,"כרכום"
1286,"שגב-שלום",0,0,0,0.00260281103591879,"שגבשלום"
1287,"שני",0,0,0,0.00454545454545455,"שני"
1288,"גבעת אלה",0,0,0,0,"גבעתאלה"
1290,"זמר",0,0,0,0.000778816199376947,"זמר"
1291,"כמהין",NA,NA,0,0,"כמהין"
1292,"ג'דיידה-מכר",0,0,0.000316255534471853,0.000580855018587361,"גדיידהמכר"
1293,"גבעת אבני",0,0,0,0.000835421888053467,"גבעתאבני"
1294,"אור הגנוז",0,0,0,0,"אורהגנוז"
1295,"יאנוח-ג'ת",0,0,0.000462107208872458,0.000933706816059757,"יאנוחגת"
1296,"כסרא-סמיע",0,0,0.000293513354857646,0.000312304809494066,"כסראסמיע"
1297,"כפר חנניה",0,0,0,0,"כפרחנניה"
1303,"חורה",0,0,0.00252143217347453,0.00097911227154047,"חורה"
1304,"שוהם",0,0,0,0.000359389038634322,"שוהם"
1309,"אלעד",0,0,0.000489476260401371,0.000672178530617732,"אלעד"
1310,"לפיד",0,0,0,0,"לפיד"
1311,"אבשלום",0,0,0,0,"אבשלום"
1313,"פוריה עילית",0,0,0,0,"פוריהעילית"
1314,"נווה זיו",0,0,0,0,"נווהזיו"
1315,"מתן",0,0,0,0.000548245614035088,"מתן"
1316,"אל-עריאן",NA,NA,0,0,"אלעריאן"
1317,"דמיידה",0,0,0,0,"דמיידה"
1319,"בת חפר",0,0,0,0,"בתחפר"
1320,"עין חוד",NA,0,0,0,"עיןחוד"
1321,"ח'ואלד",0,0,0,0,"חואלד"
1323,"בת הדר",0,0,0,0,"בתהדר"
1326,"בסמ""ה",0,0,0,0.000560852495793606,"בסמה"
1327,"מעלה עירון",0,0,0.000252525252525253,0,"מעלהעירון"
1330,"אחוזת ברק",0,0,0,0.000859106529209622,"אחוזתברק"
1331,"כמאנה",0,0,0.00231481481481481,0,"כמאנה"
1332,"חוסנייה",0,0,0,0,"חוסנייה"
1333,"נוף איילון",0,0,0,0,"נוףאיילון"
1334,"ראס אל-עין",0,0,0,0.0072463768115942,"ראסאלעין"
1335,"ערב אל נעים",NA,0,0.0133928571428571,0,"ערבאלנעים"
1337,"שמשית",0,0,0,0,"שמשית"
1338,"כדיתה",NA,NA,0,0,"כדיתה"
1342,"אבו קרינאת (יישוב",NA,NA,0,0,"אבוקרינאתיישוב"
1343,"מכחול",NA,NA,0,0,"מכחול"
1344,"גבעות בר",NA,0,0,0,"גבעותבר"
1345,"צור יצחק",NA,0,0,0,"צוריצחק"
1346,"תראבין א-צאנע(ישו",NA,NA,0,0,"תראביןאצאנעישו"
1347,"קצר א-סר",0,0,0,0,"קצראסר"
1348,"ביר הדאג'",NA,0,0.0028328611898017,0,"בירהדאג"
1349,"דריג'את",0,0,0,0.00701754385964912,"דריגאת"
1358,"אום בטין",0,0,0,0.00509337860780985,"אוםבטין"
1359,"אל סייד",NA,0,0,0,"אלסייד"
1361,"בת חן",NA,0,0,0,"בתחן"
1363,"בני נצרים",NA,NA,0,0,"בנינצרים"
1366,"נווה",NA,NA,0,0,"נווה"
1370,"מצפה אילן",NA,NA,0,0,"מצפהאילן"
1412,"מחנה תל נוף",0,0,0,0,"מחנהתלנוף"
1414,"מחנה מרים",NA,NA,0,0,"מחנהמרים"
1415,"מחנה יפה",0,0,0,0,"מחנהיפה"
1416,"מחנה יוכבד",NA,0,0,0,"מחנהיוכבד"
1417,"מחנה עדי",NA,NA,0,0,"מחנהעדי"
1418,"מחנה טלי",0,0,0,0,"מחנהטלי"
1419,"ניצן ב'",NA,0,0,0.00103734439834025,"ניצןב"
2002,"תנובות",0,0,0,0,"תנובות"
2003,"תלמי אלעזר",0,0,0,0,"תלמיאלעזר"
2008,"שדה יצחק",0,0,0,0,"שדהיצחק"
2009,"יובל",0,0,0,0.00564971751412429,"יובל"
2010,"כפר בן נון",0,0,0,0.0026246719160105,"כפרבןנון"
2011,"ינון",0,0,0.00404858299595142,0,"ינון"
2012,"אורות",0,0,0,0,"אורות"
2013,"בן שמן (מושב)",0,0,0,0,"בןשמןמושב"
2014,"גבעולים",0,0,0,0.00471698113207547,"גבעולים"
2015,"שדי חמד",0,0,0,0,"שדיחמד"
2016,"רוויה",0,0,0,0,"רוויה"
2018,"גבעת חיים (איחוד)",0,0,0,0.00144717800289436,"גבעתחייםאיחוד"
2021,"אשל הנשיא",0,0,0,0,"אשלהנשיא"
2023,"להב",0,0,0,0,"להב"
2024,"אום אל-קוטוף",0,0,0,0,"אוםאלקוטוף"
2026,"ירדנה",0,0,0,0,"ירדנה"
2029,"מדרך עוז",0,0,0,0,"מדרךעוז"
2030,"מנוחה",0,0,0,0,"מנוחה"
2033,"בית חלקיה",0,0,0,0,"ביתחלקיה"
2034,"חצור הגלילית",0,0,0.001584427342689,0.00102606197414324,"חצורהגלילית"
2035,"עדנים",0,0,0,0,"עדנים"
2038,"ברקת",0,0,0,0,"ברקת"
2042,"עין גדי",0,0,0,0,"עיןגדי"
2043,"בחן",0,0,0,0,"בחן"
2044,"מלילות",0,0,0,0.00584795321637427,"מלילות"
2045,"נחלה",0,0,0,0,"נחלה"
2046,"סגולה",0,0,0,0,"סגולה"
2047,"ניר משה",0,0,0,0.00357142857142857,"נירמשה"
2048,"ניר עקיבא",0,0,0,0,"נירעקיבא"
2049,"שדה צבי",0,0,0,0,"שדהצבי"
2050,"תלמי ביל""ו",0,0,0,0,"תלמיבילו"
2051,"רווחה",0,0,0,0,"רווחה"
2052,"אביטל",0,0,0,0,"אביטל"
2053,"פרזון",0,0,0,0,"פרזון"
2054,"מיטב",0,0,0,0,"מיטב"
2055,"מאור",0,0,0,0,"מאור"
2057,"שדי תרומות",0,0,0,0.012987012987013,"שדיתרומות"
2059,"פעמי תש""ז",0,0,0,0,"פעמיתשז"
2060,"ברוש",0,0,0,0,"ברוש"
2061,"תדהר",0,0,0,0.0043859649122807,"תדהר"
2062,"תאשור",0,0,0,0,"תאשור"
2063,"דישון",0,0,0,0,"דישון"
2064,"זרועה",0,0,0,0,"זרועה"
2100,"טירת כרמל",0,0,0.000521866193507985,0.00132362673726009,"טירתכרמל"
2200,"דימונה",0,0,0.00151285930408472,0.000993110297312395,"דימונה"
2300,"קרית טבעון",0,0,0.000764359030355973,0.000316890250343298,"קריתטבעון"
2400,"אור יהודה",0,0,0.000436981084961608,0.000215982721382289,"אוריהודה"
2500,"נשר",0,0,0.000930389917956525,0.000545638787122925,"נשר"
2530,"באר יעקב",0,0,0.00131810193321617,0.00023696682464455,"באריעקב"
2550,"גדרה",0,0,0.00056274620146314,0.000679463224052998,"גדרה"
2560,"ערד",0,0,0.00175932441942294,0.000650565178498821,"ערד"
2600,"אילת",0,0,0.000827857401562581,0.000744666871085023,"אילת"
2610,"בית שמש",0,0,0.000540668401311121,0.000295176810909735,"ביתשמש"
2620,"קרית אונו",0,0,0.00021375514348314,0.000684462696783025,"קריתאונו"
2630,"קרית גת",0,0,0.000741645580664864,0.000792961522486123,"קריתגת"
2640,"ראש העין",0,0,0.00104746940913203,0.000422225975342003,"ראשהעין"
2650,"רמת השרון",0,0,0.000117596330994473,0.000563168762905951,"רמתהשרון"
2660,"יבנה",0,0,0.000340928461844423,0.000548070335693081,"יבנה"
2710,"אום אל-פחם",0,0,0.000252461499621308,0.000147630529993603,"אוםאלפחם"
2720,"טירה",0,0,0.000913346272405526,0.000344500904314874,"טירה"
2730,"טייבה",0,0,0.000362765725894218,0.000166991372112441,"טייבה"
2800,"קרית שמונה",0,0,0.000506175339137477,0.00088999644001424,"קריתשמונה"
3000,"ירושלים",0,0,0.00033175886107183,0.000579741936494755,"ירושלים"
3400,"חברון",0,0,0,0,"חברון"
3488,"כפר עציון",0,0,0,0,"כפרעציון"
3555,"נתיב הגדוד",0,0,0.0123456790123457,0,"נתיבהגדוד"
3556,"אלמוג",0,0,0,0,"אלמוג"
3557,"קדומים",0,0,0.00101936799184506,0.00097799511002445,"קדומים"
3558,"תומר",0,0,0,0,"תומר"
3560,"אלקנה",0,0,0.000485201358563804,0,"אלקנה"
3561,"מגדל עוז",0,0,0,0,"מגדלעוז"
3563,"תקוע",0,0,0.000887311446317658,0,"תקוע"
3564,"כוכב השחר",0,0,0,0,"כוכבהשחר"
3565,"רימונים",0,0,0,0,"רימונים"
3566,"יפית",0,0,0,0,"יפית"
3567,"סלעית",0,0,0,0,"סלעית"
3568,"ריחן",0,0,0,0.0101010101010101,"ריחן"
3569,"מבוא דותן",0,0,0.00735294117647059,0,"מבואדותן"
3570,"אריאל",0,0,0.000220580125730672,0.000617474529175672,"אריאל"
3571,"שבי שומרון",0,0,0.0026246719160105,0,"שבישומרון"
3572,"כפר תפוח",0,0,0,0,"כפרתפוח"
3573,"חלמיש",0,0,0,0,"חלמיש"
3574,"בית אל",0,0,0.000376931775348662,0.000366837857666911,"ביתאל"
3575,"בית חורון",0,0,0.00171232876712329,0,"ביתחורון"
3576,"מצפה יריחו",0,0,0.00110253583241455,0.00202634245187437,"מצפהיריחו"
3578,"שדמות מחולה",0,0,0,0,"שדמותמחולה"
3579,"אלון מורה",0,0,0,0,"אלוןמורה"
3598,"ארגמן",0,0,0,0.0114942528735632,"ארגמן"
3599,"מחולה",0,0,0,0,"מחולה"
3601,"קליה",0,0,0,0,"קליה"
3602,"ראש צורים",0,0,0,0,"ראשצורים"
3603,"הר גילה",0,0,0,0,"הרגילה"
3604,"אלון שבות",0,0,0.00129282482223659,0.000602772754671489,"אלוןשבות"
3605,"משואה",0,0,0,0,"משואה"
3606,"גלגל",0,0,0,0,"גלגל"
3607,"ייט""ב",0,0,0,0,"ייטב"
3608,"מעלה אפרים",0,0,0.00851788756388416,0,"מעלהאפרים"
3609,"חמרה",0,0,0,0,"חמרה"
3610,"מצפה שלם",0,0,0.00961538461538462,0,"מצפהשלם"
3611,"קרית ארבע",0,0,0.00161498708010336,0.000301295570955107,"קריתארבע"
3612,"בקעות",0,0,0,0,"בקעות"
3613,"גיתית",0,0,0,0,"גיתית"
3614,"מכורה",0,0,0,0,"מכורה"
3615,"פצאל",0,0,0,0,"פצאל"
3616,"מעלה אדומים",0,0,0.000443237852512605,0.000755287009063444,"מעלהאדומים"
3617,"עופרה",0,0,0,0,"עופרה"
3618,"אלעזר",0,0,0.00101626016260163,0,"אלעזר"
3619,"רועי",0,0,0,0,"רועי"
3620,"נירן",0,0,0,0,"נירן"
3637,"מעלה שומרון",0,0,0,0,"מעלהשומרון"
3638,"כפר אדומים",0,0,0.000672043010752688,0.000594883997620464,"כפראדומים"
3639,"ורד יריחו",0,0,0,0,"ורדיריחו"
3640,"קרני שומרון",0,0,0.000287604256542997,0.000546149645002731,"קרנישומרון"
3641,"שילה",0,0,0.00175284837861525,0,"שילה"
3643,"חיננית",0,0,0.00437636761487965,0,"חיננית"
3644,"גבעון החדשה",0,0,0,0.00133511348464619,"גבעוןהחדשה"
3645,"בית הערבה",0,0,0,0,"ביתהערבה"
3647,"יקיר",0,0,0,0,"יקיר"
3648,"מתתיהו",0,0,0,0,"מתתיהו"
3649,"שקד",0,0,0,0,"שקד"
3650,"אפרת",NA,0,0.000456829602558246,0.000218866272707376,"אפרת"
3651,"מעלה מכמש",0,0,0.00162337662337662,0,"מעלהמכמש"
3652,"בית אריה",0,0,0,0.000415973377703827,"ביתאריה"
3653,"מעלה עמוס",0,0,0,0,"מעלהעמוס"
3654,"ברקן",0,0,0,0,"ברקן"
3655,"ניל""י",0,0,0,0.00149476831091181,"נילי"
3656,"כרמל",0,0,0,0,"כרמל"
3657,"מעון",0,0,0.00588235294117647,0,"מעון"
3658,"עטרת",0,0,0,0,"עטרת"
3659,"פסגות",0,0,0,0,"פסגות"
3660,"עמנואל",0,0,0.00384615384615385,0.0036231884057971,"עמנואל"
3709,"מבוא חורון",0,0,0,0,"מבואחורון"
3710,"ברכה",0,0,0.0028328611898017,0,"ברכה"
3712,"ענב",0,0,0.00558659217877095,0,"ענב"
3713,"נעמ""ה",NA,0,0,0,"נעמה"
3715,"עלמון",0,0,0,0,"עלמון"
3717,"חרמש",0,0,0,0,"חרמש"
3719,"תלם",0,0,0,0,"תלם"
3720,"שערי תקווה",0,0,0.000795544948289578,0.000703729767769177,"שעריתקווה"
3722,"אשכולות",0,0,0,0,"אשכולות"
3723,"פני חבר",0,0,0,0.00602409638554217,"פניחבר"
3725,"נווה דניאל",0,0,0,0,"נווהדניאל"
3726,"נוקדים",0,0,0,0,"נוקדים"
3727,"עלי זהב",0,0,0.00719424460431655,0,"עליזהב"
3730,"גבעת זאב",0,0,0.000145074713477441,0.000256344527044348,"גבעתזאב"
3743,"טנא",0,0,0,0,"טנא"
3744,"ברוכין",NA,NA,0,0,"ברוכין"
3745,"מצדות יהודה",0,0,0,0,"מצדותיהודה"
3746,"קרית נטפים",0,0,0,0,"קריתנטפים"
3747,"דולב",0,0,0,0,"דולב"
3748,"עתניאל",0,0,0.00333333333333333,0,"עתניאל"
3749,"יצהר",0,0,0,0,"יצהר"
3750,"אלפי מנשה",0,0,0.000246913580246914,0.000236016049091338,"אלפימנשה"
3751,"מגדלים",0,0,0,0,"מגדלים"
3752,"מעלה לבונה",0,0,0.00383141762452107,0,"מעלהלבונה"
3754,"אספר",0,0,0.00581395348837209,0,"אספר"
3756,"סוסיה",0,0,0,0,"סוסיה"
3759,"אדורה",0,0,0,0,"אדורה"
3760,"אורנית",0,0,0,0.000860030101053537,"אורנית"
3762,"איתמר",0,0,0.00286532951289398,0,"איתמר"
3763,"גבע בנימין",0,0,0,0.000462748727441,"גבעבנימין"
3764,"חגי",0,0,0,0.00444444444444444,"חגי"
3765,"עלי",0,0,0,0,"עלי"
3766,"כרמי צור",0,0,0.00261096605744125,0,"כרמיצור"
3767,"נחליאל",0,0,0,0,"נחליאל"
3768,"פדואל",0,0,0.00169779286926995,0,"פדואל"
3769,"הר אדר",0,0,0.000498504486540379,0,"הראדר"
3770,"חשמונאים",0,0,0,0,"חשמונאים"
3778,"עץ אפרים",0,0,0,0.0012453300124533,"עץאפרים"
3779,"כוכב יעקב",0,0,0.000407166123778502,0.000745156482861401,"כוכביעקב"
3780,"ביתר עילית",0,0,0.000285775523326427,0.000438157235853781,"ביתרעילית"
3781,"קדר",0,0,0,0,"קדר"
3784,"שמעה",0,0,0,0,"שמעה"
3787,"נעלה",0,0,0,0,"נעלה"
3788,"טלמון",0,0,0.00173460537727667,0,"טלמון"
3790,"נופים",0,0,0,0.00323624595469256,"נופים"
3791,"צופים",0,0,0,0.00108342361863489,"צופים"
3793,"אבני חפץ",0,0,0,0.00136425648021828,"אבניחפץ"
3794,"בת עין",0,0,0.00869565217391304,0.00381679389312977,"בתעין"
3795,"רבבה",0,0,0.00172117039586919,0,"רבבה"
3796,"כפר האורנים",0,0,0,0,"כפרהאורנים"
3797,"מודיעין עילית",0,0,0.000318066157760814,0.00120809423135005,"מודיעיןעילית"
4000,"חיפה",0,0,0.000487934387175936,0.000581706338593207,"חיפה"
4001,"בוקעאתא",0,0,0,0,"בוקעאתא"
4002,"אלי-עד",0,0,0,0,"אליעד"
4003,"אל-רום",0,0,0,0,"אלרום"
4004,"כפר חרוב",0,0,0,0,"כפרחרוב"
4005,"חספין",0,0,0,0,"חספין"
4006,"קשת",0,0,0,0,"קשת"
4007,"יונתן",0,0,0.004739336492891,0,"יונתן"
4008,"מעלה גמלא",0,0,0,0,"מעלהגמלא"
4009,"שעל",0,0,0,0,"שעל"
4010,"אודם",0,0,0,0,"אודם"
4011,"אבני איתן",0,0,0,0,"אבניאיתן"
4012,"אניעם",0,0,0,0,"אניעם"
4013,"אורטל",0,0,0,0,"אורטל"
4014,"נטור",NA,NA,0,0,"נטור"
4015,"בני יהודה",0,0,0,0.00161550888529887,"בנייהודה"
4017,"אלוני הבשן",0,0,0,0,"אלוניהבשן"
4021,"גבעת יואב",0,0,0,0,"גבעתיואב"
4022,"גשור",0,0,0,0,"גשור"
4024,"קלע",NA,0,0,0,"קלע"
4025,"קדמת צבי",0,0,0,0,"קדמתצבי"
4026,"חד-נס",0,0,0,0,"חדנס"
4028,"כנף",0,0,0,0,"כנף"
4100,"קצרין",0,0,0.00158227848101266,0.000570125427594071,"קצרין"
4101,"מרום גולן",0,0,0,0,"מרוםגולן"
4201,"מג'דל שמס",0,0,0,0,"מגדלשמס"
4203,"מסעדה",0,0,0,0,"מסעדה"
4204,"מבוא חמה",0,0,0,0,"מבואחמה"
4301,"אפיק",0,0,0,0,"אפיק"
4303,"נווה אטי""ב",0,0,0,0,"נווהאטיב"
4304,"נוב",0,0,0.00284900284900285,0.00526315789473684,"נוב"
4501,"ע'ג'ר",0,0,0.00793650793650794,0.00292397660818713,"עגר"
4503,"עין זיוון",0,0,0,0,"עיןזיוון"
4551,"נאות גולן",0,0,0,0,"נאותגולן"
4701,"רמת מגשימים",0,0,0,0,"רמתמגשימים"
4702,"רמות",0,0,0,0.00308641975308642,"רמות"
5000,"תל אביב - יפו",0,0,0.000428744676420268,0.000474468614283801,"תלאביביפו"
6000,"באקה אל-גרביה",NA,0,0.000615289955391478,0.00039912193175015,"באקהאלגרביה"
6100,"בני ברק",0,0,0.000159687013453631,0.000457892929370016,"בניברק"
6200,"בת ים",0,0,0.000828642901813634,0.000762418626473521,"בתים"
6300,"גבעתיים",0,0,0.000465202828433197,0.000179179358537896,"גבעתיים"
6400,"הרצליה",0,0,0.00041210408571765,0.000707885471582124,"הרצליה"
6500,"חדרה",0,0,0.000648037741718078,0.000558958994768144,"חדרה"
6600,"חולון",0,0,0.000493308167467399,0.000607461984637091,"חולון"
6700,"טבריה",0,0,0.000790737079920926,0.000741876452841387,"טבריה"
6800,"קרית אתא",0,0,0.000838670326319,0.000573955906681522,"קריתאתא"
6900,"כפר סבא",0,0,0.000658162178903966,0.000584308656621279,"כפרסבא"
7000,"לוד",0,0,0.000563201802245767,0.00062664494297531,"לוד"
7100,"אשקלון",0,0,0.00115742867116165,0.000715129656115913,"אשקלון"
7200,"נס ציונה",0,0,0.000608842263019858,0.000417571404710205,"נסציונה"
7300,"נצרת",0,0,0.000324851109907959,0.0002777863514306,"נצרת"
7400,"נתניה",0,0,0.000679655641141822,0.000597337581067243,"נתניה"
7500,"סח'נין",0,0,0.000150966183574879,6.58674746410223e-05,"סחנין"
7600,"עכו",0,0,0.00155535224153705,0.000544133079404563,"עכו"
7700,"עפולה",0,0,0.0011930698205208,0.000785751702462022,"עפולה"
7800,"פרדס חנה-כרכור",0,0,0.0011615111871867,0.000740662363771029,"פרדסחנהכרכור"
7900,"פתח תקווה",0,0,0.000656510243358455,0.000522466039707419,"פתחתקווה"
8000,"צפת",0,0,0.000950193997941246,0.00156128024980484,"צפת"
8200,"קרית מוצקין",0,0,0.000455746969282654,0.000495192506086741,"קריתמוצקין"
8300,"ראשון לציון",0,0,0.000518568750249312,0.000493432987446484,"ראשוןלציון"
8400,"רחובות",0,0,0.000434453795034354,0.000648583206018852,"רחובות"
8500,"רמלה",0,0,0.000580614725840984,0.00143412010755901,"רמלה"
8600,"רמת גן",0,0,0.000374148811453942,0.000493386274463736,"רמתגן"
8700,"רעננה",0,0,0.000364493475566787,0.000350123710377667,"רעננה"
8800,"שפרעם",0,0,0.0005433517037957,0.000532445923460898,"שפרעם"
8900,"טמרה",0,0,0.000309405940594059,0.000314248004525171,"טמרה"
9000,"באר שבע",0,0,0.00128488161568023,0.00089549473510854,"בארשבע"
9100,"נהריה",0,0,0.00084088914887394,0.000556647020301244,"נהריה"
9200,"בית שאן",0,0,0.000240615976900866,0.00118139834604232,"ביתשאן"
9300,"זכרון יעקב",0,0,0,0.000257135510413988,"זכרוןיעקב"
9400,"יהוד-מונוסון",NA,0,0.00109282591925945,0.000963043216564343,"יהודמונוסון"
9500,"קרית ביאליק",0,0,0.000868977503137974,0.000616061606160616,"קריתביאליק"
9600,"קרית ים",0,0,0.000996277069896702,0.000712149266486256,"קריתים"
9700,"הוד השרון",0,0,0.000398247710075667,0.000294079205332636,"הודהשרון"
9800,"בנימינה-גבעת עדה",0,0,0.000461680517082179,0.000717257208434945,"בנימינהגבעתעדה"
