"SEMEL_YISHUV","locality","X2006","X2009","X2013","X2015","X2019","X2019_2","X2020","X2021","X2022","loc","distance","SHEM_YISHUV"
13,"חצבה",0.124161073825503,0.104234527687296,0.104347826086957,0.074585635359116,0.0769230769230769,0.101876675603217,0.0997442455242967,0.114583333333333,0.0737100737100737,"חצבה",102.743642435493,"חצבה"
33,"בת שלמה",0.173469387755102,0.143459915611814,0.0934256055363322,0.08125,0.0619718309859155,0.0976331360946746,0.0790960451977401,0.143661971830986,0.0897832817337461,"בתשלמה",120.786273076813,"בת שלמה"
41,"אליכין",0.53359375,0.40728021978022,0.298329355608592,0.245098039215686,0.186740890688259,0.252028397565923,0.219836400817996,0.283427981414559,0.322677322677323,"אליכין",97.9577989286117,"אליכין"
47,"כפר תבור",0.111455108359133,0.122855181880577,0.108342361863489,0.0921680993314231,0.0606305578011318,0.121299342105263,0.0931473122691834,0.137448559670782,0.129229514879739,"כפרתבור",146.264738444617,"כפר תבור"
53,"עתלית",0.309512074913751,0.254195661072452,0.166152792052073,0.13737922705314,0.0938848008119767,0.134934389700421,0.127178520960904,0.167150837988827,0.156717907766021,"עתלית",126.087004080812,"עתלית"
66,"מרחביה (קיבוץ)",0.0547112462006079,0.0955882352941176,0.0505050505050505,0.0829346092503987,0.0785824345146379,0.103610675039246,0.0972644376899696,0.14630467571644,0.0972222222222222,"מרחביהקיבוץ",135.365627501323,"מרחביה (קיבוץ)"
72,"גן שמואל",0.00818330605564648,0.00658978583196046,0.00627943485086342,0.00447093889716841,0.00447093889716841,0.00730994152046784,0.00594353640416048,0.00589970501474926,0.00902255639097744,"גןשמואל",103.924995471069,"גן שמואל"
74,"עין הוד",0.0610328638497653,0.0423728813559322,0.0559440559440559,0.0386904761904762,0.018970189701897,0.0588235294117647,0.0428571428571429,0.0896358543417367,0.0510510510510511,"עיןהוד",130.575233761085,"עין הוד"
80,"נהלל",0.079136690647482,0.0519187358916479,0.0251572327044025,0.0366795366795367,0.0146788990825688,0.0609318996415771,0.0392156862745098,0.0600343053173242,0.0501618122977346,"נהלל",136.149024654341,"נהלל"
82,"עין חרוד (מאוחד)",0.0770975056689342,0.0782241014799154,0.0717299578059072,0.062111801242236,0.0450819672131148,0.0663983903420523,0.0625,0.101214574898785,0.048728813559322,"עיןחרודמאוחד",135.87769237714,"עין חרוד (מאוחד)"
84,"תל יוסף",0.0346320346320346,0.072289156626506,0.0656934306569343,0.0588235294117647,0.0313588850174216,0.0625,0.0649819494584837,0.0688405797101449,0.0573476702508961,"תליוסף",136.254988240105,"תל יוסף"
85,"כפר יחזקאל",0.0474860335195531,0.0435779816513761,0.0388349514563107,0.0436363636363636,0.036144578313253,0.0769230769230769,0.0556492411467116,0.0899830220713073,0.066334991708126,"כפריחזקאל",134.280545655343,"כפר יחזקאל"
86,"גבע",0.0193370165745856,0.0350404312668464,0.00530503978779841,0.020671834625323,0.00530503978779841,0.0184210526315789,0.0132978723404255,0.0443864229765013,0.0170940170940171,"גבע",135.56622038062,"גבע"
89,"עין חרוד (איחוד)",0.037037037037037,0.0390625,0.0321782178217822,0.0268292682926829,0.010126582278481,0.0533333333333333,0.0372340425531915,0.073490813648294,0.0606060606060606,"עיןחרודאיחוד",136.446902217282,"עין חרוד (איחוד)"
90,"חפצי-בה",0.0193050193050193,0.0310077519379845,0.023728813559322,0.0132013201320132,0.0381861575178998,0.0556844547563805,0.0484261501210654,0.0851581508515815,0.0904645476772616,"חפציבה",134.755077038911,"חפצי-בה"
92,"גיניגר",0.0378787878787879,0.0675675675675676,0.0304709141274238,0.0341207349081365,0.0203045685279188,0.031413612565445,0.0318302387267905,0.0673575129533679,0.0637119113573407,"גיניגר",138.344206620856,"גיניגר"
94,"בלפוריה",0.0685714285714286,0.125,0.1285140562249,0.125461254612546,0.0833333333333333,0.161490683229814,0.0911854103343465,0.166163141993958,0.125,"בלפוריה",136.780691061526,"בלפוריה"
95,"בית אלפא",0.0207792207792208,0.0196629213483146,0.0183908045977011,0.0347648261758691,0.0233644859813084,0.0568720379146919,0.0506024096385542,0.070048309178744,0.0331384015594542,"ביתאלפא",134.832808863252,"בית אלפא"
96,"יגור",0.0275,0.0311778290993072,0.0191873589164786,0.0370786516853933,0.0215285252960172,0.0374732334047109,0.0271444082519001,0.0540242557883131,0.0438202247191011,"יגור",138.037130311087,"יגור"
97,"מרחביה (מושב)",0.0593471810089021,0.0930232558139535,0.0678851174934726,0.065989847715736,0.0571428571428571,0.0731132075471698,0.0806451612903226,0.121212121212121,0.108294930875576,"מרחביהמושב",135.235587226044,"מרחביה (מושב)"
99,"מצפה רמון",0.391865079365079,0.434239130434783,0.238911290322581,0.207106124357176,0.31021377672209,0.299759036144578,0.28957345971564,0.37741935483871,0.379837067209776,"מצפהרמון",78.5084245751327,"מצפה רמון"
102,"מאיר שפיה",0.128205128205128,0.3,0.134615384615385,0.0612244897959184,0.0555555555555556,0.161290322580645,0.134615384615385,0.142857142857143,0.226415094339623,"מאירשפיה",118.615819743464,"מאיר שפיה"
103,"תל עדשים",0.121739130434783,0.123076923076923,0.0871985157699443,0.0702614379084967,0.0550595238095238,0.0928462709284627,0.08,0.138438880706922,0.0855855855855856,"תלעדשים",139.035665873934,"תל עדשים"
104,"מזרע",0.0113378684807256,0.0279569892473118,0.0105263157894737,0.0273684210526316,0.018,0.0328542094455852,0.0201207243460765,0.0236686390532544,0.032719836400818,"מזרע",138.374074525615,"מזרע"
106,"כפר גדעון",0.71304347826087,0.727272727272727,0.640350877192982,0.569230769230769,0.572413793103448,0.657142857142857,0.597014925373134,0.696296296296296,0.74,"כפרגדעון",138.095299723274,"כפר גדעון"
112,"כפר חסידים א'",0.408955223880597,0.375350140056022,0.365482233502538,0.336734693877551,0.290816326530612,0.316326530612245,0.29305912596401,0.383631713554987,0.300791556728232,"כפרחסידיםא",138.416943385426,"כפר חסידים א'"
113,"אדירים",0.496688741721854,0.581699346405229,0.632258064516129,0.5375,0.342857142857143,0.445026178010471,0.333333333333333,0.45,0.556818181818182,"אדירים",128.30456608428,"אדירים"
115,"חופית",0.0344827586206897,0.025390625,0.032015065913371,0.0272232304900181,0.0210727969348659,0.0652591170825336,0.0403846153846154,0.0891608391608392,0.0369718309859155,"חופית",94.152194957121,"חופית"
122,"רמת ישי",0.0952201731275875,0.139427516158818,0.0795627859684799,0.0824594852240229,0.0561534861956013,0.105250596658711,0.0847897968823807,0.126750700280112,0.115729047072331,"רמתישי",137.569672006859,"רמת ישי"
126,"שריד",0.0141509433962264,0.030952380952381,0.0136186770428016,0.0341555977229602,0.0201834862385321,0.0641025641025641,0.0445269016697588,0.0617977528089888,0.0357142857142857,"שריד",135.613537934856,"שריד"
130,"משמר העמק",0.00341880341880342,0.0135363790186125,0.00451807228915663,0.00741839762611276,0.0111888111888112,0.0125173852573018,0.0111888111888112,0.0219178082191781,0.0252454417952314,"משמרהעמק",127.754958164979,"משמר העמק"
132,"כפר ברוך",0.0684931506849315,0.12,0.0562770562770563,0.06640625,0.0278745644599303,0.0515463917525773,0.0522648083623693,0.099290780141844,0.107462686567164,"כפרברוך",133.227390568458,"כפר ברוך"
133,"גבת",0.0355555555555556,0.0302375809935205,0.0198807157057654,0.0205607476635514,0.0108695652173913,0.0161001788908766,0.0181488203266788,0.027124773960217,0.0299295774647887,"גבת",136.538311818503,"גבת"
134,"יפעת",0.0340136054421769,0.0614035087719298,0.0234833659491194,0.0235507246376812,0.0184254606365159,0.0512,0.0429252782193959,0.0758293838862559,0.0601851851851852,"יפעת",137.721386966089,"יפעת"
135,"רמת דוד",0.0336134453781513,0.0466101694915254,0.0681003584229391,0.0337078651685393,0.039568345323741,0.0384615384615385,0.0280701754385965,0.0513698630136986,0.0557377049180328,"רמתדוד",135.449376654464,"רמת דוד"
139,"עין שמר",0.00968523002421308,0.0365853658536585,0.0212765957446809,0.0319634703196347,0.00932400932400932,0.0421545667447307,0.0304449648711944,0.033175355450237,0.0433839479392625,"עיןשמר",107.314308736751,"עין שמר"
140,"כפר יהושע",0.0306603773584906,0.0374449339207048,0.0162748643761302,0.0461538461538462,0.03003003003003,0.0489296636085627,0.0657698056801196,0.0791476407914764,0.0431654676258993,"כפריהושע",133.461984250908,"כפר יהושע"
141,"ברק",0.12962962962963,0.181818181818182,0.123762376237624,0.138392857142857,0.0694444444444444,0.0973451327433628,0.0871559633027523,0.104477611940299,0.200913242009132,"ברק",127.398381145244,"ברק"
142,"שדה יעקב",0.644366197183099,0.636363636363636,0.614349775784753,0.53276955602537,0.450396825396825,0.5,0.473053892215569,0.517786561264822,0.381226053639847,"שדהיעקב",135.650286558412,"שדה יעקב"
145,"גדיש",0.392405063291139,0.395348837209302,0.329411764705882,0.171875,0.108247422680412,0.132978723404255,0.138095238095238,0.144278606965174,0.220095693779904,"גדיש",127.848213385516,"גדיש"
146,"דבורה",0.0915492957746479,0.148936170212766,0.0853658536585366,0.0683229813664596,0.0124223602484472,0.0909090909090909,0.0584415584415584,0.146853146853147,0.0863309352517986,"דבורה",128.102766259865,"דבורה"
154,"תל מונד",0.162925598991173,0.147568013190437,0.12351976680634,0.0903401797175866,0.0778375318426267,0.128936170212766,0.107757404795487,0.135318559556787,0.121021560574949,"תלמונד",79.2941120279761,"תל מונד"
157,"עין ורד",0.0371681415929204,0.0553846153846154,0.03125,0.0390995260663507,0.0305429864253394,0.0524515393386545,0.0437869822485207,0.0906077348066298,0.0456100342075257,"עיןורד",84.1144268104242,"עין ורד"
162,"חירות",0.0207612456747405,0.0398773006134969,0.0198863636363636,0.0336134453781513,0.024869109947644,0.0461133069828722,0.0452729693741678,0.0677290836653386,0.0240963855421687,"חירות",81.4030868366877,"חירות"
164,"מלאה",0.33125,0.353293413173653,0.318407960199005,0.217391304347826,0.15625,0.190697674418605,0.168103448275862,0.237442922374429,0.334883720930233,"מלאה",127.752883152997,"מלאה"
165,"ניר יפה",0.0523809523809524,0.136792452830189,0.151515151515152,0.0944625407166124,0.0568561872909699,0.10738255033557,0.0953846153846154,0.136075949367089,0.186186186186186,"ניריפה",128.746959570369,"ניר יפה"
167,"עין החורש",0.012396694214876,0.0177514792899408,0.00196463654223969,0.00936329588014981,0.00535714285714286,0.0108108108108108,0.0147329650092081,0.015180265654649,0.0220588235294118,"עיןהחורש",96.8808871069419,"עין החורש"
168,"כפר יונה",0.226707514867544,0.204716579059526,0.159338878686399,0.12677668606315,0.0963674836889438,0.159491701244813,0.143743793445879,0.182517426488262,0.193764076576577,"כפריונה",88.1957249024117,"כפר יונה"
170,"כפר יעבץ",0.570422535211268,0.391304347826087,0.532544378698225,0.344919786096257,0.244505494505494,0.29810298102981,0.308510638297872,0.428571428571429,0.438746438746439,"כפריעבץ",87.0393975156536,"כפר יעבץ"
171,"פרדסיה",0.148671955846844,0.124923453766075,0.0949008498583569,0.0766929562143051,0.0579937304075235,0.112791932059448,0.0978001590246488,0.139402911423637,0.11720356408499,"פרדסיה",87.4936899723056,"פרדסייה"
173,"גבעת חיים (מאוחד)",0.0380165289256198,0.0466988727858293,0.0207407407407407,0.032258064516129,0.0280649926144756,0.0417287630402385,0.0464767616191904,0.0550595238095238,0.0492537313432836,"גבעתחייםמאוחד",96.9355804016677,"גבעת חיים (מאוחד)"
175,"אביחיל",0.0549084858569052,0.0596125186289121,0.052924791086351,0.040983606557377,0.0349462365591398,0.0724043715846995,0.0504774897680764,0.098250336473755,0.0677233429394813,"אביחיל",90.3078230626382,"אביחיל"
178,"רמת יוחנן",0.0334928229665072,0.0792291220556745,0.0455407969639469,0.0516934046345811,0.0309278350515464,0.0570409982174688,0.0556521739130435,0.0683012259194396,0.0618556701030928,"רמתיוחנן",144.953441149791,"רמת יוחנן"
182,"אבן יהודה",0.134033613445378,0.126151532242903,0.0900887573964497,0.071596082218237,0.0527638190954774,0.100533333333333,0.0784937682312384,0.105471847739889,0.0922916937475627,"אבןיהודה",80.8533948484225,"אבן יהודה"
184,"רמת הכובש",0.0289156626506024,0.0396270396270396,0.0176991150442478,0.0269151138716356,0.0295275590551181,0.0399239543726236,0.0319548872180451,0.0573613766730402,0.0340264650283554,"רמתהכובש",80.2097469915762,"רמת הכובש"
186,"נעורים",0.115384615384615,0.192982456140351,0.0810810810810811,0.113924050632911,0.08,0.111111111111111,0.164383561643836,0.164179104477612,0.19672131147541,"נעורים",92.633531666875,"נעורים"
187,"כפר הס",0.0213903743315508,0.0387596899224806,0.0280504908835905,0.0226063829787234,0.00995024875621891,0.0320987654320988,0.0224719101123595,0.0480295566502463,0.0269277845777234,"כפרהס",82.5286377313926,"כפר הס"
189,"כפר פינס",0.816239316239316,0.752895752895753,0.714776632302406,0.606060606060606,0.681528662420382,0.708609271523179,0.65814696485623,0.763934426229508,0.628205128205128,"כפרפינס",108.963341904812,"כפר פינס"
190,"כפר ויתקין",0.0261066969353008,0.0343680709534368,0.0367577756833176,0.0240295748613678,0.0203327171903882,0.0359508041627247,0.0349056603773585,0.0604343720491029,0.0351377018043685,"כפרויתקין",93.7388234535044,"כפר ויתקין"
191,"הדר עם",0.0387323943661972,0.0477815699658703,0.0338028169014084,0.0425531914893617,0.0258823529411765,0.0702179176755448,0.0436893203883495,0.107579462102689,0.0595238095238095,"הדרעם",91.6211345128367,"הדר עם"
192,"כפר החורש",0.0477941176470588,0.105084745762712,0.0340557275541796,0.0634441087613293,0.032520325203252,0.092436974789916,0.0740740740740741,0.087431693989071,0.0828877005347594,"כפרהחורש",142.651847568477,"כפר החורש"
193,"כפר חיים",0.0472972972972973,0.0569620253164557,0.033033033033033,0.049079754601227,0.0276923076923077,0.0211480362537764,0.0260115606936416,0.0414201183431953,0.0177514792899408,"כפרחיים",92.3278260605588,"כפר חיים"
194,"משמר השרון",0.0274914089347079,0.0380622837370242,0.0122324159021407,0.0116279069767442,0.0204081632653061,0.0344827586206897,0.0286532951289398,0.0561797752808989,0.0419161676646707,"משמרהשרון",92.6536586703493,"משמר השרון"
195,"קדימה-צורן",NA,0.18790611324758,0.13365942441133,0.127810766085856,0.0995256576110392,0.145050609023846,0.130185612864597,0.164838930774503,0.159672295602742,"קדימהצורן",83.7678062084039,"קדימה-צורן"
197,"מעברות",0.0153550863723608,0.0273224043715847,0.00706713780918728,0.0120481927710843,0.0154109589041096,0.0229276895943563,0.0177304964539007,0.0444444444444444,0.0218579234972678,"מעברות",93.2321847906772,"מעברות"
198,"צופית",0.0484210526315789,0.0784671532846715,0.0458404074702886,0.04,0.0201342281879195,0.0387858347386172,0.0351758793969849,0.0762987012987013,0.0605095541401274,"צופית",77.2828131466143,"צופית"
200,"בית ינאי",0.0360824742268041,0.021505376344086,0.00442477876106195,0.0315315315315315,0.0102040816326531,0.0362694300518135,0.0104166666666667,0.0625,0.0199004975124378,"ביתינאי",93.4677197826315,"בית ינאי"
204,"אלישיב",0.481617647058824,0.364548494983278,0.257971014492754,0.162790697674419,0.125340599455041,0.196022727272727,0.16,0.233695652173913,0.23342175066313,"אלישיב",95.0954076483986,"אלישיב"
205,"חגלה",0.0657894736842105,0.0524691358024691,0.0420168067226891,0.037037037037037,0.0269607843137255,0.0399002493765586,0.0326633165829146,0.0738916256157636,0.0413625304136253,"חגלה",96.0543252628287,"חגלה"
213,"משמרות",0.0268456375838926,0.0338983050847458,0.0214592274678112,0.0410958904109589,0.0266075388026608,0.0342612419700214,0.0425101214574899,0.0711610486891386,0.0395869191049914,"משמרות",108.631581194428,"משמרות"
217,"כפר הרא""ה",0.759036144578313,0.676706827309237,0.699472759226713,0.569282136894825,0.57312925170068,0.614457831325301,0.586505190311419,0.673575129533679,0.47098976109215,"כפרהראה",96.1748302346093,"כפר הרא""ה"
219,"חיבת ציון",0.243346007604563,0.187074829931973,0.195266272189349,0.165697674418605,0.15702479338843,0.171662125340599,0.175487465181058,0.225728155339806,0.134117647058824,"חיבתציון",96.978455508265,"חיבת ציון"
220,"כפר ביאליק",0.075187969924812,0.194945848375451,0.0701754385964912,0.0883280757097792,0.0831024930747922,0.0916666666666667,0.0654761904761905,0.106707317073171,0.0852272727272727,"כפרביאליק",146.234785377445,"כפר ביאליק"
223,"עין עירון",0.0311111111111111,0.0364372469635627,0.0337837837837838,0.0276923076923077,0.0116618075801749,0.0181818181818182,0.0188087774294671,0.0823170731707317,0.034375,"עיןעירון",109.359985383768,"עין עירון"
224,"שושנת העמקים",0.227678571428571,0.283524904214559,0.211726384364821,0.133928571428571,0.123809523809524,0.173633440514469,0.17981072555205,0.230769230769231,0.227129337539432,"שושנתהעמקים",90.7460163999435,"שושנת העמקים"
225,"גן השומרון",0.028735632183908,0.0806451612903226,0.0678733031674208,0.0376106194690266,0.023109243697479,0.0458167330677291,0.0534979423868313,0.0668058455114822,0.0313152400835073,"גןהשומרון",106.566250105614,"גן השומרון"
232,"שפיים",0.00856164383561644,0.0194489465153971,0.0131964809384164,0.0112359550561798,0.00776196636481242,0.0278145695364238,0.0198412698412698,0.0394904458598726,0.0172413793103448,"שפיים",75.1144130241108,"שפיים"
233,"כפר ידידיה",0.0139372822299652,0.0422535211267606,0.0298507462686567,0.0251256281407035,0.0151515151515152,0.0253807106598985,0.0175879396984925,0.0411311053984576,0.0287206266318538,"כפרידידיה",91.2391126709585,"כפר ידידיה"
235,"חבצלת השרון",0.163265306122449,0.15948275862069,0.11353711790393,0.0821917808219178,0.103139013452915,0.11214953271028,0.120535714285714,0.131455399061033,0.143540669856459,"חבצלתהשרון",91.1990048248044,"חבצלת השרון"
237,"שער העמקים",0.0102564102564103,0.0198019801980198,0.00237529691211401,0.00688073394495413,0.0046189376443418,0.0458715596330275,0.0205949656750572,0.0675675675675676,0.0301624129930394,"שערהעמקים",137.15057029536,"שער העמקים"
239,"גן חיים",0.0305555555555556,0.0690537084398977,0.0490654205607477,0.0569476082004556,0.0296127562642369,0.0623556581986143,0.0568720379146919,0.0679156908665105,0.0581395348837209,"גןחיים",76.521863928415,"גן חיים"
240,"יקנעם עילית",0.310676025120059,0.328060522696011,0.141334145598538,0.217781402936378,0.164377963053785,0.228786773644542,0.207454909819639,0.24722289791616,0.235701361025883,"יקנעםעילית",127.591574621388,"יקנעם עילית"
241,"יקנעם (מושבה)",0.07223113964687,0.0725925925925926,0.0622462787550744,0.0541611624834875,0.0498084291187739,0.072632944228275,0.0559345156889495,0.0757381258023107,0.059445178335535,"יקנעםמושבה",130.530513853442,"יקנעם (מושבה)"
242,"בית השיטה",0.0431177446102819,0.0561797752808989,0.0323033707865169,0.0510752688172043,0.0349288486416559,0.0535947712418301,0.0489417989417989,0.0927152317880795,0.0655737704918033,"ביתהשיטה",137.279132220902,"בית השיטה"
248,"בית שערים",0.0811594202898551,0.0877659574468085,0.0494791666666667,0.0759803921568627,0.029023746701847,0.0549738219895288,0.0353535353535354,0.0866141732283465,0.0841836734693878,"ביתשערים",136.838289215896,"בית שערים"
250,"הזורע",0.0140105078809107,0.0172413793103448,0.0157894736842105,0.0307167235494881,0.0193236714975845,0.046031746031746,0.0360655737704918,0.0614173228346457,0.0353697749196141,"הזורע",129.9364030484,"הזורע"
252,"ביתן אהרן",0.0506607929515418,0.0333333333333333,0.0103092783505155,0.0217391304347826,0.0735294117647059,0.16,0.103896103896104,0.153846153846154,0.103448275862069,"ביתןאהרן",92.1336760962539,"ביתן אהרן"
254,"כפר המכבי",0.0289017341040462,0.0282485875706215,0.0609137055837563,0.025,0,0.0518867924528302,0.0325581395348837,0.055045871559633,0.0468085106382979,"כפרהמכבי",144.501304159528,"כפר המכבי"
256,"ניר דוד (תל עמל)",0.00731707317073171,0.0124688279301746,0.0116009280742459,0.0112612612612613,0.0104384133611691,0.0417582417582418,0.0319148936170213,0.050314465408805,0.0328227571115974,"נירדודתלעמל",135.042294294452,"ניר דוד (תל עמל)"
259,"שדה נחום",0.0314465408805031,0.0424242424242424,0.0689655172413793,0.0674157303370786,0.0443864229765013,0.0533333333333333,0.0401002506265664,0.11264367816092,0.114688128772636,"שדהנחום",138.656866269525,"שדה נחום"
265,"בית יוסף",0.590361445783133,0.453488372093023,0.485875706214689,0.256544502617801,0.113725490196078,0.151020408163265,0.168,0.215962441314554,0.32089552238806,"ביתיוסף",145.008582107623,"בית יוסף"
268,"טירת צבי",0.646276595744681,0.588688946015424,0.626794258373206,0.571084337349398,0.513126491646778,0.566233766233766,0.495,0.621287128712871,0.318396226415094,"טירתצבי",132.422112127314,"טירת צבי"
269,"מולדת",0.0425531914893617,0.0636942675159236,0.046242774566474,0.0401459854014599,0.0430622009569378,0.06282722513089,0.0532445923460899,0.0658978583196046,0.0629139072847682,"מולדת",141.225525872924,"מולדת"
270,"עין השופט",0.0126582278481013,0.0225872689938398,0.0152091254752852,0.0407407407407407,0.0283018867924528,0.0590476190476191,0.0379506641366224,0.0614525139664804,0.0599250936329588,"עיןהשופט",124.458463217808,"עין השופט"
272,"מעוז חיים",0.043046357615894,0.0424028268551237,0.0452830188679245,0.0244755244755245,0.0162866449511401,0.0208333333333333,0.02,0.068259385665529,0.0594059405940594,"מעוזחיים",140.082025831536,"מעוז חיים"
276,"צור משה",0.0522243713733075,0.053127677806341,0.0448765893792072,0.0471556886227545,0.0367491166077739,0.0614954577218728,0.0614525139664804,0.0835044490075291,0.0528097494922139,"צורמשה",86.5786062173488,"צור משה"
278,"אושה",0.0099009900990099,0.037914691943128,0.0043859649122807,0.032258064516129,0.0185873605947955,0.0383141762452107,0.0384615384615385,0.0543478260869565,0.0627177700348432,"אושה",145.068629399528,"אושה"
284,"שדה ורבורג",0.0411214953271028,0.0421585160202361,0.0329815303430079,0.0339869281045752,0.0218790218790219,0.0377867746288799,0.0368852459016393,0.0583554376657825,0.0491132332878581,"שדהורבורג",77.6882803266011,"שדה ורבורג"
285,"אלונים",0.0176470588235294,0.0606936416184971,0.0284237726098191,0.0248138957816377,0.0277777777777778,0.0429292929292929,0.0293333333333333,0.0656565656565657,0.0381679389312977,"אלונים",137.734507699864,"אלונים"
287,"תל יצחק",0.0315457413249211,0.0399201596806387,0.0310786106032907,0.037037037037037,0.0297951582867784,0.0641509433962264,0.0446601941747573,0.0947867298578199,0.0616740088105727,"תליצחק",80.7572408101525,"תל יצחק"
288,"בית יהושע",0.0895140664961637,0.0840336134453782,0.0583657587548638,0.0396975425330813,0.0492700729927007,0.0601503759398496,0.0430711610486891,0.0718038528896672,0.0569948186528497,"ביתיהושע",81.0957942673354,"בית יהושע"
290,"מעין צבי",0.014367816091954,0.0417827298050139,0.0259433962264151,0.0271493212669683,0.0274261603375527,0.0386965376782077,0.0355648535564854,0.0714285714285714,0.0478170478170478,"מעיןצבי",115.399963772174,"מעיין צבי"
295,"כפר רופין",0.0210084033613445,0.0449438202247191,0.0371747211895911,0.0522388059701493,0.0520446096654275,0.0634920634920635,0.0722433460076046,0.0915492957746479,0.0703703703703704,"כפררופין",136.603838074382,"כפר רופין"
296,"נווה איתן",0.0163934426229508,0.0638297872340425,0.0454545454545455,0.0571428571428571,0.00826446280991736,0.0769230769230769,0.072,0.101851851851852,0.110169491525424,"נווהאיתן",138.902837375694,"נווה איתן"
298,"מסילות",0.0135135135135135,0.0439189189189189,0.0198019801980198,0.0460526315789474,0.0313588850174216,0.048951048951049,0.039568345323741,0.0818505338078292,0.0752688172043011,"מסילות",135.519299937511,"מסילות"
300,"דליה",0.00811359026369168,0.0209205020920502,0.00819672131147541,0.0153256704980843,0.00403225806451613,0.0126315789473684,0.0100401606425703,0.0274509803921569,0.014,"דליה",122.513894869593,"דלייה"
304,"שדה אליהו",0.636118598382749,0.542234332425068,0.628571428571429,0.519083969465649,0.527363184079602,0.605633802816901,0.551724137931034,0.661616161616162,0.388888888888889,"שדהאליהו",133.087994346374,"שדה אליהו"
310,"כפר גליקסון",0.0164835164835165,0.0319148936170213,0.037037037037037,0.015625,0.00938967136150235,0.0514018691588785,0.0467289719626168,0.0545454545454545,0.0338164251207729,"כפרגליקסון",111.484449580653,"כפר גליקסון"
312,"נווה ים",0.0521739130434783,0.047244094488189,0.123456790123457,0.116564417177914,0.0784313725490196,0.111111111111111,0.0632911392405063,0.202614379084967,0.206451612903226,"נווהים",126.832719738099,"נווה ים"
313,"אפק",0.00371747211895911,0.0428571428571429,0.0387323943661972,0.039344262295082,0.0424403183023873,0.0547945205479452,0.0441558441558442,0.0634517766497462,0.0456730769230769,"אפק",149.651313367421,"אפק"
316,"כפר נטר",0.0291005291005291,0.0520833333333333,0.0391061452513966,0.0303030303030303,0.0184254606365159,0.0623916811091854,0.0514184397163121,0.092896174863388,0.0625,"כפרנטר",82.2015794100824,"כפר נטר"
317,"בית אורן",0.0784313725490196,0.0764331210191083,0.0294117647058824,0.0880829015544041,0.0252525252525253,0.0439024390243902,0.0289855072463768,0.0669642857142857,0.0567685589519651,"ביתאורן",134.67232264995,"בית אורן"
326,"בית יצחק-שער חפר",0.0416253716551041,0.0499092558983666,0.0251012145748988,0.0369515011547344,0.0260869565217391,0.058252427184466,0.0487609912070344,0.0724863600935308,0.0405727923627685,"ביתיצחקשערחפר",88.8046985349083,"בית יצחק-שער חפר"
327,"שדות ים",0.0392156862745098,0.0640732265446224,0.04,0.0463320463320463,0.0362694300518135,0.0522648083623693,0.0678260869565217,0.0809443507588533,0.0614617940199336,"שדותים",105.863187295005,"שדות ים"
335,"רמת השופט",0.04,0.0386740331491713,0.00689655172413793,0.0242914979757085,0.0175438596491228,0.037328094302554,0.034816247582205,0.0650095602294455,0.0424354243542435,"רמתהשופט",125.718052795679,"רמת השופט"
339,"רמת צבי",0.043859649122807,0.0513833992094862,0.113636363636364,0.088145896656535,0.032171581769437,0.0589812332439678,0.0536723163841808,0.0843989769820972,0.0571428571428571,"רמתצבי",139.438727397958,"רמת צבי"
343,"חמדיה",0.0682926829268293,0.078125,0.0414746543778802,0.0707964601769911,0.0480769230769231,0.05,0.0660377358490566,0.0954545454545455,0.091703056768559,"חמדיה",140.416135538933,"חמדיה"
344,"מענית",0.0130293159609121,0.05,0.010126582278481,0.0269607843137255,0.0179775280898876,0.0248306997742664,0.0223713646532438,0.0459518599562363,0.0318471337579618,"מענית",107.639247973594,"מענית"
353,"בית זיד",NA,NA,0,0.0147058823529412,0,0.0144927536231884,0.0273972602739726,0.015625,0.0147058823529412,"ביתזיד",135.750374265824,"בית זיד"
360,"גבעת ניל""י",0.0707070707070707,0.136752136752137,0.0469798657718121,0.039039039039039,0.0304709141274238,0.0638297872340425,0.0557184750733138,0.0967741935483871,0.0705882352941176,"גבעתנילי",117.15455969729,"גבעת ניל""י"
367,"עין העמק",0.217228464419476,0.304347826086957,0.205882352941176,0.129807692307692,0.0791208791208791,0.104925053533191,0.0700636942675159,0.177874186550976,0.255533199195171,"עיןהעמק",126.962563673202,"עין העמק"
369,"גלעד (אבן יצחק)",0.025,0.0672268907563025,0.0329218106995885,0.018450184501845,0.00706713780918728,0.0510948905109489,0.0492957746478873,0.0482758620689655,0.0629370629370629,"גלעדאבןיצחק",119.689365174103,"גלעד (אבן יצחק)"
373,"בית הלוי",0.0366666666666667,0.0634441087613293,0.0412371134020619,0.0262529832935561,0.0213776722090261,0.0398126463700234,0.0542452830188679,0.0839328537170264,0.0504807692307692,"ביתהלוי",93.030674661978,"בית הלוי"
375,"מגל",0.0175438596491228,0.0272952853598015,0.0122591943957968,0.0368509212730318,0.0122137404580153,0.0358255451713396,0.0255591054313099,0.0514705882352941,0.035036496350365,"מגל",101.165672776272,"מגל"
377,"המעפיל",0.0165016501650165,0.0443037974683544,0.0158013544018059,0.0251141552511416,0.0185950413223141,0.038135593220339,0.0303643724696356,0.0420168067226891,0.0165631469979296,"המעפיל",98.0504010876445,"המעפיל"
379,"גאולים",0.227146814404432,0.257281553398058,0.208988764044944,0.128352490421456,0.0815939278937381,0.114503816793893,0.139489194499018,0.157790927021696,0.195075757575758,"גאולים",88.1454503218273,"גאולים"
382,"מכמורת",0.0490506329113924,0.0637329286798179,0.0246376811594203,0.0217983651226158,0.0177838577291382,0.0465444287729196,0.0391304347826087,0.0802721088435374,0.0539083557951483,"מכמורת",96.1869912579065,"מכמורת"
383,"עין הנצי""ב",0.66025641025641,0.564814814814815,0.703592814371258,0.597597597597598,0.564971751412429,0.598070739549839,0.601208459214502,0.673139158576052,0.277955271565495,"עיןהנציב",135.021790111456,"עין הנצי""ב"
386,"בני דרור",0.0507982583454282,0.0559440559440559,0.0511049723756906,0.0445344129554656,0.0478589420654912,0.0748730964467005,0.0485933503836317,0.0905923344947735,0.0675675675675676,"בנידרור",82.5722375167937,"בני דרור"
387,"כפר מונש",0.038265306122449,0.040948275862069,0.0368098159509202,0.0204918032786885,0.0105042016806723,0.0484848484848485,0.0216919739696312,0.0390455531453362,0.0383795309168444,"כפרמונש",92.0088371469402,"כפר מונש"
388,"כפר קיש",0.0869565217391304,0.138121546961326,0.087719298245614,0.0615942028985507,0.0560747663551402,0.111111111111111,0.0943396226415094,0.126506024096386,0.0949554896142433,"כפרקיש",148.605162606834,"כפר קיש"
389,"בצרה",0.0446009389671361,0.065173116089613,0.0509090909090909,0.0524412296564195,0.0309810671256454,0.0733333333333333,0.0385288966725044,0.0795847750865052,0.054726368159204,"בצרה",76.889816464869,"בצרה"
407,"דברת",0.0710059171597633,0.0807453416149068,0.0558659217877095,0.0683229813664596,0.0536585365853659,0.0787037037037037,0.0526315789473684,0.130434782608696,0.0542635658914729,"דברת",141.364848538776,"דברת"
417,"יקום",0.0166204986149584,0.023936170212766,0.0147058823529412,0.0147420147420147,0.00928074245939675,0.0311004784688995,0.0212264150943396,0.0368663594470046,0.0113895216400911,"יקום",79.0778363666868,"יקום"
418,"בני ציון",0.0536480686695279,0.0590476190476191,0.0465890183028286,0.0438066465256798,0.0258899676375405,0.041335453100159,0.0345911949685535,0.0759493670886076,0.0437601296596434,"בניציון",76.9655374123577,"בני ציון"
422,"חרב לאת",0.096085409252669,0.0802292263610315,0.0954907161803713,0.0650602409638554,0.0414634146341463,0.0931372549019608,0.0799031476997579,0.131147540983607,0.115023474178404,"חרבלאת",97.4927190979192,"חרב לאת"
423,"העוגן",0.032345013477089,0.0425,0.0306603773584906,0.0285087719298246,0.0151515151515152,0.0216919739696312,0.0305010893246187,0.0367170626349892,0.0284463894967177,"העוגן",93.8403085909398,"העוגן"
425,"משמרת",0.0677966101694915,0.0651162790697674,0.0474137931034483,0.0337301587301587,0.0266666666666667,0.0424242424242424,0.0458891013384321,0.0862068965517241,0.0620300751879699,"משמרת",79.2502800375336,"משמרת"
426,"עין כרמל",0.0458015267175573,0.0572519083969466,0.0135135135135135,0.048,0.0338164251207729,0.0570719602977667,0.054320987654321,0.0714285714285714,0.0518518518518519,"עיןכרמל",127.212570377992,"עין כרמל"
427,"כפר גלים",0.11864406779661,0.0612244897959184,0.0357142857142857,0.0677966101694915,0.0338983050847458,0.186440677966102,0.145833333333333,0.206896551724138,0.223880597014925,"כפרגלים",136.74425757061,"כפר גלים"
429,"אלוני אבא",0.0459183673469388,0.0290697674418605,0.0238095238095238,0.0318725099601594,0.0189035916824197,0.0533333333333333,0.039622641509434,0.0546139359698682,0.036697247706422,"אלוניאבא",140.676093404793,"אלוני אבא"
430,"בית לחם הגלילית",0.069364161849711,0.0541237113402062,0.0658823529411765,0.0546697038724374,0.0392561983471074,0.0844155844155844,0.037280701754386,0.0829694323144105,0.0601336302895323,"ביתלחםהגלילית",141.496455729688,"בית לחם הגלילית"
433,"נחשולים",0.00383141762452107,0.0397111913357401,0.0186170212765957,0.0245700245700246,0.016548463356974,0.0360576923076923,0.0177215189873418,0.0608899297423888,0.0314009661835749,"נחשולים",119.597136707996,"נחשולים"
434,"החותרים",0.0209580838323353,0.0574018126888218,0.032345013477089,0.0301507537688442,0.0154525386313466,0.036036036036036,0.037199124726477,0.0563991323210412,0.0414847161572052,"החותרים",135.118820808189,"החותרים"
436,"עין דור",0.0125944584382872,0.0347394540942928,0.0241448692152917,0.039451114922813,0.026890756302521,0.0539130434782609,0.0424028268551237,0.0813148788927336,0.0666666666666667,"עיןדור",145.996606557834,"עין דור"
437,"רשפים",0.0187265917602996,0.0297397769516729,0.0178571428571429,0.0419354838709677,0.0604838709677419,0.110220440881764,0.112224448897796,0.186897880539499,0.0844036697247706,"רשפים",133.941299669556,"רשפים"
439,"שלוחות",0.570342205323194,0.560606060606061,0.608996539792388,0.549645390070922,0.438405797101449,0.53515625,0.533073929961089,0.621951219512195,0.234309623430962,"שלוחות",133.098021822977,"שלוחות"
442,"גדעונה",0.282051282051282,0.2,0.273381294964029,0.171122994652406,0.126168224299065,0.190954773869347,0.185840707964602,0.25974025974026,0.321739130434783,"גדעונה",133.491834110642,"גדעונה"
444,"רגבים",0.0457142857142857,0.0821256038647343,0.0528846153846154,0.027027027027027,0.0140350877192982,0.0277777777777778,0.0137931034482759,0.0633802816901408,0.0660377358490566,"רגבים",114.672734246288,"רגבים"
445,"רמות מנשה",0.0116959064327485,0.0135746606334842,0.011844331641286,0.0177705977382876,0.0138674884437596,0.0334928229665072,0.0274390243902439,0.0429184549356223,0.0325779036827195,"רמותמנשה",122.63452146658,"רמות מנשה"
446,"אודים",0.0780487804878049,0.0708154506437768,0.0487364620938628,0.0493197278911565,0.0286168521462639,0.0696920583468395,0.0618892508143322,0.0851393188854489,0.0651465798045603,"אודים",80.6116315117609,"אודים"
447,"נורדיה",0.0759368836291913,0.0866071428571429,0.0552,0.0629685157421289,0.0450680272108844,0.0850515463917526,0.0723404255319149,0.100436681222707,0.08207343412527,"נורדיה",87.7820450358529,"נורדייה"
452,"יזרעאל",0.0261437908496732,0.0508982035928144,0.0120845921450151,0.0455840455840456,0.0170940170940171,0.0350877192982456,0.0353982300884956,0.046242774566474,0.0340909090909091,"יזרעאל",132.307901976871,"יזרעאל"
457,"גזית",0.0142857142857143,0.0343137254901961,0,0.0160550458715596,0.0195652173913043,0.0285714285714286,0.04,0.0685224839400428,0.046908315565032,"גזית",145.851371722604,"גזית"
475,"דחי",0,0.0072992700729927,0.0728476821192053,0.0078125,0.0588235294117647,0.0037593984962406,0.00694444444444444,0,0.00460829493087558,"דחי",138.969763092677,"דחי"
478,"אכסאל",0.0100832967996493,0.00515084621044886,0.0432584269662921,0.0122868145974693,0.000624089868941127,0.00191737842077741,0.00184275184275184,0.00118511495615075,0.00441289332310054,"אכסאל",141.384506000495,"אכסאל"
489,"דבוריה",0.00265051117001136,0.00341508848183794,0.0378719567177637,0.00510657193605684,0.00346666666666667,0.00425436632333184,0.00122299225438239,0.00115874855156431,0.00285306704707561,"דבוריה",145.430096538835,"דבורייה"
494,"דאלית אל-כרמל",0.102649006622517,0.13394495412844,0.0589257503949447,0.153765376537654,0.0305240410588871,0.0653991370010787,0.0460433680653337,0.304517133956386,0.160276816608997,"דאליתאלכרמל",131.020713572196,"דאלית אל-כרמל"
497,"טייבה (בעמק)",0.0360824742268041,0.00814332247557003,0.135537190082645,0.00484652665589661,0.0300429184549356,0.0141065830721003,0.00284900284900285,0,0.00665557404326123,"טייבהבעמק",142.802255754935,"טייבה (בעמק)"
499,"יפיע",0.0143958868894602,0.012400561534862,0.0105070046697799,0.00634106853750675,0.0141869125731513,0.0113421550094518,0.00473988439306358,0.000895094880057286,0.00459259259259259,"יפיע",139.693565798282,"יפיע"
509,"כפר כנא",0.0115922263893624,0.0193318636594879,0.048536656041727,0.0162155989494119,0.0188900278225216,0.0127593476090092,0.0101468882875918,0.00527045769764216,0.00316263228317723,"כפרכנא",149.33450124379,"כפר כנא"
511,"עילוט",0.0609167671893848,0.0231292517006803,0.0367216604576903,0.0488958990536278,0.112056737588652,0.0185917721518987,0.00213349588540079,0.0717619603267211,0.0191424196018377,"עילוט",142.958698505463,"עילוט"
512,"כפר מצר",0.0624133148404993,0.0852575488454707,0.150552486187845,0.00327510917030568,0.104302477183833,0.0402449693788276,0.0390824129141886,0.00580046403712297,0.0383141762452107,"כפרמצר",145.461289257556,"כפר מצר"
520,"משהד",0.00860759493670886,0.0347257171615501,0.0105633802816901,0.00238237045860631,0.00597683974598431,0.00246457178065311,0.00159024648820567,0.00319829424307036,0.00943396226415094,"משהד",148.303984236662,"משהד"
523,"ניין",0.0258064516129032,0.0132075471698113,0.0166240409207161,0.00901916572717024,0.00149253731343284,0.00126262626262626,0.00114025085518814,0.00140252454417952,0.00677506775067751,"ניין",139.967098557149,"ניין"
524,"נאעורה",0.03003003003003,0.00337837837837838,0.0833333333333333,0.0038961038961039,0.010016694490818,0.00460829493087558,0.000962463907603465,0.02,0.00117647058823529,"נאעורה",140.835680210683,"נאעורה"
526,"סולם",0.123655913978495,0.0444915254237288,0.14018691588785,0.0422960725075529,0.0161849710982659,0.00329218106995885,0.00224719101123596,0.00244200244200244,0.0070859167404783,"סולם",136.949324291357,"סולם"
529,"אעבלין",0.0465731675046309,0.00589344648750589,0.0382796667417248,0.0301786080886882,0.0508550855085509,0.0293124888967845,0.0200549894873039,0.00368124729320052,0.00617066290550071,"אעבלין",149.660927260985,"אעבלין"
532,"עין מאהל",0.0119047619047619,0.0172413793103448,0.0201465201465201,0.0103891530198979,0.0347780949909162,0.00982244049867775,0.00319391634980989,0.0439827307069617,0.00999800039992002,"עיןמאהל",146.846168454823,"עין מאהל"
534,"עספיא",NA,NA,0.01640625,0.11631139944393,0.0693202146690519,0.128957079044475,0.0843799058084772,0.338684619368203,0.178622521970161,"עספיא",133.790187516579,"עספיא"
537,"פוריידיס",0.0035778175313059,0.141547049441786,0.00364600596619158,0.00216194968553459,0.0526510938079347,0.016687790452049,0.014070932922128,0.0384917517674784,0.00509770603228547,"פוריידיס",118.323977152549,"פוריידיס"
541,"ג'סר א-זרקא",0.00539245056920312,0.0077574047954866,0.0756048387096774,0.0883855207639352,0.125,0.0106644790812141,0.00634595701125896,0.00904159132007233,0.00462512171372931,"גסראזרקא",110.787447321398,"ג'סר א-זרקא"
542,"ריינה",0.00523012552301255,0.0354027706516162,0.0206063007727363,0.00231875096614624,0.0354901960784314,0.0179833999385183,0.00648845055800675,0.00230414746543779,0.00449438202247191,"ריינה",145.669542679566,"ריינה"
547,"טמרה (יזרעאל)",0.0348101265822785,0.0952380952380952,0,0.0432357043235704,0.00362976406533575,0.0017825311942959,0.00139082058414465,0.00449438202247191,0.00200803212851406,"טמרהיזרעאל",143.305433535341,"טמרה (יזרעאל)"
549,"גנות הדר",0.068259385665529,0.0719602977667494,0.0725274725274725,0.0730223123732252,0.0444444444444444,0.0643382352941176,0.0588235294117647,0.112338858195212,0.108256880733945,"גנותהדר",88.951503561417,"גנות הדר"
580,"כרם מהר""ל",0.135714285714286,0.0991957104557641,0.088785046728972,0.0648535564853557,0.0515873015873016,0.0634920634920635,0.0538922155688623,0.101796407185629,0.0582120582120582,"כרםמהרל",125.140509798886,"כרם מהר""ל"
586,"מגידו",0.0456852791878173,0.114803625377644,0.0532407407407407,0.03125,0.014957264957265,0.0387096774193548,0.0444915254237288,0.0372670807453416,0.0317460317460317,"מגידו",126.577522553311,"מגידו"
590,"נווה אור",0.0276243093922652,0.0758293838862559,0.080188679245283,0.0599078341013825,0.0739130434782609,0.0729613733905579,0.0622406639004149,0.121212121212121,0.114035087719298,"נווהאור",147.980558043945,"נווה אור"
612,"צרופה",0.21763085399449,0.203883495145631,0.18494623655914,0.124760076775432,0.129699248120301,0.191369606003752,0.220703125,0.19047619047619,0.247292418772563,"צרופה",123.593660225195,"צרופה"
613,"ציפורי",0.1015625,0.112068965517241,0.0697115384615385,0.0769230769230769,0.0565656565656566,0.0912951167728238,0.0767634854771784,0.09979633401222,0.0721649484536082,"ציפורי",146.223523799046,"ציפורי"
617,"ברקאי",0.00803212851405622,0.0307692307692308,0.00649350649350649,0.018348623853211,0.0173913043478261,0.0269461077844311,0.024024024024024,0.0381231671554252,0.021021021021021,"ברקאי",109.456607957353,"ברקאי"
628,"ג'ת",NA,NA,0.00684655658477648,0.0067990209409845,0.00306957708049113,0.00393991627677912,0.00131090233777584,0.00682438580527752,0.000585823081429408,"גת",101.401483406228,"ג'ת"
635,"מוקייבלה",0.044559585492228,0.0207197382769902,0.0118226600985222,0.00225903614457831,0.00240963855421687,0.00317208564631245,0,0,0.000899280575539568,"מוקייבלה",126.623864978808,"מוקייבלה"
636,"צנדלה",0.00290697674418605,0.0024330900243309,0,0,0.0132978723404255,0,0,0,0,"צנדלה",128.866304152529,"צנדלה"
637,"ערערה",0.00265839610101905,0.00222799851466766,0.0282010860045542,0.001508864579404,0.015531660692951,0.00218579234972678,0.00198216055500496,0.000756715853197125,0.00392262951440552,"ערערה",113.76883619827,"ערערה"
638,"קלנסווה",0.00201723821749496,0.00350017500875044,0.00804932351430039,0.00222066386161758,0.00333687244046716,0.00227100681302044,0.00144355692426138,0.00117118875658794,0.00277442702050663,"קלנסווה",88.1136913427146,"קלנסווה"
648,"מצר",0.0143884892086331,0.0140845070422535,0.0191082802547771,0.00923076923076923,0.00925925925925926,0.00955414012738853,0.00334448160535117,0.00986842105263158,0.0134228187919463,"מצר",107.010566207139,"מצר"
649,"מייסר",0,0.00859598853868195,0.141860465116279,0,0.00428265524625268,0.00546448087431694,0.003584229390681,0.00669642857142857,0.00168634064080944,"מייסר",107.116915623411,"מייסר"
652,"אבטין",0.00645161290322581,0.0173661360347323,0.0339805825242718,0.00631313131313131,0.240829346092504,0.0133481646273637,0.00260642919200695,0.00612557427258806,0.027681660899654,"אבטין",141.534040080821,"אבטין"
654,"כפר קרע",0.0059645852749301,0.00902612826603325,0.00286779466590192,0.00144230769230769,0.0144141088689164,0.00770171149144254,0.00519930675909879,0.0229365477984263,0.00188479208387325,"כפרקרע",111.897493213286,"כפר קרע"
661,"שער אפרים",0.244618395303327,0.204355108877722,0.18048128342246,0.112845138055222,0.0708915145005371,0.127292340884574,0.109207708779443,0.184381778741866,0.194752774974773,"שעראפרים",89.7147843631671,"שער אפרים"
675,"הבונים",0.0188679245283019,0.0263157894736842,0.0248756218905473,0.0192307692307692,0.00980392156862745,0.0248756218905473,0.0292682926829268,0.0568720379146919,0.0295566502463054,"הבונים",122.441458087567,"הבונים"
677,"הסוללים",0.0551181102362205,0.0878048780487805,0.0346420323325635,0.0318091451292246,0.0403669724770642,0.0704761904761905,0.0560747663551402,0.0813308687615527,0.0502692998204668,"הסוללים",145.499009764693,"הסוללים"
679,"אביאל",0.116465863453815,0.0865671641791045,0.0375,0.0338983050847458,0.0268292682926829,0.0551378446115288,0.0556900726392252,0.113861386138614,0.0597014925373134,"אביאל",113.189404746705,"אביאל"
680,"אומץ",0.0593607305936073,0.0445344129554656,0.0442477876106195,0.0484330484330484,0.0473684210526316,0.0426065162907268,0.0412371134020619,0.0712468193384224,0.0629722921914358,"אומץ",97.3185737234505,"אומץ"
682,"אליקים",0.806646525679758,0.660869565217391,0.248648648648649,0.306264501160093,0.254041570438799,0.316666666666667,0.276190476190476,0.415143603133159,0.477973568281938,"אליקים",126.49071562315,"אליקים"
683,"גבע כרמל",0.0648379052369077,0.092274678111588,0.104938271604938,0.0755813953488372,0.046594982078853,0.0683012259194396,0.0629770992366412,0.103578154425612,0.1,"גבעכרמל",125.067644571866,"גבע כרמל"
684,"היוגב",0.0710227272727273,0.111111111111111,0.0507246376811594,0.0462962962962963,0.0328227571115974,0.0677570093457944,0.0597701149425287,0.0842572062084257,0.054,"היוגב",129.855783154524,"היוגב"
686,"נווה ימין",0.199600798403194,0.196994991652755,0.165402124430956,0.131972789115646,0.0957309184993532,0.13570487483531,0.136054421768707,0.15712187958884,0.222539229671897,"נווהימין",75.4972829253229,"נווה ימין"
687,"עין איילה",0.0550724637681159,0.05720823798627,0.0398406374501992,0.0465116279069767,0.0343642611683849,0.0601769911504425,0.0586080586080586,0.072463768115942,0.0533807829181495,"עיןאיילה",121.5730484031,"עין איילה"
689,"מגדים",0.171428571428571,0.275574112734864,0.161061946902655,0.0985221674876847,0.0667752442996743,0.115823817292007,0.0998248686514886,0.154605263157895,0.127962085308057,"מגדים",132.186731245728,"מגדים"
694,"מעגן מיכאל",0.0177935943060498,0.0357917570498915,0.0190380761523046,0.0192660550458716,0.0250431778929188,0.0371352785145889,0.0385650224215247,0.0591872791519435,0.0318181818181818,"מעגןמיכאל",113.050465544958,"מעגן מיכאל"
697,"בארותיים",0.0900900900900901,0.1,0.0819672131147541,0.0541044776119403,0.0554561717352415,0.0853432282003711,0.0738007380073801,0.102836879432624,0.0840480274442539,"בארותיים",91.5560949224122,"בארותיים"
698,"בורגתה",0.0748299319727891,0.0794297352342159,0.0636042402826855,0.0544871794871795,0.034257748776509,0.0774299835255354,0.06645056726094,0.0950080515297907,0.0940032414910859,"בורגתה",91.511299271711,"בורגתה"
703,"גבעת עוז",0.0418410041841004,0.0681818181818182,0.0740740740740741,0.0449438202247191,0.028673835125448,0.0738007380073801,0.0703125,0.0931174089068826,0.047244094488189,"גבעתעוז",125.235131411897,"גבעת עוז"
715,"להבות חביבה",0.0236686390532544,0.0612244897959184,0.0171821305841924,0.0418848167539267,0.0154185022026432,0.0302375809935205,0.0319829424307036,0.0378947368421053,0.0142276422764228,"להבותחביבה",100.888161764651,"להבות חביבה"
716,"אייל",0.0666666666666667,0.0576131687242798,0.013840830449827,0.0337837837837838,0.015625,0.0262295081967213,0.0130293159609121,0.0341614906832298,0.03003003003003,"אייל",81.7992955971963,"אייל"
718,"ירחיב",0.317307692307692,0.245614035087719,0.2,0.117296222664016,0.0929054054054054,0.1396933560477,0.137992831541219,0.186411149825784,0.256198347107438,"ירחיב",76.0486684630799,"ירחיב"
734,"גן יאשיה",0.0433333333333333,0.0740740740740741,0.0588235294117647,0.0625,0.0468431771894094,0.069327731092437,0.0563380281690141,0.0914396887159533,0.0446601941747573,"גןיאשיה",95.4168755943459,"גן יאשיה"
737,"עולש",0.0611246943765281,0.109913793103448,0.093984962406015,0.0699815837937385,0.0752508361204013,0.094017094017094,0.0753064798598949,0.144758735440932,0.0690846286701209,"עולש",93.311459452138,"עולש"
738,"דור",0.0576923076923077,0.085427135678392,0.0512820512820513,0.0502283105022831,0.0363636363636364,0.0717488789237668,0.0495495495495495,0.062780269058296,0.0654205607476635,"דור",118.82375841593,"דור"
753,"ינוב",0.199438202247191,0.186813186813187,0.13189448441247,0.0804347826086956,0.0863157894736842,0.135021097046413,0.133909287257019,0.164079822616408,0.142543859649123,"ינוב",89.3416550334358,"ינוב"
758,"יד חנה",0.0956521739130435,0.150684931506849,0.0451807228915663,0.0537084398976982,0.0405405405405405,0.0806100217864924,0.0481400437636762,0.103896103896104,0.0869565217391304,"ידחנה",93.8096295380585,"יד חנה"
767,"פורת",0.68944099378882,0.576719576719577,0.457516339869281,0.207815275310835,0.168852459016393,0.2734375,0.285074626865672,0.367986798679868,0.472834067547724,"פורת",86.1166815669804,"פורת"
769,"ניר עציון",0.575862068965517,0.62589928057554,0.692041522491349,0.551839464882943,0.541528239202658,0.536585365853659,0.559375,0.620915032679739,0.425324675324675,"נירעציון",130.832680191117,"ניר עציון"
773,"עמיקם",0.0729613733905579,0.110714285714286,0.0462962962962963,0.0220385674931129,0.0253164556962025,0.0544554455445545,0.0736040609137056,0.0893300248138958,0.0482233502538071,"עמיקם",117.549262295234,"עמיקם"
800,"בית חנניה",0.0619195046439628,0.0872093023255814,0.0598503740648379,0.0415754923413567,0.0309278350515464,0.0714285714285714,0.0802603036876356,0.090146750524109,0.0772442588726514,"ביתחנניה",110.746874357003,"בית חנניה"
806,"עין יהב",0.0319488817891374,0.0515759312320917,0.0376344086021505,0.0236220472440945,0.0175879396984925,0.02,0.0336787564766839,0.0390243902439024,0.0260047281323877,"עיןיהב",107.365947205882,"עין יהב"
807,"חניאל",0.032345013477089,0.0563063063063063,0.0242825607064018,0.04149377593361,0.0143737166324435,0.0473251028806584,0.0300429184549356,0.0511727078891258,0.0575692963752665,"חניאל",91.8233303439696,"חניאל"
808,"ניר אליהו",0.0180995475113122,0.0617283950617284,0.00421940928270042,0.0102739726027397,0.0101010101010101,0.0324675324675325,0.0299003322259136,0.043613707165109,0.0477707006369427,"ניראליהו",79.1035202847633,"ניר אליהו"
810,"עופר",0.180851063829787,0.165217391304348,0.114982578397213,0.0803858520900322,0.0473186119873817,0.067524115755627,0.0738255033557047,0.110344827586207,0.140065146579805,"עופר",122.356480971477,"עופר"
837,"עזריאל",0.429090909090909,0.313432835820896,0.338308457711443,0.168514412416851,0.205588822355289,0.239669421487603,0.24248496993988,0.329004329004329,0.291242362525458,"עזריאל",85.8503312875295,"עזריאל"
842,"געש",0.010989010989011,0.0257731958762887,0.0072463768115942,0.0154867256637168,0.0214007782101167,0.0406976744186047,0.0325047801147228,0.052158273381295,0.0414414414414414,"געש",76.5806574940646,"געש"
850,"אחיטוב",0.104477611940299,0.171641791044776,0.150776053215078,0.0972477064220184,0.0892531876138433,0.0786106032906764,0.145756457564576,0.140115163147793,0.194192377495463,"אחיטוב",98.9863765346394,"אחיטוב"
851,"ניצני עוז",0.111111111111111,0.119804400977995,0.108606557377049,0.091726618705036,0.0412186379928315,0.0577933450087566,0.0823117338003503,0.102420856610801,0.181494661921708,"ניצניעוז",91.7283077756317,"ניצני עוז"
854,"רחוב",0.470149253731343,0.370588235294118,0.402234636871508,0.225806451612903,0.14468085106383,0.171673819742489,0.150406504065041,0.162393162393162,0.246963562753036,"רחוב",132.031460703097,"רחוב"
868,"אלוני יצחק",0.181818181818182,0.0909090909090909,0.142857142857143,0.037037037037037,0.0416666666666667,0.178571428571429,0.173913043478261,0.0434782608695652,0.25,"אלונייצחק",112.140711569085,"אלוני יצחק"
872,"גאולי תימן",0.263414634146341,0.272277227722772,0.248677248677249,0.150485436893204,0.131707317073171,0.150485436893204,0.120772946859903,0.197802197802198,0.177083333333333,"גאוליתימן",96.1127264854557,"גאולי תימן"
874,"מגדל העמק",0.45748514658615,0.480964912280702,0.265168354326171,0.356847409190043,0.360176792269084,0.408306566071562,0.392501115905371,0.436642768079801,0.444500107349889,"מגדלהעמק",137.574717436686,"מגדל העמק"
877,"בית חירות",0.0223463687150838,0.0155844155844156,0.0224719101123595,0.0199115044247788,0.00211416490486258,0.0148936170212766,0.0127931769722814,0.0423728813559322,0.0108225108225108,"ביתחירות",93.5090591440819,"בית חירות"
880,"עין שריד",0.245080500894454,0.177364864864865,0.165477888730385,0.101542416452442,0.071863580998782,0.116867469879518,0.097051597051597,0.158924205378973,0.171462829736211,"עיןשריד",85.8293837031331,"עין שריד"
889,"כפר חסידים ב'",0.383720930232558,0.384615384615385,0.422222222222222,0.54,0.333333333333333,0.347826086956522,0.279220779220779,0.408805031446541,0.312101910828025,"כפרחסידיםב",139.413381104052,"כפר חסידים ב'"
913,"שבלי - אום אל-גנם",0.0179487179487179,0.0231388329979879,0.0949759119064005,0.0180351210251542,0.0225988700564972,0.0309544282029235,0.00949742777997626,0.0188323917137476,0.0106288751107174,"שבליאוםאלגנם",146.482749410878,"שבלי - אום אל-גנם"
921,"שער מנשה",0.333333333333333,0.25,0.2,0.166666666666667,0.272727272727273,0.181818181818182,0.272727272727273,0.461538461538462,0.25,"שערמנשה",105.859274379718,"שער מנשה"
922,"רכסים",0.85736149372513,0.85759953501889,0.863846509477577,0.842105263157895,0.89609644087256,0.894517169417568,0.898311444652908,0.913635515761985,0.934041459653932,"רכסים",139.67906082986,"רכסים"
942,"סואעד (חמרייה)",NA,0,0.0273972602739726,0.0833333333333333,0,0,0,0,0,"סואעדחמרייה",146.176975897065,"סואעד (חמרייה)*"
944,"בסמת טבעון",0.0532786885245902,0.0354838709677419,0.0842729970326409,0.0131690739167375,0.0638428483732351,0.0505297473512632,0.0198222829801777,0.00968660968660969,0.00499583680266445,"בסמתטבעון",139.387251028314,"בסמת טבעון"
975,"זרזיר",0.0625407166123779,0.0536700868192581,0.0857002938295788,0.0286481647269472,0.0129101667563206,0.0105551211884285,0.00809289232934553,0.00423056583818086,0.00197005516154452,"זרזיר",141.224588606875,"זרזיר"
978,"כעביה-טבאש-חג'אג'",0.307262569832402,0.107142857142857,0.139114160948222,0.0440867739678097,0.0413114754098361,0.0936128717698684,0.0095151789759855,0.00456919060052219,0.0138826690550828,"כעביהטבאשחגאג",142.6090138145,"כעביה-טבאש-חג'אג'רה"
990,"ראס עלי",NA,0.0496894409937888,0.0112994350282486,0.0297029702970297,0.258064516129032,0,0.0105633802816901,0.00543478260869565,0,"ראסעלי",144.085268568637,"ראס עלי"
994,"מנשית זבדה",0.175074183976261,0.00917431192660551,0.0411311053984576,0.00636942675159236,0.0121951219512195,0.00974658869395711,0,0.00255754475703325,0.00408997955010225,"מנשיתזבדה",139.074214502864,"מנשית זבדה"
998,"ביר אל-מכסור",0.2,0.0517666392769104,0.00400534045393859,0.0733532934131736,0.0475949367088608,0.0341319330489006,0.0039314799213704,0.0173010380622837,0.00117343346632246,"ביראלמכסור",147.065506516193,"ביר אל-מכסור"
1020,"אור עקיבא",0.451305683563748,0.448430493273543,0.261329305135952,0.271913746630728,0.222142047211628,0.283467783110385,0.266875061053043,0.302775179295292,0.308759996323191,"אורעקיבא",106.145054656694,"אור עקיבא"
1024,"חרוצים",0.186335403726708,0.177111716621253,0.128787878787879,0.114093959731544,0.0592255125284738,0.0950226244343891,0.0875576036866359,0.0913348946135831,0.116772823779193,"חרוצים",78.1559277100065,"חרוצים"
1044,"יעף",NA,NA,0.0803571428571429,0.0161290322580645,0.0476190476190476,0.0719424460431655,0.0503597122302158,0.126865671641791,0.119402985074627,"יעף",86.7186263333281,"יעף"
1057,"נווה זוהר",NA,NA,0.142857142857143,0.1,0.136363636363636,0.114285714285714,0.0476190476190476,0.24,0.263157894736842,"נווהזוהר",86.6153736448038,"נווה זוהר"
1061,"נצרת עילית",0.397083062784077,0.430113802159323,0.080826975141521,0.271456995568418,0.274869724426083,0.289686344336392,0.263666320588634,0.278685198336208,0.277833167165171,"נצרתעילית",142.420451164397,"נצרת עילית"
1069,"רם-און",0.0457142857142857,0.0654911838790932,0.0547045951859956,0.0416666666666667,0.0422535211267606,0.0501002004008016,0.053388090349076,0.0884086444007859,0.05,"רםאון",125.512357337545,"רם-און"
1077,"גבעת שפירא",0.0471698113207547,0.0344827586206897,0.0340136054421769,0.0289017341040462,0.0357142857142857,0.072289156626506,0.064327485380117,0.0470588235294118,0.0508474576271186,"גבעתשפירא",91.7040971171502,"גבעת שפירא"
1102,"צוקי ים",0.08,0.108910891089109,0.115384615384615,0.0483870967741935,0.0336134453781513,0.0789473684210526,0.0504201680672269,0.0661764705882353,0.0909090909090909,"צוקיים",91.4563900566924,"צוקי ים"
1108,"אומן",0.428571428571429,0.510204081632653,0.205479452054795,0.248587570621469,0.173076923076923,0.289592760180996,0.212121212121212,0.259398496240602,0.297935103244838,"אומן",128.224921313989,"אומן"
1110,"חבר",0.32258064516129,0.330827067669173,0.208333333333333,0.203592814371257,0.0865800865800866,0.168,0.154440154440154,0.197879858657244,0.260387811634349,"חבר",128.077983220201,"חבר"
1124,"נאות הכיכר",0.0320855614973262,0.06875,0.053030303030303,0.0367647058823529,0.0204081632653061,0.0268456375838926,0.037037037037037,0.0559440559440559,0.0479452054794521,"נאותהכיכר",95.9978540434124,"נאות הכיכר"
1127,"מעלה גלבוע",0.438709677419355,0.483695652173913,0.424528301886792,0.457831325301205,0.414141414141414,0.462068965517241,0.455172413793103,0.525423728813559,0.145631067961165,"מעלהגלבוע",130.296381007224,"מעלה גלבוע"
1128,"מי עמי",0.079646017699115,0.306049822064057,0.0437158469945355,0.0106382978723404,0.00975609756097561,0.0341463414634146,0.0255102040816327,0.043010752688172,0.0456852791878173,"מיעמי",117.883067487563,"מי עמי"
1148,"צור נתן",0.119047619047619,0.162162162162162,0.0967741935483871,0.0946745562130177,0.0175438596491228,0.0833333333333333,0.0609756097560976,0.0946745562130177,0.0764331210191083,"צורנתן",86.5726225323015,"צור נתן"
1150,"צופר",0.0333333333333333,0.0730593607305936,0.0418604651162791,0.0404858299595142,0.0274509803921569,0.0528455284552846,0.0823970037453183,0.0565217391304348,0.0398406374501992,"צופר",110.177248525772,"צופר"
1151,"פארן",0.0420560747663551,0.0382978723404255,0.0505836575875486,0.0333333333333333,0.0145454545454545,0.0384615384615385,0.0231660231660232,0.0577617328519856,0.0224719101123595,"פארן",124.831766677097,"פארן"
1155,"מגן שאול",0.132352941176471,0.24375,0.161904761904762,0.0891472868217054,0.0960264900662252,0.12012987012987,0.107936507936508,0.186379928315412,0.209726443768997,"מגןשאול",127.685270666056,"מגן שאול"
1167,"קיסריה",0.0721003134796238,0.0753119429590018,0.0644041650597763,0.0607443820224719,0.0496025437201908,0.0928822215129269,0.0794743429286608,0.117182756527019,0.0951552074267479,"קיסריה",105.968346314921,"קיסריה"
1175,"עידן",0.115384615384615,0.121621621621622,0.100671140939597,0.0751445086705202,0.0476190476190476,0.0614525139664804,0.0523255813953488,0.0977011494252874,0.0761421319796954,"עידן",101.797446958077,"עידן"
1176,"ספיר",0.264285714285714,0.205882352941176,0.106508875739645,0.142857142857143,0.197916666666667,0.201970443349754,0.204081632653061,0.258883248730964,0.147058823529412,"ספיר",106.411934404822,"ספיר"
1182,"אלון הגליל",0.0359897172236504,0.0354609929078014,0.0117647058823529,0.0235081374321881,0.00749625187406297,0.0374414976599064,0.0309951060358891,0.0627871362940276,0.0327332242225859,"אלוןהגליל",145.592263372039,"אלון הגליל"
1186,"הושעיה",0.5678391959799,0.583218707015131,0.579004329004329,0.534261241970021,0.511520737327189,0.566854990583804,0.532180595581172,0.576887232059646,0.276026743075454,"הושעיה",148.975998739751,"הושעיה"
1197,"נאות סמדר",0.0792682926829268,0.0628930817610063,0.0157068062827225,0.0248756218905473,0.0133333333333333,0.0440251572327044,0.0201342281879195,0,0.0387096774193548,"נאותסמדר",148.694250429574,"נאות סמדר"
1199,"עדי",0.0875634517766497,0.0975336322869955,0.0546623794212219,0.0637707948243993,0.0421792618629174,0.103111111111111,0.0748422001803427,0.0937223695844386,0.086128739800544,"עדי",146.113641223402,"עדי"
1224,"כוכב יאיר",0.149484536082474,0.138666666666667,0.120147255689424,0.122798353909465,0.113015978695073,0.159470153105109,0.129748482220295,0.163461538461538,0.0896333976495352,"כוכביאיר",82.3477680722022,"כוכב יאיר"
1236,"נירית",0.0576576576576577,0.0665610142630745,0.0372272143774069,0.0361757105943152,0.0294117647058824,0.0579710144927536,0.0388198757763975,0.067175572519084,0.0422535211267606,"נירית",76.5236730765502,"נירית"
1244,"תמרת",0.0452961672473868,0.0491266375545851,0.0276301806588735,0.0249221183800623,0.0220356768100735,0.0544444444444444,0.0304396843291995,0.0485651214128035,0.039766081871345,"תמרת",140.525912961301,"תמרת"
1247,"חריש",0.337916063675832,0.337981407702523,0.403508771929825,0.314769975786925,0.349465558194774,0.416822429906542,0.391236611489776,0.483691220440337,0.480726917121669,"חריש",108.207055277217,"חריש"
1249,"הרדוף",0.00561797752808989,0.0198019801980198,0,0.00689655172413793,0.0148809523809524,0.0159744408945687,0.0159235668789809,0.0248447204968944,0.0194805194805195,"הרדוף",144.048642200379,"הרדוף"
1251,"עין תמר",NA,0.102564102564103,0.125,0.133333333333333,0.148936170212766,0.0632911392405063,0.0947368421052632,0.147368421052632,0.102040816326531,"עיןתמר",99.5715367664288,"עין תמר"
1257,"חנתון",NA,0.0381679389312977,0.0577617328519856,0.0963855421686747,0.0763358778625954,0.0725,0.0646766169154229,0.131840796019901,0.0802919708029197,"חנתון",148.883628618206,"חנתון"
1262,"צוקים",NA,NA,0.0543478260869565,0.0576923076923077,0.0218978102189781,0.0307692307692308,0.0507246376811594,0.0740740740740741,0.123076923076923,"צוקים",115.855812615142,"צוקים"
1274,"גן נר",0.16135881104034,0.175925925925926,0.125938281901585,0.124821683309558,0.0706806282722513,0.114324142568931,0.103425117528543,0.157501697216565,0.15049504950495,"גןנר",129.875046554086,"גן נר"
1282,"מירב",0.774436090225564,0.586021505376344,0.742718446601942,0.741035856573705,0.699346405228758,0.764912280701754,0.636363636363636,0.730886850152905,0.536231884057971,"מירב",128.547140207541,"מירב"
1283,"תל תאומים",0.438095238095238,0.406015037593985,0.389830508474576,0.264150943396226,0.172839506172839,0.236051502145923,0.224,0.345833333333333,0.327137546468401,"תלתאומים",132.400725626865,"תל תאומים"
1284,"נופית",0.051980198019802,0.0664206642066421,0.0414746543778802,0.0425531914893617,0.0347769028871391,0.0787037037037037,0.059779077322937,0.101123595505618,0.0629654705484089,"נופית",142.378658060342,"נופית"
1288,"גבעת אלה",0.0447928331466965,0.0516877637130802,0.0309090909090909,0.0252237591537836,0.023130300693909,0.0539867109634551,0.0462046204620462,0.0606312292358804,0.0449339207048458,"גבעתאלה",143.236084468365,"גבעת אלה"
1290,"זמר",0.00396825396825397,0.0145015105740181,0.0191846522781775,0.00272585669781931,0.0516821062896148,0.0109116508271735,0.00280461202866937,0.00159151193633952,0.00106458481192335,"זמר",97.5346815267403,"זמר"
1315,"מתן",0.0858433734939759,0.0991114149008886,0.04742145820984,0.0773026315789474,0.0494534096824571,0.0812664907651715,0.0662868979803211,0.107892107892108,0.089567966280295,"מתן",76.4474550976064,"מתן"
1316,"אל-עריאן",NA,NA,0,0,0,0.0222222222222222,0.00970873786407767,0,0.1,"אלעריאן",116.432290718184,"אל -עריאן"
1319,"בת חפר",0.108353221957041,0.126506024096386,0.0808119494446572,0.0794889992902768,0.0452127659574468,0.098186794389326,0.0745299145299145,0.120013522650439,0.105419695968275,"בתחפר",94.7580519444049,"בת חפר"
1320,"עין חוד",NA,0.0888888888888889,0.330097087378641,0.157407407407407,0.304347826086957,0.00892857142857143,0,0,0,"עיןחוד",130.509258448827,"עין חוד"
1321,"ח'ואלד",0.0275229357798165,0.0283018867924528,0.0909090909090909,0.0138888888888889,0.0691244239631336,0.0158730158730159,0.0037037037037037,0.0227272727272727,0.0155038759689922,"חואלד",143.406750393357,"ח'ואלד"
1326,"בסמ""ה",0.00344234079173838,0.00224820143884892,0.0348583877995643,0.00196298373527762,0.0147234381217668,0.00248412917471709,0.000451161741484322,0.00589159465828751,0.0144348894348894,"בסמה",111.856106121501,"בסמ""ה"
1327,"מעלה עירון",0.0136887608069164,0.00818062827225131,0.13459595959596,0.00936262153402953,0.0479296653431651,0.0096051227321238,0.00182058920887123,0.00189993666877771,0.0546014971378247,"מעלהעירון",121.613439981005,"מעלה עירון"
1330,"אחוזת ברק",0.132936507936508,0.15929203539823,0.0994764397905759,0.108247422680412,0.073208722741433,0.1285140562249,0.120583717357911,0.165094339622642,0.147516679021497,"אחוזתברק",140.509973761544,"אחוזת ברק"
1337,"שמשית",0.0412026726057906,0.050880626223092,0.03125,0.0493630573248408,0.0336574420344054,0.0537065052950076,0.0518134715025907,0.0762463343108504,0.0428360413589365,"שמשית",144.191982485929,"שמשית"
1345,"צור יצחק",NA,0.188405797101449,0.0792377131394183,0.0896739130434783,0.0572640509013786,0.115289982425308,0.0947916666666667,0.13728813559322,0.118686868686869,"צוריצחק",85.6830755900862,"צור יצחק"
1361,"בת חן",NA,0.0776470588235294,0.0477386934673367,0.0402010050251256,0.0286624203821656,0.0875,0.053968253968254,0.114155251141553,0.0683760683760684,"בתחן",91.9183556476219,"בת חן"
1370,"מצפה אילן",NA,NA,0.760869565217391,0.75,0.731543624161074,0.782608695652174,0.730392156862745,0.848484848484849,0.360902255639098,"מצפהאילן",110.19054489435,"מצפה אילן"
2002,"תנובות",0.168711656441718,0.174785100286533,0.187654320987654,0.110619469026549,0.0912951167728238,0.104925053533191,0.113425925925926,0.191685912240185,0.183406113537118,"תנובות",89.6826979006484,"תנובות"
2003,"תלמי אלעזר",0.109271523178808,0.124293785310734,0.0491400491400491,0.0577367205542725,0.0218687872763419,0.0675944333996024,0.0694980694980695,0.0933333333333333,0.075,"תלמיאלעזר",103.931497645781,"תלמי אלעזר"
2008,"שדה יצחק",0.053475935828877,0.110576923076923,0.101167315175097,0.0481481481481481,0.0424028268551237,0.0586206896551724,0.0467625899280576,0.11986301369863,0.0963855421686747,"שדהיצחק",100.761978600987,"שדה יצחק"
2015,"שדי חמד",0.0695652173913043,0.0919282511210762,0.0463821892393321,0.0601769911504425,0.0482758620689655,0.0472027972027972,0.0648648648648649,0.0977859778597786,0.0810313075506446,"שדיחמד",75.2256690366854,"שדי חמד"
2016,"רוויה",0.486238532110092,0.447154471544715,0.584507042253521,0.306666666666667,0.190751445086705,0.215469613259669,0.187845303867403,0.285714285714286,0.411764705882353,"רוויה",130.968918814604,"רוויה"
2018,"גבעת חיים (איחוד)",0.0236794171220401,0.0172117039586919,0.00609756097560976,0.020260492040521,0.0108108108108108,0.0175438596491228,0.012311901504788,0.0245231607629428,0.014945652173913,"גבעתחייםאיחוד",97.8752656019918,"גבעת חיים (איחוד)"
2024,"אום אל-קוטוף",0.00884955752212389,0.00677966101694915,0.0129032258064516,0.00963391136801541,0.113259668508287,0.041501976284585,0.00172711571675302,0.0638297872340425,0,"אוםאלקוטוף",110.04551505697,"אום אל-קוטוף"
2026,"ירדנה",0.355555555555556,0.238993710691824,0.294478527607362,0.184615384615385,0.054726368159204,0.131067961165049,0.131455399061033,0.203980099502488,0.151376146788991,"ירדנה",146.720925341642,"ירדנה"
2029,"מדרך עוז",0.371647509578544,0.356060606060606,0.25609756097561,0.219948849104859,0.127877237851662,0.151741293532338,0.153284671532847,0.221945137157107,0.200980392156863,"מדרךעוז",126.732540906711,"מדרך עוז"
2042,"עין גדי",0.0337837837837838,0.0391459074733096,0.0325732899022801,0.0408163265306122,0.0153846153846154,0.0377358490566038,0.0383386581469649,0.0844155844155844,0.0353356890459364,"עיןגדי",77.5890146612994,"עין גדי"
2043,"בחן",0.0350877192982456,0.0611111111111111,0.0284900284900285,0.0406698564593301,0.028322440087146,0.0491071428571429,0.0433839479392625,0.0635245901639344,0.0518962075848303,"בחן",96.900446276704,"בחן"
2052,"אביטל",0.2875,0.375478927203065,0.272030651340996,0.138888888888889,0.177474402730375,0.212418300653595,0.157575757575758,0.254180602006689,0.373088685015291,"אביטל",130.535945788176,"אביטל"
2053,"פרזון",0.181818181818182,0.305882352941176,0.152284263959391,0.13215859030837,0.154185022026432,0.147679324894515,0.134883720930233,0.222222222222222,0.286307053941909,"פרזון",130.112705998516,"פרזון"
2054,"מיטב",0.226600985221675,0.311627906976744,0.202586206896552,0.125,0.125,0.106007067137809,0.163194444444444,0.218867924528302,0.258620689655172,"מיטב",129.426453960867,"מיטב"
2055,"מאור",0.204918032786885,0.20501138952164,0.103074141048825,0.104746317512275,0.0708092485549133,0.113669064748201,0.1212976022567,0.178670360110803,0.169398907103825,"מאור",103.219854549862,"מאור"
2057,"שדי תרומות",0.391891891891892,0.318181818181818,0.238636363636364,0.121212121212121,0.0625,0.1,0.0898876404494382,0.149193548387097,0.249146757679181,"שדיתרומות",131.375004304423,"שדי תרומות"
2100,"טירת כרמל",0.373962591353896,0.358375517717441,0.265629892495564,0.226151082537582,0.159116022099448,0.218999335106383,0.204249154997586,0.255626223091977,0.287141905396402,"טירתכרמל",135.256758153947,"טירת כרמל"
2300,"קרית טבעון",0.0868282672822881,0.113400819474572,0.0635509936667395,0.0672863631562269,0.050732109713343,0.0869933326277913,0.0685351665785299,0.0987654320987654,0.0851173322354879,"קריתטבעון",134.080032762355,"קריית טבעון"
2500,"נשר",0.304741980474198,0.326530612244898,0.124841410809439,0.210460675033128,0.175770643667146,0.257340519668571,0.235551315684872,0.251712763258056,0.261228533685601,"נשר",137.341033440998,"נשר"
2710,"אום אל-פחם",0.00984059856864021,0.00398817300419446,0.00833122948750315,0.00127946459327789,0.00251078349320801,0.00224039430939845,0.00107099825962783,0.00167056465085199,0.00518995225243928,"אוםאלפחם",116.681538911614,"אום אל-פחם"
2720,"טירה",0.00351271603203597,0.00505111244738425,0.0124443429615253,0.0013780036172595,0.00236742424242424,0.00232191724023551,0.00243290504067513,0.00138089758342923,0.00176292813969107,"טירה",81.4589074415146,"טירה"
2730,"טייבה",0.00397496617050068,0.0114068441064639,0.0124791409707611,0.00428611188421932,0.00731750847760129,0.00352055462275903,0.00155069781401631,0.00631141647359591,0.00241365438767887,"טייבה",84.8626966179059,"טייבה"
3555,"נתיב הגדוד",0.108108108108108,0.0857142857142857,0.209876543209877,0.133333333333333,0.0654205607476635,0.102564102564103,0.0662650602409639,0.179487179487179,0.169117647058824,"נתיבהגדוד",96.6277891096904,"נתיב הגדוד"
3556,"אלמוג",0.0634920634920635,0.0760869565217391,0.00961538461538462,0.0480769230769231,0.0514705882352941,0.102362204724409,0.0597014925373134,0.112,0.0909090909090909,"אלמוג",88.7219302846582,"אלמוג"
3557,"קדומים",0.84880147510756,0.788269794721408,0.724260958205912,0.672860635696822,0.731281580156178,0.686964795432921,0.669227076332213,0.806420233463035,0.756796116504854,"קדומים",92.2153355120756,"קדומים"
3558,"תומר",0.166666666666667,0.158536585365854,0.137362637362637,0.204545454545455,0.0769230769230769,0.141463414634146,0.105820105820106,0.209183673469388,0.139896373056995,"תומר",97.7447321995896,"תומר"
3560,"אלקנה",0.805571030640668,0.719626168224299,0.74866569626395,0.712989493791786,0.722169811320755,0.702569169960474,0.659036719122556,0.770429853566368,0.557974233673923,"אלקנה",75.4164995209854,"אלקנה"
3564,"כוכב השחר",0.858361774744027,0.917730496453901,0.761433868974042,0.572904707233065,0.820281124497992,0.734358974358974,0.786427145708583,0.921626984126984,0.889822595704949,"כוכבהשחר",86.6477321932944,"כוכב השחר"
3565,"רימונים",0.371647509578544,0.316546762589928,0.202127659574468,0.231746031746032,0.182584269662921,0.236467236467236,0.173076923076923,0.320916905444126,0.4,"רימונים",84.798016379545,"רימונים"
3566,"יפית",0.227272727272727,0.246153846153846,0.123076923076923,0.24390243902439,0.196261682242991,0.201923076923077,0.178217821782178,0.262626262626263,0.386138613861386,"יפית",103.089497434212,"יפית"
3567,"סלעית",0.109704641350211,0.047244094488189,0.037037037037037,0.0378548895899054,0.0397236614853195,0.0538336052202284,0.0429936305732484,0.0741885625965997,0.0625954198473282,"סלעית",89.0382821978541,"סלעית"
3568,"ריחן",0.186440677966102,0.269230769230769,0.134831460674157,0.181818181818182,0.129032258064516,0.173333333333333,0.16025641025641,0.294797687861272,0.233695652173913,"ריחן",113.961403989362,"ריחן"
3569,"מבוא דותן",0.32,0.467741935483871,0.227941176470588,0.325443786982249,0.322916666666667,0.265625,0.3125,0.462686567164179,0.574380165289256,"מבואדותן",111.598160976193,"מבוא דותן"
3570,"אריאל",0.477866522268851,0.405399061032864,0.187162236682475,0.305546979520428,0.27961611516545,0.358136156081362,0.31948782011243,0.367613697742249,0.353290870488323,"אריאל",79.160328538243,"אריאל"
3571,"שבי שומרון",0.78978978978979,0.763231197771588,0.42257217847769,0.424019607843137,0.662162162162162,0.436073059360731,0.545045045045045,0.78619153674833,0.774678111587983,"שבישומרון",98.5161146470783,"שבי שומרון"
3572,"כפר תפוח",0.606666666666667,0.826771653543307,0.520958083832335,0.428571428571429,0.671457905544148,0.461693548387097,0.507216494845361,0.778884462151394,0.826666666666667,"כפרתפוח",90.7721558793752,"כפר תפוח"
3574,"בית אל",0.877577885037297,0.86799501867995,0.729362985299661,0.603448275862069,0.827598439162824,0.734574662285506,0.768915393216549,0.884615384615385,0.864714603409933,"ביתאל",75.6499439568341,"בית אל"
3576,"מצפה יריחו",0.703826955074875,0.896648044692737,0.544652701212789,0.556231003039514,0.748549323017408,0.56379821958457,0.627037392138063,0.81420233463035,0.787906976744186,"מצפהיריחו",83.7341201345981,"מצפה יריחו"
3578,"שדמות מחולה",0.875598086124402,0.770114942528736,0.851694915254237,0.760456273764259,0.806748466257669,0.762917933130699,0.790996784565916,0.863492063492064,0.747058823529412,"שדמותמחולה",127.487251184483,"שדמות מחולה"
3579,"אלון מורה",0.819469026548673,0.887278582930757,0.573426573426573,0.583222370173103,0.872950819672131,0.727272727272727,0.759103641456583,0.906162464985994,0.896792189679219,"אלוןמורה",104.591833807678,"אלון מורה"
3598,"ארגמן",0.1375,0.134146341463415,0.175,0.195402298850575,0.120481927710843,0.105882352941176,0.0813953488372093,0.139240506329114,0.310810810810811,"ארגמן",114.012731837216,"ארגמן"
3599,"מחולה",0.758793969849246,0.648241206030151,0.685512367491166,0.58695652173913,0.674698795180723,0.698473282442748,0.65625,0.760147601476015,0.526132404181185,"מחולה",127.657586924079,"מחולה"
3601,"קליה",0.169117647058824,0.145833333333333,0.172093023255814,0.196850393700787,0.175627240143369,0.150684931506849,0.144144144144144,0.19634703196347,0.164556962025316,"קליה",88.0748671204015,"קליה"
3605,"משואה",0.160493827160494,0.13953488372093,0.22680412371134,0.270833333333333,0.217821782178218,0.315789473684211,0.238095238095238,0.281818181818182,0.403846153846154,"משואה",107.692397990016,"משואה"
3606,"גלגל",0.0588235294117647,0.15625,0.214285714285714,0.182926829268293,0.0581395348837209,0.147727272727273,0.1,0.204545454545455,0.202127659574468,"גלגל",97.1611261742475,"גלגל"
3607,"ייט""ב",0.556962025316456,0.902173913043478,0.375,0.751824817518248,0.426829268292683,0.54375,0.490566037735849,0.645962732919255,0.681318681318681,"ייטב",92.3591055633471,"ייט""ב"
3608,"מעלה אפרים",0.344405594405594,0.345299145299145,0.218057921635434,0.2859375,0.292993630573248,0.333913043478261,0.32088285229202,0.409252669039146,0.467304625199362,"מעלהאפרים",97.4417911271363,"מעלה אפרים"
3609,"חמרה",0.15,0.223684210526316,0.15,0.118279569892473,0.154639175257732,0.0689655172413793,0.0804597701149425,0.218390804597701,0.349514563106796,"חמרה",109.626921418582,"חמרה"
3610,"מצפה שלם",0.0694444444444444,0.0555555555555556,0.0288461538461538,0.0727272727272727,0.04,0.254237288135593,0.247311827956989,0.282722513089005,0.168421052631579,"מצפהשלם",78.6284454334463,"מצפה שלם"
3612,"בקעות",0.186046511627907,0.118279569892473,0.0990990990990991,0.0956521739130435,0.0884955752212389,0.148148148148148,0.0961538461538462,0.138613861386139,0.173076923076923,"בקעות",114.101104949832,"בקעות"
3613,"גיתית",0.55,0.47787610619469,0.590163934426229,0.42,0.567708333333333,0.515463917525773,0.512820512820513,0.642105263157895,0.549738219895288,"גיתית",99.5190855806393,"גיתית"
3614,"מכורה",0.118421052631579,0.125,0.0533333333333333,0.148148148148148,0.108695652173913,0.229166666666667,0.136842105263158,0.188888888888889,0.273684210526316,"מכורה",106.158803025991,"מכורה"
3615,"פצאל",0.164383561643836,0.191780821917808,0.146496815286624,0.221590909090909,0.143589743589744,0.169230769230769,0.139784946236559,0.252688172043011,0.181818181818182,"פצאל",99.4528611523991,"פצאל"
3617,"עופרה",0.866845397676497,0.733496332518337,0.747353563867325,0.71737660581474,0.729458917835671,0.698544698544699,0.670406732117812,0.788579197824609,0.71041948579161,"עופרה",79.8458205852639,"עפרה"
3619,"רועי",0.360294117647059,0.384615384615385,0.323741007194245,0.37012987012987,0.0303030303030303,0.0769230769230769,0.116279069767442,0.0779220779220779,0.104651162790698,"רועי",116.865483617862,"רועי"
3620,"נירן",0.0555555555555556,0,0,0,0,NA,NA,NA,NA,"נירן",96.0244415484532,"נירן"
3637,"מעלה שומרון",0.490196078431373,0.398671096345515,0.353846153846154,0.429501084598698,0.402985074626866,0.408071748878924,0.382830626450116,NA,NA,"מעלהשומרון",83.8336469658087,"מעלה שומרון"
3638,"כפר אדומים",0.626315789473684,0.472527472527473,0.412634408602151,0.378346222486615,0.404967055245819,0.463593504452593,0.400313971742543,0.491869918699187,0.295123177476119,"כפראדומים",79.052947224743,"כפר אדומים"
3639,"ורד יריחו",0.258064516129032,0.275229357798165,0.330935251798561,0.2,0.130681818181818,0.133333333333333,0.117647058823529,0.236842105263158,0.281407035175879,"ורדיריחו",87.7982938991093,"ורד יריחו"
3640,"קרני שומרון",0.68048128342246,0.600060919890344,0.474834627552488,0.533042053522665,0.522738386308068,0.523431688569303,0.514382402707276,0.63963963963964,0.620033812341505,"קרנישומרון",83.6758211768226,"קרני שומרון"
3641,"שילה",0.838669950738916,0.864628820960699,0.63102541630149,0.588235294117647,0.777356103731815,0.610180412371134,0.690248565965583,0.885696821515892,0.850197851893725,"שילה",88.5630802841962,"שילה"
3643,"חיננית",0.812720848056537,0.752873563218391,0.389496717724289,0.701195219123506,0.648739495798319,0.617647058823529,0.60828025477707,0.670826833073323,0.636363636363636,"חיננית",117.13667095287,"חיננית"
3645,"בית הערבה",0.230769230769231,0.25,0.2,0.254901960784314,0.19047619047619,0.290322580645161,0.288732394366197,0.4,0.272277227722772,"ביתהערבה",92.8274283281065,"בית הערבה"
3647,"יקיר",0.837113402061856,0.741996233521657,0.709635416666667,0.655339805825243,0.694230769230769,0.645645645645646,0.623540856031128,0.77345971563981,0.659380692167577,"יקיר",84.9555983937456,"יקיר"
3649,"שקד",0.27710843373494,0.279310344827586,0.156862745098039,0.281012658227848,0.175398633257403,0.220095693779904,0.190243902439024,0.311804008908686,0.275510204081633,"שקד",116.067403599523,"שקד"
3651,"מעלה מכמש",0.811428571428571,0.75146771037182,0.676948051948052,0.606461086637298,0.738605898123324,0.641689373297003,0.63186077643909,0.785070785070785,0.687875150060024,"מעלהמכמש",79.1641095294524,"מעלה מכמש"
3654,"ברקן",0.368333333333333,0.257597684515195,0.204574332909784,0.2421875,0.161453077699294,0.236625514403292,0.189759036144578,0.26241134751773,0.218423551756885,"ברקן",80.9422637819691,"ברקן"
3658,"עטרת",0.852941176470588,0.889447236180904,0.713615023474178,0.754098360655738,0.8359375,0.76078431372549,0.759493670886076,0.8828125,0.833333333333333,"עטרת",76.826165472307,"עטרת"
3660,"עמנואל",0.821428571428571,0.95,0.742307692307692,0.665942028985507,0.885658914728682,0.798004987531172,0.860591430295715,0.946574481458202,0.960662525879917,"עמנואל",85.663300893972,"עמנואל"
3710,"ברכה",0.633047210300429,0.731316725978648,0.281869688385269,0.283088235294118,0.37025641025641,0.364102564102564,0.354291417165669,0.550239234449761,0.465899025686448,"ברכה",97.4716759046631,"ברכה"
3712,"ענב",0.803030303030303,0.76173285198556,0.664804469273743,0.607843137254902,0.710144927536232,0.565320665083135,0.558411214953271,0.77262180974478,0.734204793028322,"ענב",97.4943864480019,"ענב"
3713,"נעמ""ה",NA,0.180327868852459,0.105263157894737,0.103896103896104,0.0714285714285714,0.123456790123457,0.159090909090909,0.195652173913043,0.163636363636364,"נעמה",94.0836573940294,"נעמ""ה"
3715,"עלמון",0.337423312883436,0.18546365914787,0.179442508710801,0.209375,0.147339699863574,0.195088676671214,0.158108108108108,0.222972972972973,0.24254215304799,"עלמון",75.6814289452707,"עלמון"
3717,"חרמש",0.309859154929577,0.465116279069767,0.168316831683168,0.355371900826446,0.235714285714286,0.34375,0.25,0.376923076923077,0.345588235294118,"חרמש",108.997744878497,"חרמש"
3720,"שערי תקווה",0.419800884955752,0.311569851176188,0.344073190135243,0.317382125263899,0.271461716937355,0.33631977946244,0.276190476190476,0.401954177897574,NA,"שעריתקווה",77.3437002894801,"שערי תקווה"
3727,"עלי זהב",0.595238095238095,0.597014925373134,0.428057553956835,0.639622641509434,0.716549295774648,0.729773462783172,0.663716814159292,0.774983454665784,0.604542807221899,"עליזהב",75.4778628789546,"עלי זהב"
3746,"קרית נטפים",0.777777777777778,0.703703703703704,0.592452830188679,0.601307189542484,0.561046511627907,0.538888888888889,0.529085872576177,0.727019498607242,0.716494845360825,"קריתנטפים",81.9306084603379,"קריית נטפים"
3749,"יצהר",0.357758620689655,0.934256055363322,0.220512820512821,0.220982142857143,0.902985074626866,0.382462686567164,0.651515151515151,0.966312056737589,0.976744186046512,"יצהר",94.38017338551,"יצהר"
3750,"אלפי מנשה",0.169325598259608,0.161494252873563,0.12,0.14113759735662,0.0969010175763182,0.165457523987831,0.134440028057049,0.190312213039486,0.175829168559746,"אלפימנשה",76.9090180362318,"אלפי מנשה"
3751,"מגדלים",0.32,0.411764705882353,0.238805970149254,0.440860215053763,0.653179190751445,0.688622754491018,0.61878453038674,0.688118811881188,0.694690265486726,"מגדלים",95.0467629913873,"מגדלים"
3752,"מעלה לבונה",0.794642857142857,0.808888888888889,0.597701149425287,0.487889273356401,0.782089552238806,0.545180722891566,0.674556213017751,0.895209580838323,0.88034188034188,"מעלהלבונה",85.1545125268172,"מעלה לבונה"
3762,"איתמר",0.836283185840708,0.944237918215613,0.587392550143267,0.492462311557789,0.788418708240535,0.636781609195402,0.776018099547511,0.928571428571429,0.914634146341463,"איתמר",98.7038442751473,"איתמר"
3765,"עלי",0.863453815261044,0.785578747628083,0.744338933528123,0.528524590163934,0.745062836624776,0.703612982241274,0.673518742442563,0.801554094441124,0.787663107947805,"עלי",88.0991570457788,"עלי"
3778,"עץ אפרים",0.486928104575163,0.444444444444444,0.378661087866109,0.420921544209215,0.436260623229462,0.451552210724365,0.427502338634238,0.591078066914498,NA,"עץאפרים",78.2357793463615,"עץ אפרים"
3790,"נופים",0.418367346938776,0.383084577114428,0.244094488188976,0.339805825242718,0.340425531914894,0.338624338624339,0.278481012658228,0.444444444444444,0.438034188034188,"נופים",83.8781416345407,"נופים"
3791,"צופים",0.539106145251397,0.503225806451613,0.435933147632312,0.447453954496208,0.426200873362445,0.480106100795756,0.44473455178416,0.53475935828877,0.41812136325852,"צופים",82.5012157738066,"צופים"
3793,"אבני חפץ",0.828877005347594,0.866817155756208,0.6796875,0.579809004092769,0.700584795321637,0.58864426419467,0.583427922814983,0.806451612903226,0.797892720306513,"אבניחפץ",94.1390981425465,"אבני חפץ"
3795,"רבבה",0.89568345323741,0.892561983471074,0.815834767641997,0.774825174825175,0.852342158859471,0.769857433808554,0.787878787878788,0.91331546023235,0.902928870292887,"רבבה",82.908578423736,"רבבה"
4000,"חיפה",0.226327386881584,0.25774626976468,0.128427200906984,0.189074618882054,0.17312454176984,0.224545618639008,0.205600691443388,0.230458653972519,0.213495606880169,"חיפה",137.172947037619,"חיפה"
6000,"באקה אל-גרביה",0.00249245703791158,0.00240837696335079,0.00307644977695739,0.0015964877270006,0.006233303650935,0.00258756122354681,0.00338638672536404,0.00230452674897119,0.00155102884913659,"באקהאלגרביה",103.356789088105,"באקה אל-גרביה"
6500,"חדרה",0.333218069221339,0.338854401805869,0.191922857587226,0.2128739435675,0.183360224184783,0.249590538787144,0.225716311465154,0.261447498083872,0.26956017128907,"חדרה",97.2340537228243,"חדרה"
6800,"קרית אתא",0.370317190967237,0.371757809363206,0.232883501067399,0.245247982713799,0.206302040816327,0.262834948921309,0.241918899813637,0.286657769565069,0.294905738620052,"קריתאתא",141.631396760689,"קריית אתא"
7300,"נצרת",0.0056616820814245,0.00880878167773411,0.00739938639234795,0.00629649063242693,0.00557911180540058,0.0155724038128795,0.00548435515529385,0.00327361203273612,0.00277563066544867,"נצרת",140.985844038797,"נצרת"
7400,"נתניה",0.382593259717545,0.369941130925314,0.245032040908797,0.251403269238063,0.248747959381312,0.319854409047438,0.294297714165976,0.330195779545563,0.330016011606203,"נתניה",79.9777971008529,"נתניה"
7700,"עפולה",0.363670671111391,0.36037493723149,0.19820520800913,0.245241836912869,0.222587380142283,0.271690286899412,0.261507392165828,0.318069839283619,0.345566280119436,"עפולה",131.729942582687,"עפולה"
7800,"פרדס חנה-כרכור",0.264642082429501,0.254260742898762,0.152952683702164,0.150724791027405,0.108672451394367,0.156646830045452,0.144636455556577,0.176730966359146,0.168141992593262,"פרדסחנהכרכור",104.293299708855,"פרדס חנה-כרכור"
8200,"קרית מוצקין",0.235147425553763,0.275212412264499,0.116534500045575,0.180538934510791,0.137665911298155,0.20908014534765,0.179736575481256,0.215351021753461,0.198680892337536,"קריתמוצקין",146.9204643044,"קריית מוצקין"
8800,"שפרעם",0.0780415170359989,0.148795648795649,0.00768454552511061,0.140565723793677,0.146686746987952,0.11404422122864,0.0867486338797814,0.119788119561105,0.0846335095204738,"שפרעם",146.160044755888,"שפרעם"
9200,"בית שאן",0.486305538648813,0.399234151184229,0.443575553416747,0.286113199441521,0.252565274814589,0.292190669371197,0.280261075949367,0.35700575815739,0.43176798232978,"ביתשאן",136.187607652576,"בית שאן"
9300,"זכרון יעקב",0.213091004872909,0.208175450683201,0.184851644705659,0.173052198508614,0.162555243069506,0.207658805160654,0.189467611669688,0.22676669893514,0.199559332703809,"זכרוןיעקב",112.475813815929,"זכרון יעקב"
9500,"קרית ביאליק",0.2171990427635,0.24891677872404,0.10915322969972,0.16039603960396,0.128708373086184,0.190451935543619,0.173887213234622,0.20887813503327,0.197580997292813,"קריתביאליק",145.608395247995,"קריית ביאליק"
9600,"קרית ים",0.355442176870748,0.384357898092556,0.137800849457291,0.25784551108579,0.227509934408962,0.294281253049673,0.271125408104475,0.292915106117353,0.300207141448017,"קריתים",147.627648916075,"קריית ים"
9800,"בנימינה-גבעת עדה",0.162365372891689,0.148679780258728,0.100800246229609,0.0870750251040023,0.0628196721311475,0.0963406520292748,0.0846456692913386,0.119084967320261,0.0862244897959184,"בנימינהגבעתעדה",108.621301000603,"בנימינה-גבעת עדה*"
