"SEMEL_YISHUV","locality","X2006","X2009","X2013","X2015","X2019","X2019_2","X2020","X2021","X2022","loc","distance","SHEM_YISHUV","SHEM_YISHUV_ENGLISH"
13,"חצבה",0.0302013422818792,0.110749185667752,0.101449275362319,0.0773480662983425,0.0645161290322581,0.0670241286863271,0.0767263427109974,0.0651041666666667,0.058968058968059,"חצבה",102.743642435493,"חצבה","HAZEVA"
33,"בת שלמה",0.0612244897959184,0.20253164556962,0.166089965397924,0.153125,0.149295774647887,0.13905325443787,0.169491525423729,0.11830985915493,0.164086687306502,"בתשלמה",120.786273076813,"בת שלמה","BAT SHELOMO"
41,"אליכין",0.11796875,0.300137362637363,0.282816229116945,0.341073271413829,0.480769230769231,0.483772819472617,0.547546012269939,0.440887971089313,0.42957042957043,"אליכין",97.9577989286117,"אליכין","ELYAKHIN"
47,"כפר תבור",0.0580495356037152,0.186684969114619,0.174972914409534,0.197230181470869,0.217461600646726,0.225740131578947,0.278210915059499,0.209876543209877,0.222176926212801,"כפרתבור",146.264738444617,"כפר תבור","KEFAR TAVOR"
53,"עתלית",0.098570724494825,0.263610315186246,0.266529633436108,0.292874396135266,0.324283176858665,0.344639762317405,0.3843617522374,0.30391061452514,0.303653423837093,"עתלית",126.087004080812,"עתלית","ATLIT"
66,"מרחביה (קיבוץ)",0.0182370820668693,0.053921568627451,0.18013468013468,0.189792663476874,0.191063174114022,0.183673469387755,0.259878419452888,0.211161387631976,0.219135802469136,"מרחביהקיבוץ",135.365627501323,"מרחביה (קיבוץ)","MERHAVYA(QIBBUZ)"
72,"גן שמואל",0.00818330605564648,0.0131795716639209,0.0141287284144427,0.00894187779433681,0.0119225037257824,0.0131578947368421,0.0208023774145617,0.0103244837758112,0.0105263157894737,"גןשמואל",103.924995471069,"גן שמואל","GAN SHEMU'EL"
74,"עין הוד",0.0187793427230047,0.0720338983050847,0.0559440559440559,0.068452380952381,0.037940379403794,0.0476190476190476,0.0457142857142857,0.030812324929972,0.03003003003003,"עיןהוד",130.575233761085,"עין הוד","EN HOD"
80,"נהלל",0.0647482014388489,0.153498871331828,0.127882599580713,0.106177606177606,0.0825688073394495,0.0824372759856631,0.0837789661319073,0.0754716981132075,0.0744336569579288,"נהלל",136.149024654341,"נהלל","NAHALAL"
82,"עין חרוד (מאוחד)",0.0272108843537415,0.0782241014799154,0.0780590717299578,0.0600414078674948,0.0471311475409836,0.0442655935613682,0.0705645161290323,0.0445344129554656,0.0572033898305085,"עיןחרודמאוחד",135.87769237714,"עין חרוד (מאוחד)","EN HAROD(ME'UHAD)"
84,"תל יוסף",0.012987012987013,0.0562248995983936,0.0364963503649635,0.0346020761245675,0.0452961672473868,0.0330882352941176,0.0324909747292419,0.036231884057971,0.0537634408602151,"תליוסף",136.254988240105,"תל יוסף","TEL YOSEF"
85,"כפר יחזקאל",0.0363128491620112,0.119266055045872,0.083495145631068,0.0872727272727273,0.0757314974182444,0.0974358974358974,0.111298482293423,0.0831918505942275,0.101160862354892,"כפריחזקאל",134.280545655343,"כפר יחזקאל","KEFAR YEHEZQEL"
86,"גבע",0.00552486187845304,0.0350404312668464,0.0212201591511936,0.0232558139534884,0.0106100795755968,0.0289473684210526,0.0345744680851064,0.02088772845953,0.0256410256410256,"גבע",135.56622038062,"גבע","GEVA"
89,"עין חרוד (איחוד)",0.0132275132275132,0.0807291666666667,0.0816831683168317,0.0707317073170732,0.0658227848101266,0.04,0.0664893617021277,0.041994750656168,0.0303030303030303,"עיןחרודאיחוד",136.446902217282,"עין חרוד (איחוד)","EN HAROD (IHUD)"
90,"חפצי-בה",0.00386100386100386,0.0232558139534884,0.0406779661016949,0.0825082508250825,0.126491646778043,0.157772621809745,0.181598062953995,0.155717761557178,0.127139364303178,"חפציבה",134.755077038911,"חפצי-בה","HEFZI-BAH"
92,"גיניגר",0.0151515151515152,0.0472972972972973,0.074792243767313,0.073490813648294,0.0812182741116751,0.081151832460733,0.10079575596817,0.0751295336787565,0.0692520775623269,"גיניגר",138.344206620856,"גיניגר","GINNEGAR"
94,"בלפוריה",0.08,0.142045454545455,0.184738955823293,0.151291512915129,0.185185185185185,0.158385093167702,0.267477203647416,0.157099697885196,0.1375,"בלפוריה",136.780691061526,"בלפוריה","BALFURYA"
95,"בית אלפא",0,0.0365168539325843,0.0344827586206897,0.0879345603271984,0.0373831775700935,0.028436018957346,0.0506024096385542,0.0507246376811594,0.173489278752437,"ביתאלפא",134.832808863252,"בית אלפא","BET ALFA"
96,"יגור",0.0125,0.0311778290993072,0.0485327313769752,0.0314606741573034,0.0419806243272336,0.0471092077087794,0.0488599348534202,0.0374862183020948,0.0415730337078652,"יגור",138.037130311087,"יגור","YAGUR"
97,"מרחביה (מושב)",0.0801186943620178,0.191214470284238,0.195822454308094,0.17005076142132,0.157142857142857,0.153301886792453,0.209677419354839,0.151515151515152,0.152073732718894,"מרחביהמושב",135.235587226044,"מרחביה (מושב)","MERHAVYA(MOSHAV)"
99,"מצפה רמון",0.099702380952381,0.236413043478261,0.322076612903226,0.279102384291725,0.304513064133017,0.309879518072289,0.3739336492891,0.255913978494624,0.263238289205703,"מצפהרמון",78.5084245751327,"מצפה רמון","MIZPE RAMON"
102,"מאיר שפיה",0,0.125,0.134615384615385,0.244897959183673,0.277777777777778,0.290322580645161,0.326923076923077,0.196428571428571,0.377358490566038,"מאירשפיה",118.615819743464,"מאיר שפיה","ME'IR SHEFEYA"
103,"תל עדשים",0.0753623188405797,0.246153846153846,0.165120593692022,0.181372549019608,0.191964285714286,0.193302891933029,0.247692307692308,0.182621502209131,0.214714714714715,"תלעדשים",139.035665873934,"תל עדשים","TEL ADASHIM"
104,"מזרע",0.00680272108843537,0.0344086021505376,0.0231578947368421,0.0147368421052632,0.028,0.0349075975359343,0.0362173038229376,0.0216962524654832,0.0306748466257669,"מזרע",138.374074525615,"מזרע","MIZRA"
106,"כפר גדעון",0.0260869565217391,0.181818181818182,0.114035087719298,0.0846153846153846,0.172413793103448,0.207142857142857,0.26865671641791,0.177777777777778,0.14,"כפרגדעון",138.095299723274,"כפר גדעון","KEFAR GID'ON"
112,"כפר חסידים א'",0.0865671641791045,0.215686274509804,0.142131979695431,0.165816326530612,0.163265306122449,0.186224489795918,0.259640102827764,0.161125319693095,0.163588390501319,"כפרחסידיםא",138.416943385426,"כפר חסידים א'","KEFAR HASIDIM ALEF"
113,"אדירים",0.377483443708609,0.339869281045752,0.251612903225806,0.35,0.548571428571429,0.43979057591623,0.601092896174863,0.466666666666667,0.386363636363636,"אדירים",128.30456608428,"אדירים","ADDIRIM"
115,"חופית",0.0223123732251521,0.0859375,0.096045197740113,0.0780399274047187,0.0747126436781609,0.0806142034548944,0.0923076923076923,0.0716783216783217,0.073943661971831,"חופית",94.152194957121,"חופית","HOFIT"
122,"רמת ישי",0.076025592773805,0.213911972914743,0.217081850533808,0.208055290753098,0.237950397753861,0.249164677804296,0.30325932923949,0.226657329598506,0.234902411021814,"רמתישי",137.569672006859,"רמת ישי","RAMAT YISHAY"
126,"שריד",0.00235849056603774,0.0285714285714286,0.0622568093385214,0.0417457305502846,0.0403669724770642,0.0457875457875458,0.051948051948052,0.0543071161048689,0.0507518796992481,"שריד",135.613537934856,"שריד","SARID"
130,"משמר העמק",0.00512820512820513,0.0135363790186125,0.019578313253012,0.0178041543026706,0.0195804195804196,0.0222531293463143,0.0237762237762238,0.0205479452054795,0.0168302945301543,"משמרהעמק",127.754958164979,"משמר העמק","MISHMAR HAEMEQ"
132,"כפר ברוך",0.0753424657534247,0.194285714285714,0.216450216450216,0.22265625,0.222996515679443,0.247422680412371,0.261324041811847,0.216312056737589,0.202985074626866,"כפרברוך",133.227390568458,"כפר ברוך","KEFAR BARUKH"
133,"גבת",0.00888888888888889,0.0302375809935205,0.0278330019880716,0.0280373831775701,0.0380434782608696,0.0322003577817531,0.0526315789473684,0.0361663652802893,0.0316901408450704,"גבת",136.538311818503,"גבת","GEVAT"
134,"יפעת",0.00453514739229025,0.0504385964912281,0.0489236790606654,0.0615942028985507,0.0804020100502513,0.096,0.111287758346582,0.0963665086887836,0.0941358024691358,"יפעת",137.721386966089,"יפעת","YIF'AT"
135,"רמת דוד",0.0252100840336134,0.0635593220338983,0.0645161290322581,0.0599250936329588,0.0539568345323741,0.0734265734265734,0.119298245614035,0.0753424657534247,0.0819672131147541,"רמתדוד",135.449376654464,"רמת דוד","RAMAT DAWID"
139,"עין שמר",0,0.0292682926829268,0.0354609929078014,0.0319634703196347,0.0396270396270396,0.0304449648711944,0.0444964871194379,0.037914691943128,0.0281995661605206,"עיןשמר",107.314308736751,"עין שמר","EN SHEMER"
140,"כפר יהושע",0.0188679245283019,0.0726872246696035,0.0632911392405063,0.0512820512820513,0.0540540540540541,0.0581039755351682,0.0837070254110613,0.0563165905631659,0.079136690647482,"כפריהושע",133.461984250908,"כפר יהושע","KEFAR YEHOSHUA"
141,"ברק",0.111111111111111,0.187878787878788,0.193069306930693,0.3125,0.384259259259259,0.407079646017699,0.422018348623853,0.388059701492537,0.365296803652968,"ברק",127.398381145244,"ברק","BARAQ"
142,"שדה יעקב",0.0457746478873239,0.172727272727273,0.15695067264574,0.175475687103594,0.218253968253968,0.248987854251012,0.29940119760479,0.225296442687747,0.243295019157088,"שדהיעקב",135.650286558412,"שדה יעקב","SEDE YA'AQOV"
145,"גדיש",0.284810126582278,0.441860465116279,0.411764705882353,0.666666666666667,0.814432989690722,0.765957446808511,0.8,0.791044776119403,0.741626794258373,"גדיש",127.848213385516,"גדיש","GADISH"
146,"דבורה",0.0845070422535211,0.184397163120567,0.158536585365854,0.149068322981366,0.22360248447205,0.212121212121212,0.25974025974026,0.160839160839161,0.215827338129496,"דבורה",128.102766259865,"דבורה","DEVORA"
154,"תל מונד",0.0918032786885246,0.23474855729596,0.196028420477318,0.213093709884467,0.235493914520238,0.240567375886525,0.275035260930889,0.214127423822715,0.215477412731006,"תלמונד",79.2941120279761,"תל מונד","TEL MOND"
157,"עין ורד",0.0371681415929204,0.0784615384615385,0.0625,0.0710900473933649,0.0576923076923077,0.0524515393386545,0.072189349112426,0.0430939226519337,0.0706955530216648,"עיןורד",84.1144268104242,"עין ורד","EN WERED"
162,"חירות",0.0173010380622837,0.0720858895705521,0.0497159090909091,0.0504201680672269,0.0471204188481675,0.0395256916996047,0.0452729693741678,0.0332005312084993,0.0388219544846051,"חירות",81.4030868366877,"חירות","HERUT"
164,"מלאה",0.25,0.395209580838323,0.323383084577114,0.536231884057971,0.589285714285714,0.6,0.702586206896552,0.625570776255708,0.516279069767442,"מלאה",127.752883152997,"מלאה","MELE'A"
165,"ניר יפה",0.0428571428571429,0.183962264150943,0.246212121212121,0.332247557003257,0.361204013377926,0.389261744966443,0.461538461538462,0.414556962025316,0.312312312312312,"ניריפה",128.746959570369,"ניר יפה","NIR YAFE"
167,"עין החורש",0.0103305785123967,0.0276134122287968,0.0196463654223969,0.0168539325842697,0.0125,0.0162162162162162,0.0239410681399632,0.0113851992409867,0.00735294117647059,"עיןהחורש",96.8808871069419,"עין החורש","EN HAHORESH"
168,"כפר יונה",0.109389079113354,0.266941326893025,0.249648914335098,0.279595535629114,0.349056603773585,0.34033540802213,0.398874544852698,0.315920198702027,0.321790540540541,"כפריונה",88.1957249024117,"כפר יונה","KEFAR YONA"
170,"כפר יעבץ",0.133802816901408,0.397515527950311,0.27810650887574,0.433155080213904,0.516483516483517,0.495934959349593,0.603723404255319,0.473544973544974,0.464387464387464,"כפריעבץ",87.0393975156536,"כפר יעבץ","KEFAR YA'BEZ"
171,"פרדסיה",0.0717488789237668,0.212186160440906,0.18385269121813,0.196083763937993,0.230668756530825,0.240976645435244,0.28412403922608,0.213175425610659,0.228010052547407,"פרדסיה",87.4936899723056,"פרדסייה","PARDESIYYA"
173,"גבעת חיים (מאוחד)",0.00991735537190083,0.0338164251207729,0.0414814814814815,0.0381231671554252,0.0546528803545052,0.0461997019374069,0.0674662668665667,0.0327380952380952,0.0477611940298507,"גבעתחייםמאוחד",96.9355804016677,"גבעת חיים (מאוחד)","GIV'AT HAYYIM(ME'UHAD)"
175,"אביחיל",0.0349417637271215,0.129657228017884,0.0988857938718663,0.105191256830601,0.111559139784946,0.116120218579235,0.156889495225102,0.11978465679677,0.141210374639769,"אביחיל",90.3078230626382,"אביחיל","AVIHAYIL"
178,"רמת יוחנן",0.00717703349282297,0.0321199143468951,0.0626185958254269,0.053475935828877,0.0549828178694158,0.053475935828877,0.0643478260869565,0.0595446584938704,0.0601374570446735,"רמתיוחנן",144.953441149791,"רמת יוחנן","RAMAT YOHANAN"
182,"אבן יהודה",0.0867647058823529,0.206053769505546,0.184023668639053,0.189819285418678,0.210658555937583,0.2112,0.246884115619199,0.189003436426117,0.196152346288834,"אבןיהודה",80.8533948484225,"אבן יהודה","EVEN YEHUDA"
184,"רמת הכובש",0.0192771084337349,0.034965034965035,0.0376106194690266,0.0331262939958592,0.0393700787401575,0.0361216730038023,0.0526315789473684,0.0325047801147228,0.0415879017013233,"רמתהכובש",80.2097469915762,"רמת הכובש","RAMAT HAKOVESH"
186,"נעורים",0,0.0701754385964912,0.216216216216216,0.177215189873418,0.146666666666667,0.152777777777778,0.219178082191781,0.134328358208955,0.114754098360656,"נעורים",92.633531666875,"נעורים","NE'URIM"
187,"כפר הס",0.0249554367201426,0.0868217054263566,0.0687237026647966,0.0638297872340425,0.054726368159204,0.054320987654321,0.0749063670411985,0.0381773399014778,0.0489596083231334,"כפרהס",82.5286377313926,"כפר הס","KEFAR HESS"
189,"כפר פינס",0.0641025641025641,0.208494208494208,0.106529209621993,0.181818181818182,0.152866242038217,0.165562913907285,0.230031948881789,0.121311475409836,0.131410256410256,"כפרפינס",108.963341904812,"כפר פינס","KEFAR PINES"
190,"כפר ויתקין",0.0204313280363224,0.0698447893569845,0.0480678605089538,0.033271719038817,0.0462107208872458,0.043519394512772,0.0490566037735849,0.0264400377714825,0.0417853751187085,"כפרויתקין",93.7388234535044,"כפר ויתקין","KEFAR VITKIN"
191,"הדר עם",0.0316901408450704,0.10580204778157,0.0929577464788732,0.0638297872340425,0.0705882352941176,0.0871670702179177,0.109223300970874,0.078239608801956,0.080952380952381,"הדרעם",91.6211345128367,"הדר עם","HADAR AM"
192,"כפר החורש",0.00735294117647059,0.0372881355932203,0.043343653250774,0.0694864048338369,0.0704607046070461,0.0784313725490196,0.0968660968660969,0.0792349726775956,0.0748663101604278,"כפרהחורש",142.651847568477,"כפר החורש","KEFAR HAHORESH"
193,"כפר חיים",0.0337837837837838,0.110759493670886,0.0660660660660661,0.0705521472392638,0.08,0.0876132930513595,0.0838150289017341,0.0857988165680473,0.0917159763313609,"כפרחיים",92.3278260605588,"כפר חיים","KEFAR HAYYIM"
194,"משמר השרון",0.00687285223367698,0.0380622837370242,0.0642201834862385,0.0523255813953488,0.0408163265306122,0.0373563218390805,0.0515759312320917,0.050561797752809,0.0479041916167665,"משמרהשרון",92.6536586703493,"משמר השרון","MISHMAR HASHARON"
195,"קדימה-צורן",NA,0.219201697387614,0.203048572403595,0.205198092086051,0.21871496334627,0.215388574369532,0.257890685142417,0.196024674434544,0.207239592041465,"קדימהצורן",83.7678062084039,"קדימה-צורן","QADIMA-ZORAN"
197,"מעברות",0.0115163147792706,0.0273224043715847,0.0265017667844523,0.0275387263339071,0.0291095890410959,0.0264550264550265,0.0372340425531915,0.0239316239316239,0.0255009107468124,"מעברות",93.2321847906772,"מעברות","MA'BAROT"
198,"צופית",0.0336842105263158,0.111313868613139,0.113752122241087,0.09,0.075503355704698,0.0640809443507589,0.0887772194304858,0.0698051948051948,0.0764331210191083,"צופית",77.2828131466143,"צופית","ZOFIT"
200,"בית ינאי",0.0206185567010309,0.0591397849462366,0.0575221238938053,0.036036036036036,0.0561224489795918,0.0621761658031088,0.0833333333333333,0.0572916666666667,0.0447761194029851,"ביתינאי",93.4677197826315,"בית ינאי","BET YANNAY"
204,"אלישיב",0.150735294117647,0.317725752508361,0.298550724637681,0.405684754521964,0.44141689373297,0.463068181818182,0.545714285714286,0.41304347826087,0.424403183023873,"אלישיב",95.0954076483986,"אלישיב","ELYASHIV"
205,"חגלה",0.00986842105263158,0.0771604938271605,0.0560224089635854,0.0476190476190476,0.0563725490196078,0.0498753117206983,0.100502512562814,0.0689655172413793,0.0559610705596107,"חגלה",96.0543252628287,"חגלה","HOGLA"
213,"משמרות",0.00671140939597315,0.0338983050847458,0.0643776824034335,0.0657534246575342,0.057649667405765,0.0642398286937901,0.0708502024291498,0.0468164794007491,0.0843373493975904,"משמרות",108.631581194428,"משמרות","MISHMAROT"
217,"כפר הרא""ה",0.0542168674698795,0.220883534136546,0.131810193321617,0.225375626043406,0.200680272108844,0.158347676419966,0.271626297577855,0.155440414507772,0.186006825938567,"כפרהראה",96.1748302346093,"כפר הרא""ה","KEFAR HARO'E"
219,"חיבת ציון",0.0722433460076046,0.170068027210884,0.0946745562130177,0.136627906976744,0.0964187327823691,0.108991825613079,0.119777158774373,0.0703883495145631,0.105882352941176,"חיבתציון",96.978455508265,"חיבת ציון","HIBBAT ZIYYON"
220,"כפר ביאליק",0.0413533834586466,0.144404332129964,0.126315789473684,0.157728706624606,0.182825484764543,0.233333333333333,0.244047619047619,0.201219512195122,0.244318181818182,"כפרביאליק",146.234785377445,"כפר ביאליק","KEFAR BIALIK"
223,"עין עירון",0.0311111111111111,0.0728744939271255,0.0472972972972973,0.04,0.0553935860058309,0.0606060606060606,0.0846394984326019,0.0396341463414634,0.075,"עיןעירון",109.359985383768,"עין עירון","EN IRON"
224,"שושנת העמקים",0.102678571428571,0.229885057471264,0.250814332247557,0.297619047619048,0.371428571428571,0.369774919614148,0.397476340694006,0.368589743589744,0.337539432176656,"שושנתהעמקים",90.7460163999435,"שושנת העמקים","SHOSHANNAT HAAMAQIM"
225,"גן השומרון",0.0402298850574713,0.102150537634409,0.0950226244343891,0.0730088495575221,0.0987394957983193,0.107569721115538,0.11522633744856,0.0793319415448852,0.0981210855949896,"גןהשומרון",106.566250105614,"גן השומרון","GAN HASHOMERON"
232,"שפיים",0.0136986301369863,0.0518638573743922,0.0366568914956012,0.023876404494382,0.0258732212160414,0.0304635761589404,0.0423280423280423,0.0292993630573248,0.0307881773399015,"שפיים",75.1144130241108,"שפיים","SHEFAYIM"
233,"כפר ידידיה",0.0278745644599303,0.0366197183098592,0.0497512437810945,0.0603015075376884,0.0580808080808081,0.0761421319796954,0.0879396984924623,0.0565552699228792,0.0626631853785901,"כפרידידיה",91.2391126709585,"כפר ידידיה","KEFAR YEDIDYA"
235,"חבצלת השרון",0.0530612244897959,0.137931034482759,0.117903930131004,0.132420091324201,0.201793721973094,0.200934579439252,0.209821428571429,0.206572769953052,0.15311004784689,"חבצלתהשרון",91.1990048248044,"חבצלת השרון","HAVAZZELET HASHARON"
237,"שער העמקים",0,0.0123762376237624,0.0142517814726841,0.00688073394495413,0.0138568129330254,0.0137614678899083,0.011441647597254,0.0112612612612613,0.00928074245939675,"שערהעמקים",137.15057029536,"שער העמקים","SHA'AR HAAMAQIM"
239,"גן חיים",0.0277777777777778,0.0664961636828645,0.0560747663551402,0.0683371298405467,0.0888382687927107,0.0854503464203233,0.0971563981042654,0.0515222482435597,0.0627906976744186,"גןחיים",76.521863928415,"גן חיים","GAN HAYYIM"
240,"יקנעם עילית",0.120059106021426,0.286107290233838,0.365925474667479,0.312126155519304,0.350825568088933,0.346948699246292,0.414909819639279,0.327900754074434,0.331366532924239,"יקנעםעילית",127.591574621388,"יקנעם עילית","YOQNE'AM ILLIT"
241,"יקנעם (מושבה)",0.0176565008025682,0.0933333333333333,0.0649526387009472,0.0501981505944518,0.070242656449553,0.0713359273670558,0.0900409276944066,0.0667522464698331,0.0739762219286658,"יקנעםמושבה",130.530513853442,"יקנעם (מושבה)","YOQNE'AM(MOSHAVA)"
242,"בית השיטה",0.0149253731343284,0.0465489566613162,0.0491573033707865,0.0591397849462366,0.055627425614489,0.0549019607843137,0.082010582010582,0.0622516556291391,0.046448087431694,"ביתהשיטה",137.279132220902,"בית השיטה","BET HASHITTA"
248,"בית שערים",0.063768115942029,0.13563829787234,0.153645833333333,0.117647058823529,0.105540897097625,0.133507853403141,0.143939393939394,0.0997375328083989,0.114795918367347,"ביתשערים",136.838289215896,"בית שערים","BET SHE'ARIM"
250,"הזורע",0.010507880910683,0.0137931034482759,0.0157894736842105,0.0307167235494881,0.0418679549114332,0.0333333333333333,0.0245901639344262,0.0236220472440945,0.0192926045016077,"הזורע",129.9364030484,"הזורע","HAZOREA"
252,"ביתן אהרן",0.0814977973568282,0.122222222222222,0.0618556701030928,0.0760869565217391,0.117647058823529,0.08,0.181818181818182,0.120879120879121,0.114942528735632,"ביתןאהרן",92.1336760962539,"ביתן אהרן","BITAN AHARON"
254,"כפר המכבי",0.00578034682080925,0.0451977401129944,0.0456852791878173,0.045,0.0601851851851852,0.0660377358490566,0.0697674418604651,0.0642201834862385,0.0553191489361702,"כפרהמכבי",144.501304159528,"כפר המכבי","KEFAR HAMAKKABBI"
256,"ניר דוד (תל עמל)",0.00731707317073171,0.00498753117206983,0.00464037122969838,0.018018018018018,0.0313152400835073,0.021978021978022,0.0404255319148936,0.0230607966457023,0.0196936542669584,"נירדודתלעמל",135.042294294452,"ניר דוד (תל עמל)","NIR DAWID (TEL AMAL)"
259,"שדה נחום",0.0377358490566038,0.0727272727272727,0.113300492610837,0.112359550561798,0.201044386422977,0.208,0.31328320802005,0.236781609195402,0.267605633802817,"שדהנחום",138.656866269525,"שדה נחום","SEDE NAHUM"
265,"בית יוסף",0.114457831325301,0.348837209302326,0.271186440677966,0.465968586387435,0.635294117647059,0.624489795918367,0.716,0.671361502347418,0.574626865671642,"ביתיוסף",145.008582107623,"בית יוסף","BET YOSEF"
268,"טירת צבי",0.0478723404255319,0.223650385604113,0.107655502392345,0.197590361445783,0.116945107398568,0.142857142857143,0.2125,0.108910891089109,0.14622641509434,"טירתצבי",132.422112127314,"טירת צבי","TIRAT ZEVI"
269,"מולדת",0.0319148936170213,0.0955414012738854,0.0751445086705202,0.0638686131386861,0.0558213716108453,0.0767888307155323,0.0931780366056572,0.070840197693575,0.0711920529801325,"מולדת",141.225525872924,"מולדת","MOLEDET"
270,"עין השופט",0.00632911392405063,0.0225872689938398,0.026615969581749,0.0240740740740741,0.0339622641509434,0.0438095238095238,0.0398481973434535,0.031657355679702,0.0168539325842697,"עיןהשופט",124.458463217808,"עין השופט","EN HASHOFET"
272,"מעוז חיים",0.0198675496688742,0.0530035335689046,0.0566037735849057,0.0559440559440559,0.0488599348534202,0.0763888888888889,0.0866666666666667,0.0614334470989761,0.0561056105610561,"מעוזחיים",140.082025831536,"מעוז חיים","MA'OZ HAYYIM"
276,"צור משה",0.0531914893617021,0.111396743787489,0.115931189229619,0.102544910179641,0.10530035335689,0.106918238993711,0.13268156424581,0.0896646132785763,0.106973595125254,"צורמשה",86.5786062173488,"צור משה","ZUR MOSHE"
278,"אושה",0.0099009900990099,0.037914691943128,0.0833333333333333,0.0604838709677419,0.0446096654275093,0.0689655172413793,0.0769230769230769,0.0869565217391304,0.0975609756097561,"אושה",145.068629399528,"אושה","USHA"
284,"שדה ורבורג",0.0467289719626168,0.129848229342327,0.101583113456464,0.0941176470588235,0.0823680823680824,0.087719298245614,0.105191256830601,0.0755968169761273,0.0818553888130969,"שדהורבורג",77.6882803266011,"שדה ורבורג","SEDE WARBURG"
285,"אלונים",0.00882352941176471,0.0317919075144509,0.0335917312661499,0.0421836228287841,0.0404040404040404,0.0606060606060606,0.0586666666666667,0.0606060606060606,0.0712468193384224,"אלונים",137.734507699864,"אלונים","ALLONIM"
287,"תל יצחק",0.0252365930599369,0.105788423153693,0.115173674588665,0.091710758377425,0.0931098696461825,0.107547169811321,0.110679611650485,0.123222748815166,0.101321585903084,"תליצחק",80.7572408101525,"תל יצחק","TEL YIZHAQ"
288,"בית יהושע",0.061381074168798,0.161764705882353,0.138132295719844,0.111531190926276,0.0948905109489051,0.0996240601503759,0.121722846441948,0.0928196147110333,0.0863557858376511,"ביתיהושע",81.0957942673354,"בית יהושע","BET YEHOSHUA"
290,"מעין צבי",0.0201149425287356,0.0668523676880223,0.0566037735849057,0.0497737556561086,0.0632911392405063,0.0631364562118126,0.0878661087866109,0.0546218487394958,0.0686070686070686,"מעיןצבי",115.399963772174,"מעיין צבי","MA'YAN ZEVI"
295,"כפר רופין",0.0252100840336134,0.0599250936329588,0.0408921933085502,0.0559701492537313,0.0483271375464684,0.0555555555555556,0.091254752851711,0.0598591549295775,0.0740740740740741,"כפררופין",136.603838074382,"כפר רופין","KEFAR RUPPIN"
296,"נווה איתן",0.0245901639344262,0.0638297872340425,0.0984848484848485,0.114285714285714,0.0826446280991736,0.0769230769230769,0.144,0.111111111111111,0.186440677966102,"נווהאיתן",138.902837375694,"נווה איתן","NEWE ETAN"
298,"מסילות",0.0168918918918919,0.0101351351351351,0.0429042904290429,0.0328947368421053,0.0278745644599303,0.0314685314685315,0.0431654676258993,0.0355871886120996,0.0645161290322581,"מסילות",135.519299937511,"מסילות","MESILLOT"
300,"דליה",0.00202839756592292,0.0125523012552301,0.0184426229508197,0.00957854406130268,0.0201612903225806,0.0231578947368421,0.0220883534136546,0.0215686274509804,0.024,"דליה",122.513894869593,"דלייה","DALIYYA"
304,"שדה אליהו",0.0808625336927224,0.272479564032698,0.153246753246753,0.272264631043257,0.166666666666667,0.169014084507042,0.278514588859416,0.131313131313131,0.19949494949495,"שדהאליהו",133.087994346374,"שדה אליהו","SEDE ELIYYAHU"
310,"כפר גליקסון",0,0.0372340425531915,0.037037037037037,0.046875,0.0469483568075117,0.0514018691588785,0.0654205607476635,0.0318181818181818,0.0434782608695652,"כפרגליקסון",111.484449580653,"כפר גליקסון","KEFAR GLIKSON"
312,"נווה ים",0.0608695652173913,0.165354330708661,0.141975308641975,0.153374233128834,0.241830065359477,0.290123456790123,0.379746835443038,0.254901960784314,0.264516129032258,"נווהים",126.832719738099,"נווה ים","NEWE YAM"
313,"אפק",0.00371747211895911,0.0357142857142857,0.0352112676056338,0.0426229508196721,0.0450928381962865,0.0465753424657534,0.0597402597402597,0.0431472081218274,0.0697115384615385,"אפק",149.651313367421,"אפק","AFEQ"
316,"כפר נטר",0.0634920634920635,0.13125,0.104283054003724,0.106951871657754,0.123953098827471,0.116117850953206,0.156028368794326,0.0983606557377049,0.102941176470588,"כפרנטר",82.2015794100824,"כפר נטר","KEFAR NETTER"
317,"בית אורן",0.0196078431372549,0.101910828025478,0.111764705882353,0.0829015544041451,0.0909090909090909,0.0975609756097561,0.106280193236715,0.0892857142857143,0.0829694323144105,"ביתאורן",134.67232264995,"בית אורן","BET OREN"
326,"בית יצחק-שער חפר",0.0297324083250743,0.102540834845735,0.115789473684211,0.0916089299461124,0.103557312252964,0.0898058252427184,0.107913669064748,0.0779423226812159,0.0946698488464598,"ביתיצחקשערחפר",88.8046985349083,"בית יצחק-שער חפר","BET YIZHAQ-SH. HEFER"
327,"שדות ים",0.0122549019607843,0.034324942791762,0.0463157894736842,0.0675675675675676,0.0725388601036269,0.0714285714285714,0.0852173913043478,0.0590219224283305,0.0631229235880399,"שדותים",105.863187295005,"שדות ים","SEDOT YAM"
335,"רמת השופט",0,0.0497237569060773,0.0482758620689655,0.0506072874493927,0.0604288499025341,0.0550098231827112,0.0676982591876209,0.0497131931166348,0.0608856088560886,"רמתהשופט",125.718052795679,"רמת השופט","RAMAT HASHOFET"
339,"רמת צבי",0.0307017543859649,0.110671936758893,0.0941558441558442,0.0820668693009119,0.0884718498659517,0.0831099195710456,0.127118644067797,0.0716112531969309,0.0857142857142857,"רמתצבי",139.438727397958,"רמת צבי","RAMAT ZEVI"
343,"חמדיה",0.0146341463414634,0.109375,0.129032258064516,0.168141592920354,0.120192307692308,0.15,0.183962264150943,0.163636363636364,0.148471615720524,"חמדיה",140.416135538933,"חמדיה","HAMADYA"
344,"מענית",0.00325732899022801,0.0176470588235294,0.0455696202531646,0.0514705882352941,0.0449438202247191,0.0519187358916479,0.0648769574944072,0.0393873085339169,0.0445859872611465,"מענית",107.639247973594,"מענית","MA'ANIT"
353,"בית זיד",NA,NA,0.0784313725490196,0.0735294117647059,0.0571428571428571,0.0289855072463768,0.0410958904109589,0.046875,0,"ביתזיד",135.750374265824,"בית זיד","BET ZEID"
360,"גבעת ניל""י",0.217171717171717,0.367521367521368,0.395973154362416,0.336336336336336,0.426592797783933,0.361702127659574,0.489736070381232,0.428152492668622,0.458823529411765,"גבעתנילי",117.15455969729,"גבעת ניל""י","GIV'AT NILI"
367,"עין העמק",0.0973782771535581,0.31055900621118,0.373529411764706,0.471153846153846,0.589010989010989,0.627408993576017,0.687898089171974,0.563991323210412,0.501006036217304,"עיןהעמק",126.962563673202,"עין העמק","EN HAEMEQ"
369,"גלעד (אבן יצחק)",0.0125,0.0378151260504202,0.0411522633744856,0.022140221402214,0.0212014134275618,0.0328467153284672,0.0246478873239437,0.0206896551724138,0.020979020979021,"גלעדאבןיצחק",119.689365174103,"גלעד (אבן יצחק)","GAL'ED (EVEN YIZHAQ)"
373,"בית הלוי",0.0266666666666667,0.123867069486405,0.123711340206186,0.0954653937947494,0.123515439429929,0.100702576112412,0.120283018867925,0.079136690647482,0.103365384615385,"ביתהלוי",93.030674661978,"בית הלוי","BET HALEWI"
375,"מגל",0.0321637426900585,0.0397022332506203,0.0437828371278459,0.0234505862646566,0.0198473282442748,0.0280373831775701,0.0383386581469649,0.025,0.0364963503649635,"מגל",101.165672776272,"מגל","MAGGAL"
377,"המעפיל",0.0099009900990099,0.0474683544303797,0.0338600451467269,0.0365296803652968,0.0475206611570248,0.048728813559322,0.0526315789473684,0.0357142857142857,0.031055900621118,"המעפיל",98.0504010876445,"המעפיל","HAMA'PIL"
379,"גאולים",0.0498614958448753,0.16504854368932,0.166292134831461,0.25095785440613,0.314990512333966,0.284351145038168,0.418467583497053,0.325443786982249,0.308712121212121,"גאולים",88.1454503218273,"גאולים","GE'ULIM"
382,"מכמורת",0.0427215189873418,0.0986342943854325,0.0927536231884058,0.0640326975476839,0.0656634746922025,0.0592383638928068,0.0739130434782609,0.0394557823129252,0.0444743935309973,"מכמורת",96.1869912579065,"מכמורת","MIKHMORET"
383,"עין הנצי""ב",0.0865384615384615,0.25,0.0838323353293413,0.153153153153153,0.0875706214689266,0.128617363344051,0.178247734138973,0.0647249190938511,0.134185303514377,"עיןהנציב",135.021790111456,"עין הנצי""ב","EN HANAZIV"
386,"בני דרור",0.0595065312046444,0.160839160839161,0.164364640883978,0.178137651821862,0.154911838790932,0.143401015228426,0.163682864450128,0.118466898954704,0.131274131274131,"בנידרור",82.5722375167937,"בני דרור","BENE DEROR"
387,"כפר מונש",0.0663265306122449,0.148706896551724,0.0961145194274029,0.0614754098360656,0.0903361344537815,0.0767676767676768,0.10412147505423,0.0824295010845987,0.0810234541577825,"כפרמונש",92.0088371469402,"כפר מונש","KEFAR MONASH"
388,"כפר קיש",0.0144927536231884,0.104972375690608,0.135964912280702,0.123188405797101,0.152647975077882,0.155555555555556,0.191823899371069,0.11144578313253,0.163204747774481,"כפרקיש",148.605162606834,"כפר קיש","KEFAR KISCH"
389,"בצרה",0.0563380281690141,0.126272912423625,0.112727272727273,0.0886075949367089,0.0981067125645439,0.0983333333333333,0.138353765323993,0.0813148788927336,0.0895522388059701,"בצרה",76.889816464869,"בצרה","BAZRA"
407,"דברת",0.0355029585798817,0.0683229813664596,0.0670391061452514,0.0745341614906832,0.0878048780487805,0.0648148148148148,0.105263157894737,0.0553359683794466,0.104651162790698,"דברת",141.364848538776,"דברת","DAVERAT"
417,"יקום",0.00554016620498615,0.0292553191489362,0.0122549019607843,0.0196560196560197,0.0232018561484919,0.0215311004784689,0.0283018867924528,0.0138248847926267,0.0182232346241458,"יקום",79.0778363666868,"יקום","YAQUM"
418,"בני ציון",0.0751072961373391,0.184761904761905,0.124792013311148,0.11631419939577,0.121359223300971,0.0985691573926868,0.157232704402516,0.0901898734177215,0.102106969205835,"בניציון",76.9655374123577,"בני ציון","BENE ZIYYON"
422,"חרב לאת",0.0747330960854092,0.191977077363897,0.13262599469496,0.139759036144578,0.18780487804878,0.176470588235294,0.222760290556901,0.173302107728337,0.192488262910798,"חרבלאת",97.4927190979192,"חרב לאת","HEREV LE'ET"
423,"העוגן",0.00539083557951483,0.025,0.0283018867924528,0.0219298245614035,0.0238095238095238,0.0238611713665944,0.0326797385620915,0.0302375809935205,0.0328227571115974,"העוגן",93.8403085909398,"העוגן","HAOGEN"
425,"משמרת",0.0225988700564972,0.116279069767442,0.103448275862069,0.0773809523809524,0.0761904761904762,0.0666666666666667,0.0917782026768642,0.0498084291187739,0.0714285714285714,"משמרת",79.2502800375336,"משמרת","MISHMERET"
426,"עין כרמל",0.00381679389312977,0.0343511450381679,0.0648648648648649,0.0426666666666667,0.0603864734299517,0.0620347394540943,0.0716049382716049,0.0428571428571429,0.037037037037037,"עיןכרמל",127.212570377992,"עין כרמל","EN KARMEL"
427,"כפר גלים",0.0508474576271186,0.244897959183673,0.357142857142857,0.423728813559322,0.338983050847458,0.254237288135593,0.395833333333333,0.413793103448276,0.313432835820896,"כפרגלים",136.74425757061,"כפר גלים","KEFAR GALLIM"
429,"אלוני אבא",0.0306122448979592,0.0901162790697674,0.0887445887445888,0.0697211155378486,0.0775047258979206,0.0704761904761905,0.1,0.0715630885122411,0.073394495412844,"אלוניאבא",140.676093404793,"אלוני אבא","ALLONE ABBA"
430,"בית לחם הגלילית",0.0433526011560694,0.154639175257732,0.136470588235294,0.118451025056948,0.107438016528926,0.0995670995670996,0.140350877192982,0.106986899563319,0.140311804008909,"ביתלחםהגלילית",141.496455729688,"בית לחם הגלילית","BET LEHEM HAGELILIT"
433,"נחשולים",0.00383141762452107,0.0288808664259928,0.0558510638297872,0.027027027027027,0.0401891252955083,0.0360576923076923,0.0531645569620253,0.0351288056206089,0.0386473429951691,"נחשולים",119.597136707996,"נחשולים","NAHSHOLIM"
434,"החותרים",0.0179640718562874,0.0392749244712991,0.032345013477089,0.0326633165829146,0.033112582781457,0.0427927927927928,0.0547045951859956,0.0433839479392625,0.0414847161572052,"החותרים",135.118820808189,"החותרים","HAHOTERIM"
436,"עין דור",0.00755667506297229,0.0421836228287841,0.0462776659959759,0.0274442538593482,0.0352941176470588,0.0539130434782609,0.0565371024734982,0.0363321799307958,0.056140350877193,"עיןדור",145.996606557834,"עין דור","EN DOR"
437,"רשפים",0.00374531835205993,0.033457249070632,0.0214285714285714,0.0290322580645161,0.0524193548387097,0.0781563126252505,0.114228456913828,0.0674373795761079,0.0990825688073395,"רשפים",133.941299669556,"רשפים","RESHAFIM"
439,"שלוחות",0.0532319391634981,0.193181818181818,0.0865051903114187,0.148936170212766,0.155797101449275,0.1953125,0.24124513618677,0.154471544715447,0.150627615062762,"שלוחות",133.098021822977,"שלוחות","SHELUHOT"
442,"גדעונה",0.153846153846154,0.41,0.345323741007194,0.438502673796791,0.420560747663551,0.467336683417085,0.535398230088496,0.463203463203463,0.426086956521739,"גדעונה",133.491834110642,"גדעונה","GID'ONA"
444,"רגבים",0.00571428571428571,0.0434782608695652,0.0480769230769231,0.0463320463320463,0.0666666666666667,0.0659722222222222,0.0896551724137931,0.0598591549295775,0.0566037735849057,"רגבים",114.672734246288,"רגבים","REGAVIM"
445,"רמות מנשה",0.0087719298245614,0.0407239819004525,0.0372250423011844,0.0306946688206785,0.0308166409861325,0.0318979266347687,0.0442073170731707,0.0286123032904149,0.0410764872521246,"רמותמנשה",122.63452146658,"רמות מנשה","RAMOT MENASHE"
446,"אודים",0.0658536585365854,0.152360515021459,0.113718411552347,0.113945578231293,0.131955484896661,0.128038897893031,0.144951140065147,0.130030959752322,0.112377850162866,"אודים",80.6116315117609,"אודים","UDIM"
447,"נורדיה",0.13905325443787,0.252678571428571,0.2256,0.199400299850075,0.194727891156463,0.189003436426117,0.217021276595745,0.172489082969432,0.196544276457883,"נורדיה",87.7820450358529,"נורדייה","NORDIYYA"
452,"יזרעאל",0.00980392156862745,0.0209580838323353,0.0181268882175227,0.0313390313390313,0.0398860398860399,0.0292397660818713,0.0294985250737463,0.0260115606936416,0.0255681818181818,"יזרעאל",132.307901976871,"יזרעאל","YIZRE'EL"
457,"גזית",0.00238095238095238,0.0196078431372549,0.0299539170506912,0.0252293577981651,0.0239130434782609,0.0285714285714286,0.0466666666666667,0.0342612419700214,0.0255863539445629,"גזית",145.851371722604,"גזית","GAZIT"
475,"דחי",0,0.0145985401459854,0.00662251655629139,0.00390625,0.0441176470588235,0.0075187969924812,0.0104166666666667,0.152380952380952,0.00460829493087558,"דחי",138.969763092677,"דחי","DAHI"
478,"אכסאל",0.000438404208680403,0.00183958793230316,0.0252808988764045,0.0106363469649734,0.0091533180778032,0.00697228516646331,0.00568181818181818,0.0481156672197203,0.00786646201074444,"אכסאל",141.384506000495,"אכסאל","IKSAL"
489,"דבוריה",0.00151457781143506,0.00124185035703198,0.00330628193567779,0.0022202486678508,0.00266666666666667,0.00918047469771608,0.00183448838157358,0.0173812282734647,0.00309082263433191,"דבוריה",145.430096538835,"דבורייה","DABURIYYA"
494,"דאלית אל-כרמל",0.0147019867549669,0.158060288335518,0.128593996840442,0.0778577857785779,0.0264721772015127,0.040453074433657,0.0573078006195438,0.0905373831775701,0.0315570934256055,"דאליתאלכרמל",131.020713572196,"דאלית אל-כרמל","DALIYAT AL-KARMEL"
497,"טייבה (בעמק)",0.00171821305841924,0.00162866449511401,0.00495867768595041,0.00807754442649435,0.0407725321888412,0.00940438871473354,0.0056980056980057,0.0859030837004405,0.00998336106489185,"טייבהבעמק",142.802255754935,"טייבה (בעמק)","TAYIBE(BAEMEQ)"
499,"יפיע",0.010025706940874,0.0072531586335985,0.0458639092728486,0.0272531030760928,0.0242950877815215,0.0151228733459357,0.0121387283236994,0.0546007876834945,0.0302222222222222,"יפיע",139.693565798282,"יפיע","YAFI"
509,"כפר כנא",0.00289805659734061,0.00949635407834492,0.015357867284845,0.00308324768756423,0.00790745350710207,0.0100965272384334,0.00705450328565906,0.0370319001386963,0.0239630215302275,"כפרכנא",149.33450124379,"כפר כנא","KAFAR KANNA"
511,"עילוט",0.00120627261761158,0.00680272108843537,0.0936668440659925,0.0257623554153523,0.0049645390070922,0.00949367088607595,0.00243828101188662,0.0128354725787631,0.0141653905053599,"עילוט",142.958698505463,"עילוט","ILUT"
512,"כפר מצר",0.0013869625520111,0.00355239786856128,0.0207182320441989,0.0338427947598253,0.00260756192959583,0.0139982502187227,0.00594732370433305,0.0649651972157773,0.0124521072796935,"כפרמצר",145.461289257556,"כפר מצר","KAFAR MISR"
520,"משהד",0.00151898734177215,0.00301962757926522,0.0125195618153365,0.00714711137581894,0.00336197235711617,0.00246457178065311,0.00689106811555791,0.0206112295664534,0.00908455625436757,"משהד",148.303984236662,"משהד","MESHHED"
523,"ניין",0.00967741935483871,0.00943396226415094,0.0051150895140665,0.0056369785794814,0.0223880597014925,0.0176767676767677,0.00570125427594071,0.502103786816269,0.046070460704607,"ניין",139.967098557149,"ניין","NEIN"
524,"נאעורה",0.00900900900900901,0,0.00771604938271605,0.0012987012987013,0.00333889816360601,0.00345622119815668,0.00288739172281039,0.116666666666667,0.0235294117647059,"נאעורה",140.835680210683,"נאעורה","NA'URA"
526,"סולם",0,0.00105932203389831,0.00934579439252336,0.00151057401812689,0.00578034682080925,0.00164609053497942,0,0.0463980463980464,0.0070859167404783,"סולם",136.949324291357,"סולם","SULAM"
529,"אעבלין",0.00291082296903943,0.00589344648750589,0.0459356000900698,0.0160131389858345,0.0114761476147615,0.0095931781844022,0.0105126961022158,0.048722390645301,0.0236248236953456,"אעבלין",149.660927260985,"אעבלין","I'BILLIN"
532,"עין מאהל",0.0138888888888889,0.00763143018654607,0.0258699633699634,0.0061630568762106,0.00389307033480405,0.00340007555723461,0.00532319391634981,0.0213167835941716,0.00479904019196161,"עיןמאהל",146.846168454823,"עין מאהל","EIN MAHEL"
534,"עספיא",NA,NA,0.200260416666667,0.038693234476367,0.026386404293381,0.0229170712759759,0.0292386185243328,0.0499741066804764,0.0335172695687717,"עספיא",133.790187516579,"עספיא","ISIFYA"
537,"פוריידיס",0.00298151460942159,0.00279106858054226,0.154126615843553,0.0941430817610063,0.115313311086392,0.0291508238276299,0.00366229760986893,0.0679497250589159,0.00736335315774568,"פוריידיס",118.323977152549,"פוריידיס","FUREIDIS"
541,"ג'סר א-זרקא",0.00299580587177951,0.00705218617771509,0.00806451612903226,0.0115478569842327,0.0128205128205128,0.00847689362865737,0.00266120777891505,0.0547016274864376,0.0121713729308666,"גסראזרקא",110.787447321398,"ג'סר א-זרקא","JISR AZ-ZARQA"
542,"ריינה",0.00156903765690377,0.00461775269368907,0.00653853774519517,0.0115937548307312,0.00784313725490196,0.00568705810021519,0.00570983649104594,0.0276497695852535,0.0142857142857143,"ריינה",145.669542679566,"ריינה","REINE"
547,"טמרה (יזרעאל)",0.00316455696202532,0.00396825396825397,0.0121951219512195,0.00139470013947001,0.00725952813067151,0.0035650623885918,0.00278164116828929,0.112359550561798,0.0180722891566265,"טמרהיזרעאל",143.305433535341,"טמרה (יזרעאל)","TAMRA (YIZRE'EL)"
549,"גנות הדר",0.0716723549488055,0.245657568238213,0.184615384615385,0.227180527383367,0.212962962962963,0.231617647058824,0.268382352941176,0.226519337016575,0.231192660550459,"גנותהדר",88.951503561417,"גנות הדר","GANNOT HADAR"
580,"כרם מהר""ל",0.0535714285714286,0.134048257372654,0.133177570093458,0.117154811715481,0.0972222222222222,0.0992063492063492,0.119760479041916,0.0858283433133733,0.0769230769230769,"כרםמהרל",125.140509798886,"כרם מהר""ל","KEREM MAHARAL"
586,"מגידו",0.0101522842639594,0.081570996978852,0.0810185185185185,0.0669642857142857,0.0854700854700855,0.0924731182795699,0.0932203389830508,0.0745341614906832,0.0833333333333333,"מגידו",126.577522553311,"מגידו","MEGIDDO"
590,"נווה אור",0.00552486187845304,0.028436018957346,0.0660377358490566,0.0645161290322581,0.0652173913043478,0.0901287553648069,0.0995850622406639,0.0692640692640693,0.0701754385964912,"נווהאור",147.980558043945,"נווה אור","NEWE UR"
612,"צרופה",0.18732782369146,0.293689320388349,0.326881720430108,0.326295585412668,0.351503759398496,0.341463414634146,0.390625,0.362637362637363,0.314079422382672,"צרופה",123.593660225195,"צרופה","ZERUFA"
613,"ציפורי",0.0546875,0.137931034482759,0.139423076923077,0.125274725274725,0.139393939393939,0.125265392781316,0.151452282157676,0.116089613034623,0.125773195876289,"ציפורי",146.223523799046,"ציפורי","ZIPPORI"
617,"ברקאי",0.00803212851405622,0.0192307692307692,0.012987012987013,0.018348623853211,0.0202898550724638,0.0119760479041916,0.012012012012012,0.0175953079178886,0.021021021021021,"ברקאי",109.456607957353,"ברקאי","BARQAY"
628,"ג'ת",NA,NA,0.00120821586790173,0.0013598041881969,0.00613915416098226,0.00418616104407781,0.00174786978370111,0.0186533212010919,0.0067369654364382,"גת",101.401483406228,"ג'ת","JATT"
635,"מוקייבלה",0.126424870466321,0.044711014176663,0.00492610837438424,0.00451807228915663,0.00602409638554217,0.00237906423473434,0.00322164948453608,0.0247311827956989,0.00359712230215827,"מוקייבלה",126.623864978808,"מוקייבלה","MUQEIBLE"
636,"צנדלה",0.00581395348837209,0,0.00451467268623025,0.00134408602150538,0.00797872340425532,0.00159489633173844,0.0013531799729364,0.012012012012012,0.00210084033613445,"צנדלה",128.866304152529,"צנדלה","SANDALA"
637,"ערערה",0.000221533008418254,0.00148533234311177,0.00105097214923805,0.002640513013957,0.004778972520908,0.00915300546448087,0.00209228058583856,0.00964812712826334,0.00432841877451643,"ערערה",113.76883619827,"ערערה","AR'ARA"
638,"קלנסווה",0.00165046763249587,0.00105005250262513,0.00804932351430039,0.00490883590462833,0.00652206886091309,0.00367686817346166,0.00202097969396593,0.0154206519617412,0.00518697225572979,"קלנסווה",88.1136913427146,"קלנסווה","QALANSAWE"
648,"מצר",0,0.0105633802816901,0.0191082802547771,0.0153846153846154,0.0277777777777778,0.0254777070063694,0.020066889632107,0.00328947368421053,0.0100671140939597,"מצר",107.010566207139,"מצר","MEZER"
649,"מייסר",0.00529100529100529,0.00286532951289398,0,0,0,0.00409836065573771,0.00597371565113501,0.0133928571428571,0.00674536256323777,"מייסר",107.116915623411,"מייסר","MEISER"
652,"אבטין",0.0032258064516129,0.00434153400868307,0.00970873786407767,0.00883838383838384,0.0159489633173844,0.00556173526140156,0.00695047784535187,0.0903522205206738,0.0161476355247982,"אבטין",141.534040080821,"אבטין","IBTIN"
654,"כפר קרע",0.000559179869524697,0.00126682501979414,0.00530542013191856,0.003125,0.00915719857554689,0.0160146699266504,0.0121317157712305,0.0133936045538255,0.00388738367298857,"כפרקרע",111.897493213286,"כפר קרע","KAFAR QARA"
661,"שער אפרים",0.119373776908023,0.298157453936348,0.244652406417112,0.271308523409364,0.35016111707841,0.306364617044229,0.408993576017131,0.330802603036876,0.321897073662967,"שעראפרים",89.7147843631671,"שער אפרים","SHA'AR EFRAYIM"
675,"הבונים",0.0125786163522013,0.105263157894737,0.0895522388059701,0.100961538461538,0.0686274509803922,0.0796019900497512,0.0682926829268293,0.037914691943128,0.0443349753694581,"הבונים",122.441458087567,"הבונים","HABONIM"
677,"הסוללים",0.036745406824147,0.107317073170732,0.131639722863741,0.117296222664016,0.108256880733945,0.0933333333333333,0.110280373831776,0.0942698706099815,0.102333931777379,"הסוללים",145.499009764693,"הסוללים","HASOLELIM"
679,"אביאל",0.1285140562249,0.274626865671642,0.21,0.213075060532688,0.180487804878049,0.19047619047619,0.2590799031477,0.178217821782178,0.176616915422886,"אביאל",113.189404746705,"אביאל","AVI'EL"
680,"אומץ",0.0410958904109589,0.129554655870445,0.0855457227138643,0.102564102564103,0.0973684210526316,0.120300751879699,0.146907216494845,0.119592875318066,0.115869017632242,"אומץ",97.3185737234505,"אומץ","OMEZ"
682,"אליקים",0.0664652567975831,0.191304347826087,0.297297297297297,0.454756380510441,0.542725173210162,0.511904761904762,0.621428571428571,0.467362924281984,0.431718061674009,"אליקים",126.49071562315,"אליקים","ELYAQIM"
683,"גבע כרמל",0.0523690773067332,0.150214592274678,0.148148148148148,0.147286821705426,0.198924731182796,0.218914185639229,0.25763358778626,0.24105461393597,0.247272727272727,"גבעכרמל",125.067644571866,"גבע כרמל","GEVA  KARMEL"
684,"היוגב",0.0369318181818182,0.0740740740740741,0.070048309178744,0.0625,0.0481400437636762,0.0467289719626168,0.0528735632183908,0.0487804878048781,0.062,"היוגב",129.855783154524,"היוגב","HAYOGEV"
686,"נווה ימין",0.245508982035928,0.409015025041736,0.367223065250379,0.428571428571429,0.478654592496766,0.380764163372859,0.519727891156463,0.412628487518355,0.429386590584879,"נווהימין",75.4972829253229,"נווה ימין","NEWE YAMIN"
687,"עין איילה",0.063768115942029,0.146453089244851,0.123505976095618,0.0755813953488372,0.118556701030928,0.113274336283186,0.137362637362637,0.0996376811594203,0.103202846975089,"עיןאיילה",121.5730484031,"עין איילה","EN AYYALA"
689,"מגדים",0.111688311688312,0.198329853862213,0.219469026548673,0.270935960591133,0.278501628664495,0.301794453507341,0.353765323992995,0.271381578947368,0.293838862559242,"מגדים",132.186731245728,"מגדים","MEGADIM"
694,"מעגן מיכאל",0.00355871886120996,0.0238611713665944,0.0380761523046092,0.0348623853211009,0.0284974093264249,0.0256410256410256,0.0304932735426009,0.0326855123674912,0.04,"מעגןמיכאל",113.050465544958,"מעגן מיכאל","MA'AGAN MIKHA'EL"
697,"בארותיים",0.036036036036036,0.134146341463415,0.120901639344262,0.115671641791045,0.0983899821109123,0.0871985157699443,0.142066420664207,0.117021276595745,0.121783876500858,"בארותיים",91.5560949224122,"בארותיים","BE'EROTAYIM"
698,"בורגתה",0.0657596371882086,0.154786150712831,0.123674911660777,0.149038461538462,0.200652528548124,0.168039538714992,0.212317666126418,0.186795491143317,0.204213938411669,"בורגתה",91.511299271711,"בורגתה","BURGETA"
703,"גבעת עוז",0.0292887029288703,0.0643939393939394,0.0481481481481481,0.0599250936329588,0.0537634408602151,0.0738007380073801,0.0625,0.0566801619433198,0.0433070866141732,"גבעתעוז",125.235131411897,"גבעת עוז","GIV'AT OZ"
715,"להבות חביבה",0.0118343195266272,0.0408163265306122,0.0584192439862543,0.0287958115183246,0.0418502202643172,0.0367170626349892,0.046908315565032,0.0357894736842105,0.0467479674796748,"להבותחביבה",100.888161764651,"להבות חביבה","LAHAVOT HAVIVA"
716,"אייל",0.0416666666666667,0.037037037037037,0.0588235294117647,0.0472972972972973,0.0375,0.0426229508196721,0.0260586319218241,0.015527950310559,0.042042042042042,"אייל",81.7992955971963,"אייל","EYAL"
718,"ירחיב",0.150641025641026,0.388888888888889,0.386206896551724,0.449304174950298,0.503378378378378,0.52129471890971,0.57168458781362,0.475609756097561,0.449586776859504,"ירחיב",76.0486684630799,"ירחיב","YARHIV"
734,"גן יאשיה",0.04,0.0938271604938272,0.0762527233115468,0.0729166666666667,0.0672097759674134,0.0945378151260504,0.10261569416499,0.0836575875486381,0.0718446601941748,"גןיאשיה",95.4168755943459,"גן יאשיה","GAN YOSHIYYA"
737,"עולש",0.0929095354523227,0.161637931034483,0.137218045112782,0.14548802946593,0.152173913043478,0.121367521367521,0.206654991243433,0.131447587354409,0.170984455958549,"עולש",93.311459452138,"עולש","OLESH"
738,"דור",0.0384615384615385,0.135678391959799,0.18974358974359,0.187214611872146,0.195454545454545,0.20627802690583,0.234234234234234,0.210762331838565,0.205607476635514,"דור",118.82375841593,"דור","DOR"
753,"ינוב",0.134831460674157,0.335164835164835,0.278177458033573,0.308695652173913,0.288421052631579,0.293248945147679,0.367170626349892,0.310421286031042,0.304824561403509,"ינוב",89.3416550334358,"ינוב","YANUV"
758,"יד חנה",0.0521739130434783,0.26027397260274,0.243975903614458,0.194373401534527,0.137387387387387,0.137254901960784,0.183807439824945,0.132034632034632,0.140786749482402,"ידחנה",93.8096295380585,"יד חנה","YAD HANNA"
767,"פורת",0.152173913043478,0.304232804232804,0.154684095860566,0.41740674955595,0.616393442622951,0.546875,0.62089552238806,0.521452145214521,0.434654919236417,"פורת",86.1166815669804,"פורת","PORAT"
769,"ניר עציון",0.0379310344827586,0.158273381294964,0.0726643598615917,0.133779264214047,0.142857142857143,0.142857142857143,0.221875,0.111111111111111,0.159090909090909,"נירעציון",130.832680191117,"ניר עציון","NIR EZYON"
773,"עמיקם",0.0643776824034335,0.160714285714286,0.200617283950617,0.115702479338843,0.146835443037975,0.128712871287129,0.175126903553299,0.119106699751861,0.154822335025381,"עמיקם",117.549262295234,"עמיקם","AMMIQAM"
800,"בית חנניה",0.0464396284829721,0.130813953488372,0.134663341645885,0.107221006564551,0.101030927835052,0.111344537815126,0.127982646420824,0.0922431865828092,0.0939457202505219,"ביתחנניה",110.746874357003,"בית חנניה","BET HANANYA"
806,"עין יהב",0.012779552715655,0.0401146131805158,0.0591397849462366,0.0341207349081365,0.0376884422110553,0.0425,0.0518134715025907,0.0463414634146341,0.0685579196217494,"עיןיהב",107.365947205882,"עין יהב","EN YAHAV"
807,"חניאל",0.0997304582210243,0.157657657657658,0.134657836644592,0.0995850622406639,0.127310061601643,0.113168724279835,0.137339055793991,0.093816631130064,0.0959488272921109,"חניאל",91.8233303439696,"חניאל","HANNI'EL"
808,"ניר אליהו",0.00904977375565611,0.0411522633744856,0.0548523206751055,0.0410958904109589,0.0505050505050505,0.051948051948052,0.0664451827242525,0.0404984423676012,0.0414012738853503,"ניראליהו",79.1035202847633,"ניר אליהו","NIR ELIYYAHU"
810,"עופר",0.0851063829787234,0.18695652173913,0.202090592334495,0.2508038585209,0.220820189274448,0.237942122186495,0.268456375838926,0.227586206896552,0.192182410423453,"עופר",122.356480971477,"עופר","OFER"
837,"עזריאל",0.312727272727273,0.543283582089552,0.417910447761194,0.536585365853659,0.608782435129741,0.559917355371901,0.639278557114228,0.536796536796537,0.55193482688391,"עזריאל",85.8503312875295,"עזריאל","AZRI'EL"
842,"געש",0,0.0180412371134021,0.0169082125603865,0.00884955752212389,0.0350194552529183,0.0426356589147287,0.0554493307839388,0.0467625899280576,0.0540540540540541,"געש",76.5806574940646,"געש","GA'ASH"
850,"אחיטוב",0.0865671641791045,0.238805970149254,0.261640798226164,0.269724770642202,0.309653916211293,0.215722120658135,0.370848708487085,0.27831094049904,0.32486388384755,"אחיטוב",98.9863765346394,"אחיטוב","AHITUV"
851,"ניצני עוז",0.116279069767442,0.249388753056235,0.223360655737705,0.255395683453237,0.317204301075269,0.234676007005254,0.371278458844133,0.301675977653631,0.281138790035587,"ניצניעוז",91.7283077756317,"ניצני עוז","NIZZANE OZ"
854,"רחוב",0.149253731343284,0.464705882352941,0.407821229050279,0.548387096774194,0.68936170212766,0.733905579399142,0.788617886178862,0.756410256410256,0.692307692307692,"רחוב",132.031460703097,"רחוב","REHOV"
868,"אלוני יצחק",0.0909090909090909,0.227272727272727,0.178571428571429,0.222222222222222,0.25,0.142857142857143,0.130434782608696,0.0434782608695652,0.0416666666666667,"אלונייצחק",112.140711569085,"אלוני יצחק","ALLONE YIZHAQ"
872,"גאולי תימן",0.126829268292683,0.321782178217822,0.37037037037037,0.368932038834951,0.502439024390244,0.456310679611651,0.521739130434783,0.450549450549451,0.427083333333333,"גאוליתימן",96.1127264854557,"גאולי תימן","GE'ULE TEMAN"
874,"מגדל העמק",0.132365832278173,0.267982456140351,0.415328887791224,0.349101301045349,0.38939246385497,0.390826921640397,0.4532807617914,0.379753740648379,0.374364846489659,"מגדלהעמק",137.574717436686,"מגדל העמק","MIGDAL HAEMEQ"
877,"בית חירות",0.0111731843575419,0.0623376623376623,0.0337078651685393,0.0221238938053097,0.0147991543340381,0.00851063829787234,0.0170575692963753,0.0211864406779661,0.0173160173160173,"ביתחירות",93.5090591440819,"בית חירות","BET HERUT"
880,"עין שריד",0.0822898032200358,0.234797297297297,0.211126961483595,0.254498714652956,0.285018270401949,0.267469879518072,0.341523341523342,0.255501222493888,0.25779376498801,"עיןשריד",85.8293837031331,"עין שריד","EN SARID"
889,"כפר חסידים ב'",0.0930232558139535,0.263736263736264,0.233333333333333,0.205,0.253086419753086,0.304347826086957,0.422077922077922,0.283018867924528,0.267515923566879,"כפרחסידיםב",139.413381104052,"כפר חסידים ב'","KEFAR HASIDIM BET"
913,"שבלי - אום אל-גנם",0.00256410256410256,0.0191146881287726,0.0488644184445974,0.0018984337921215,0.0163214061519146,0.00472914875322442,0.00593589236248516,0.0451977401129944,0.0146147032772365,"שבליאוםאלגנם",146.482749410878,"שבלי - אום אל-גנם","SHIBLI-UMM AL-GHANAM"
921,"שער מנשה",0,0,0.2,0.416666666666667,0.181818181818182,0.181818181818182,0.272727272727273,0.461538461538462,0.35,"שערמנשה",105.859274379718,"שער מנשה","SHA'AR MENASHE"
922,"רכסים",0.0373431282522192,0.0877651845393781,0.0584835876098012,0.0770060396893874,0.0704171450440107,0.0671599317017644,0.0793621013133208,0.0628614064540198,0.0464279595682714,"רכסים",139.67906082986,"רכסים","REKHASIM"
942,"סואעד (חמרייה)",NA,0.204081632653061,0.205479452054795,0.0416666666666667,0,0,0,0.0196078431372549,0,"סואעדחמרייה",146.176975897065,"סואעד (חמרייה)*","SAWA'ID(HAMRIYYE)"
944,"בסמת טבעון",0.00273224043715847,0.0217741935483871,0.0706231454005935,0.0106202209005947,0.0202578268876611,0.0105949470252649,0.0112781954887218,0.172649572649573,0.0274771024146545,"בסמתטבעון",139.387251028314,"בסמת טבעון","BASMAT TAB'UN"
975,"זרזיר",0.0592833876221498,0.0915548539857932,0.0577864838393732,0.0380483437779767,0.0376546530392684,0.0324472243940579,0.0401125967628431,0.144896879957694,0.0390070921985816,"זרזיר",141.224588606875,"זרזיר","ZARZIR"
978,"כעביה-טבאש-חג'אג'",0.0159616919393456,0.0265567765567766,0.0892077354959451,0.0160951714485654,0.019016393442623,0.0312042905899561,0.0271862256456729,0.138381201044386,0.0264218540080609,"כעביהטבאשחגאג",142.6090138145,"כעביה-טבאש-חג'אג'רה","KA'ABIYYE-TABBASH-HAJAJRE"
990,"ראס עלי",NA,0.031055900621118,0.0169491525423729,0.0148514851485149,0,0,0.00704225352112676,0.326086956521739,0.0420168067226891,"ראסעלי",144.085268568637,"ראס עלי","RAS ALI"
994,"מנשית זבדה",0.0118694362017804,0.00305810397553517,0.0025706940874036,0.00212314225053079,0.0121951219512195,0.00194931773879142,0.00337837837837838,0.0588235294117647,0.0245398773006135,"מנשיתזבדה",139.074214502864,"מנשית זבדה","MANSHIYYET ZABDA"
998,"ביר אל-מכסור",0.000609756097560976,0.0156121610517666,0.0382732532265243,0.00224550898203593,0.0445569620253165,0.0206760748276994,0.039314799213704,0.0699730872741253,0.00727528749119925,"ביראלמכסור",147.065506516193,"ביר אל-מכסור","BIR EL-MAKSUR"
1020,"אור עקיבא",0.182795698924731,0.341819759872704,0.459351826421313,0.454770889487871,0.52644057313679,0.523741447973042,0.565888443880043,0.483837438935662,0.47155069399761,"אורעקיבא",106.145054656694,"אור עקיבא","OR AQIVA"
1024,"חרוצים",0.118012422360248,0.223433242506812,0.232323232323232,0.248322147651007,0.298405466970387,0.296380090497738,0.317972350230415,0.26463700234192,0.254777070063694,"חרוצים",78.1559277100065,"חרוצים","HARUZIM"
1044,"יעף",NA,NA,0.178571428571429,0.193548387096774,0.170068027210884,0.172661870503597,0.20863309352518,0.156716417910448,0.156716417910448,"יעף",86.7186263333281,"יעף","YE'AF"
1057,"נווה זוהר",NA,NA,0.25,0.35,0.409090909090909,0.257142857142857,0.428571428571429,0.32,0.315789473684211,"נווהזוהר",86.6153736448038,"נווה זוהר","NEWE ZOHAR"
1061,"נצרת עילית",0.0990460016982169,0.215786402100963,0.422741816391829,0.273763226915076,0.299187831557204,0.299821942199699,0.33620728569494,0.296286902708735,0.278782699520486,"נצרתעילית",142.420451164397,"נצרת עילית","NAZERAT ILLIT"
1069,"רם-און",0.0257142857142857,0.118387909319899,0.087527352297593,0.0899122807017544,0.0845070422535211,0.0821643286573146,0.0965092402464066,0.0707269155206287,0.072,"רםאון",125.512357337545,"רם-און","RAM-ON"
1077,"גבעת שפירא",0,0.181034482758621,0.0748299319727891,0.104046242774566,0.0773809523809524,0.0602409638554217,0.0935672514619883,0.0294117647058824,0.0395480225988701,"גבעתשפירא",91.7040971171502,"גבעת שפירא","GIV'AT SHAPPIRA"
1102,"צוקי ים",0.03,0.0594059405940594,0.0673076923076923,0.169354838709677,0.134453781512605,0.105263157894737,0.168067226890756,0.125,0.151515151515152,"צוקיים",91.4563900566924,"צוקי ים","ZUQI YAM"
1108,"אומן",0.210526315789474,0.27891156462585,0.431506849315068,0.480225988700565,0.480769230769231,0.515837104072398,0.584415584415584,0.488721804511278,0.480825958702065,"אומן",128.224921313989,"אומן","OMEN"
1110,"חבר",0.172043010752688,0.218045112781955,0.222222222222222,0.341317365269461,0.493506493506494,0.524,0.567567567567568,0.424028268551237,0.437673130193906,"חבר",128.077983220201,"חבר","HEVER"
1124,"נאות הכיכר",0.053475935828877,0.16875,0.121212121212121,0.0955882352941176,0.136054421768707,0.154362416107383,0.162962962962963,0.132867132867133,0.150684931506849,"נאותהכיכר",95.9978540434124,"נאות הכיכר","NE'OT HAKIKKAR"
1127,"מעלה גלבוע",0.0774193548387097,0.222826086956522,0.165094339622642,0.144578313253012,0.0841750841750842,0.117241379310345,0.148275862068966,0.0745762711864407,0.13915857605178,"מעלהגלבוע",130.296381007224,"מעלה גלבוע","MA'ALE GILBOA"
1128,"מי עמי",0.0176991150442478,0.160142348754448,0.0601092896174863,0.0372340425531915,0.0292682926829268,0.024390243902439,0.0459183673469388,0.0376344086021505,0.0456852791878173,"מיעמי",117.883067487563,"מי עמי","ME AMMI"
1148,"צור נתן",0.119047619047619,0.317567567567568,0.258064516129032,0.260355029585799,0.286549707602339,0.303571428571429,0.329268292682927,0.266272189349112,0.254777070063694,"צורנתן",86.5726225323015,"צור נתן","ZUR NATAN"
1150,"צופר",0.00555555555555556,0.0867579908675799,0.102325581395349,0.0445344129554656,0.0352941176470588,0.0284552845528455,0.0636704119850187,0.0608695652173913,0.0438247011952191,"צופר",110.177248525772,"צופר","ZOFAR"
1151,"פארן",0.00467289719626168,0.0297872340425532,0.0505836575875486,0.0407407407407407,0.0472727272727273,0.0346153846153846,0.0656370656370656,0.0469314079422383,0.052434456928839,"פארן",124.831766677097,"פארן","PARAN"
1155,"מגן שאול",0.139705882352941,0.4125,0.338095238095238,0.468992248062016,0.533112582781457,0.532467532467532,0.6,0.516129032258065,0.51063829787234,"מגןשאול",127.685270666056,"מגן שאול","MAGEN SHA'UL"
1167,"קיסריה",0.0799373040752351,0.223707664884135,0.226764365599691,0.227879213483146,0.240381558028617,0.250877752952442,0.27909887359199,0.223436551305404,0.25065274151436,"קיסריה",105.968346314921,"קיסריה","QESARYYA"
1175,"עידן",0.00961538461538462,0.0743243243243243,0.154362416107383,0.109826589595376,0.0793650793650794,0.0558659217877095,0.13953488372093,0.0862068965517241,0.106598984771574,"עידן",101.797446958077,"עידן","IDDAN"
1176,"ספיר",0.0642857142857143,0.182352941176471,0.171597633136095,0.219387755102041,0.244791666666667,0.187192118226601,0.326530612244898,0.157360406091371,0.254901960784314,"ספיר",106.411934404822,"ספיר","SAPPIR"
1182,"אלון הגליל",0.0179948586118252,0.0780141843971631,0.0705882352941176,0.0452079566003617,0.0449775112443778,0.0343213728549142,0.0538336052202284,0.0321592649310873,0.027823240589198,"אלוןהגליל",145.592263372039,"אלון הגליל","ALLON HAGALIL"
1186,"הושעיה",0.113902847571189,0.28060522696011,0.151515151515152,0.200214132762313,0.191705069124424,0.180790960451977,0.229586935638809,0.161230195712954,0.208213944603629,"הושעיה",148.975998739751,"הושעיה","HOSHA'AYA"
1197,"נאות סמדר",0.0365853658536585,0.106918238993711,0.0890052356020942,0.119402985074627,0.0733333333333333,0.0817610062893082,0.10738255033557,0.06875,0.0580645161290323,"נאותסמדר",148.694250429574,"נאות סמדר","NE'OT SMADAR"
1199,"עדי",0.0621827411167513,0.190582959641256,0.20042872454448,0.16543438077634,0.177504393673111,0.178666666666667,0.204688908926961,0.158267020335986,0.174977334542158,"עדי",146.113641223402,"עדי","ADI"
1224,"כוכב יאיר",0.10180412371134,0.239644444444444,0.180722891566265,0.172674897119342,0.161118508655127,0.147084121795975,0.190112749349523,0.132554945054945,0.155411331345378,"כוכביאיר",82.3477680722022,"כוכב יאיר","KOKHAV YA'IR"
1236,"נירית",0.0306306306306306,0.118858954041204,0.106546854942234,0.0697674418604651,0.0588235294117647,0.0676328502415459,0.0916149068322981,0.0656488549618321,0.0845070422535211,"נירית",76.5236730765502,"נירית","NIRIT"
1244,"תמרת",0.0441347270615563,0.0971615720524018,0.0669500531349628,0.0716510903426791,0.0629590766002099,0.0655555555555556,0.0924464487034949,0.0607064017660044,0.0713450292397661,"תמרת",140.525912961301,"תמרת","TIMRAT"
1247,"חריש",0.0542691751085383,0.146746347941567,0.218045112781955,0.246973365617433,0.26603325415677,0.245794392523364,0.325024342745862,0.212014134275618,0.235677613886399,"חריש",108.207055277217,"חריש","HARISH"
1249,"הרדוף",0.00561797752808989,0.0099009900990099,0.015625,0.00344827586206897,0.00892857142857143,0.00638977635782748,0.0127388535031847,0.0124223602484472,0.012987012987013,"הרדוף",144.048642200379,"הרדוף","HARDUF"
1251,"עין תמר",NA,0.141025641025641,0.208333333333333,0.19047619047619,0.223404255319149,0.177215189873418,0.273684210526316,0.210526315789474,0.23469387755102,"עיןתמר",99.5715367664288,"עין תמר","EN TAMAR"
1257,"חנתון",NA,0.0763358778625954,0.133574007220217,0.135542168674699,0.157760814249364,0.1825,0.181592039800995,0.126865671641791,0.160583941605839,"חנתון",148.883628618206,"חנתון","HANNATON"
1262,"צוקים",NA,NA,0.0869565217391304,0.0961538461538462,0.0364963503649635,0.0692307692307692,0.0869565217391304,0.0518518518518519,0.0153846153846154,"צוקים",115.855812615142,"צוקים","ZUQIM"
1274,"גן נר",0.124203821656051,0.261111111111111,0.271893244370309,0.320256776034237,0.348821989528796,0.358439811701412,0.42175957018133,0.35030549898167,0.371617161716172,"גןנר",129.875046554086,"גן נר","GAN NER"
1282,"מירב",0.075187969924812,0.376344086021505,0.150485436893204,0.163346613545817,0.127450980392157,0.129824561403509,0.282828282828283,0.137614678899083,0.234782608695652,"מירב",128.547140207541,"מירב","MERAV"
1283,"תל תאומים",0.219047619047619,0.481203007518797,0.423728813559322,0.5,0.555555555555556,0.622317596566524,0.716,0.5375,0.50185873605948,"תלתאומים",132.400725626865,"תל תאומים","TEL TE'OMIM"
1284,"נופית",0.0503300330033003,0.155719557195572,0.14680710994075,0.123791102514507,0.127952755905512,0.12962962962963,0.164392462638077,0.0964970257766028,0.124576844955992,"נופית",142.378658060342,"נופית","NOFIT"
1288,"גבעת אלה",0.0302351623740202,0.123417721518987,0.0918181818181818,0.0911310008136696,0.0732459521973786,0.0805647840531561,0.0891089108910891,0.0714285714285714,0.0986784140969163,"גבעתאלה",143.236084468365,"גבעת אלה","GIV'AT ELA"
1290,"זמר",0.00623582766439909,0.00664652567975831,0.0124700239808153,0.00934579439252336,0.00731350560702097,0.00281590989088349,0.00186974135244624,0.0228116710875332,0.00319375443577005,"זמר",97.5346815267403,"זמר","ZEMER"
1315,"מתן",0.0707831325301205,0.182501708817498,0.161825726141079,0.140899122807018,0.148880791254555,0.149868073878628,0.172449508026929,0.128871128871129,0.142255005268704,"מתן",76.4474550976064,"מתן","MATTAN"
1316,"אל-עריאן",NA,NA,0,0,0.0333333333333333,0.0111111111111111,0,0.0476190476190476,0.03,"אלעריאן",116.432290718184,"אל -עריאן","AL-ARYAN"
1319,"בת חפר",0.0687350835322196,0.186746987951807,0.136729222520107,0.143009226401703,0.154255319148936,0.167978104686965,0.203418803418803,0.165652467883705,0.171513549239921,"בתחפר",94.7580519444049,"בת חפר","BAT HEFER"
1320,"עין חוד",NA,0,0,0,0.0144927536231884,0,0,0.0104166666666667,0,"עיןחוד",130.509258448827,"עין חוד","EIN HOD"
1321,"ח'ואלד",0.018348623853211,0.0471698113207547,0.0505050505050505,0.00694444444444444,0.00460829493087558,0,0,0.0772727272727273,0.0426356589147287,"חואלד",143.406750393357,"ח'ואלד","KHAWALED"
1326,"בסמ""ה",0.00114744693057946,0.00224820143884892,0.00363108206245461,0.00532809871003926,0.00756068444090728,0.00607231576041954,0.00180464696593729,0.0267085624509034,0.00982800982800983,"בסמה",111.856106121501,"בסמ""ה","BASMA"
1327,"מעלה עירון",0.0010806916426513,0.00294502617801047,0.00353535353535354,0.00216060496939143,0.0133295519001702,0.00661686232657417,0.00165508109897385,0.0291323622545915,0.00836635843240863,"מעלהעירון",121.613439981005,"מעלה עירון","MA'ALE IRON"
1330,"אחוזת ברק",0.0654761904761905,0.255162241887906,0.247120418848168,0.307560137457045,0.308411214953271,0.336546184738956,0.410906298003072,0.310534591194969,0.347664936990363,"אחוזתברק",140.509973761544,"אחוזת ברק","AHUZZAT BARAQ"
1337,"שמשית",0.0400890868596882,0.110567514677104,0.107638888888889,0.0875796178343949,0.0867614061331339,0.0915279878971256,0.114729829755736,0.0791788856304985,0.0878877400295421,"שמשית",144.191982485929,"שמשית","SHIMSHIT"
1345,"צור יצחק",NA,0.202898550724638,0.160481444332999,0.151630434782609,0.16542948038176,0.166608084358524,0.209722222222222,0.164406779661017,0.178661616161616,"צוריצחק",85.6830755900862,"צור יצחק","ZUR YIZHAQ"
1361,"בת חן",NA,0.162352941176471,0.128140703517588,0.135678391959799,0.0923566878980892,0.115625,0.0920634920634921,0.0730593607305936,0.0897435897435897,"בתחן",91.9183556476219,"בת חן","BAT HEN"
1370,"מצפה אילן",NA,NA,0.173913043478261,0.177083333333333,0.187919463087248,0.125,0.196078431372549,0.0909090909090909,0.142857142857143,"מצפהאילן",110.19054489435,"מצפה אילן","MITSPE ILAN"
2002,"תנובות",0.110429447852761,0.275071633237822,0.197530864197531,0.280973451327434,0.341825902335456,0.338329764453961,0.449074074074074,0.364896073903002,0.360262008733624,"תנובות",89.6826979006484,"תנובות","TENUVOT"
2003,"תלמי אלעזר",0.142384105960265,0.268361581920904,0.275184275184275,0.226327944572748,0.21272365805169,0.180914512922465,0.214285714285714,0.156190476190476,0.165384615384615,"תלמיאלעזר",103.931497645781,"תלמי אלעזר","TALME EL'AZAR"
2008,"שדה יצחק",0.0427807486631016,0.201923076923077,0.11284046692607,0.177777777777778,0.23321554770318,0.2,0.287769784172662,0.202054794520548,0.234939759036145,"שדהיצחק",100.761978600987,"שדה יצחק","SEDE YIZHAQ"
2015,"שדי חמד",0.0521739130434783,0.134529147982063,0.128014842300557,0.141592920353982,0.122413793103448,0.0874125874125874,0.16036036036036,0.127306273062731,0.141804788213628,"שדיחמד",75.2256690366854,"שדי חמד","SEDE HEMED"
2016,"רוויה",0.18348623853211,0.504065040650406,0.295774647887324,0.453333333333333,0.630057803468208,0.629834254143646,0.751381215469613,0.648809523809524,0.545454545454545,"רוויה",130.968918814604,"רוויה","REWAYA"
2018,"גבעת חיים (איחוד)",0,0.00516351118760757,0.013719512195122,0.00723589001447178,0.0148648648648649,0.00944669365721997,0.0246238030095759,0.0163487738419619,0.0258152173913043,"גבעתחייםאיחוד",97.8752656019918,"גבעת חיים (איחוד)","GIV'AT HAYYIM (IHUD)"
2024,"אום אל-קוטוף",0.00442477876106195,0.00338983050847458,0.0129032258064516,0.00192678227360308,0.00828729281767956,0.00790513833992095,0.00690846286701209,0.0319148936170213,0.00448430493273543,"אוםאלקוטוף",110.04551505697,"אום אל-קוטוף","UMM AL-QUTUF"
2026,"ירדנה",0.0944444444444444,0.270440251572327,0.368098159509202,0.451282051282051,0.577114427860697,0.543689320388349,0.629107981220657,0.567164179104478,0.637614678899083,"ירדנה",146.720925341642,"ירדנה","YARDENA"
2029,"מדרך עוז",0.145593869731801,0.314393939393939,0.332317073170732,0.363171355498721,0.465473145780051,0.502487562189055,0.552311435523114,0.453865336658354,0.426470588235294,"מדרךעוז",126.732540906711,"מדרך עוז","MIDRAKH OZ"
2042,"עין גדי",0,0.0640569395017794,0.100977198697068,0.0714285714285714,0.0769230769230769,0.0911949685534591,0.105431309904153,0.100649350649351,0.0706713780918728,"עיןגדי",77.5890146612994,"עין גדי","EN GEDI"
2043,"בחן",0.0175438596491228,0.0777777777777778,0.0826210826210826,0.0861244019138756,0.065359477124183,0.078125,0.0802603036876356,0.0881147540983607,0.107784431137725,"בחן",96.900446276704,"בחן","BAHAN"
2052,"אביטל",0.279166666666667,0.444444444444444,0.371647509578544,0.611111111111111,0.627986348122867,0.607843137254902,0.727272727272727,0.602006688963211,0.470948012232416,"אביטל",130.535945788176,"אביטל","AVITAL"
2053,"פרזון",0.385026737967914,0.482352941176471,0.461928934010152,0.54625550660793,0.572687224669604,0.544303797468354,0.641860465116279,0.564102564102564,0.518672199170125,"פרזון",130.112705998516,"פרזון","PERAZON"
2054,"מיטב",0.275862068965517,0.483720930232558,0.422413793103448,0.588235294117647,0.601351351351351,0.604240282685512,0.677083333333333,0.626415094339623,0.555172413793103,"מיטב",129.426453960867,"מיטב","METAV"
2055,"מאור",0.0819672131147541,0.209567198177677,0.220614828209765,0.250409165302782,0.267341040462428,0.241726618705036,0.304654442877292,0.231301939058172,0.228142076502732,"מאור",103.219854549862,"מאור","MA'OR"
2057,"שדי תרומות",0.27027027027027,0.545454545454545,0.522727272727273,0.640692640692641,0.77734375,0.829166666666667,0.872659176029963,0.782258064516129,0.689419795221843,"שדיתרומות",131.375004304423,"שדי תרומות","SEDE TERUMOT"
2100,"טירת כרמל",0.119286510590858,0.329728485964105,0.392860870472811,0.456273045286943,0.527411814704632,0.536818484042553,0.596249798808949,0.498369210697978,0.461359093937375,"טירתכרמל",135.256758153947,"טירת כרמל","TIRAT KARMEL"
2300,"קרית טבעון",0.0602795947159164,0.154013015184382,0.150251146538546,0.136896588148305,0.145390802227263,0.146788019896285,0.178106821787414,0.134514224369297,0.137813915191437,"קריתטבעון",134.080032762355,"קריית טבעון","QIRYAT TIV'ON"
2500,"נשר",0.125024905359633,0.272535920197675,0.368096083904254,0.308285914724452,0.341638715860086,0.345024535435605,0.393671993004213,0.325044404973357,0.311674372523118,"נשר",137.341033440998,"נשר","NESHER"
2710,"אום אל-פחם",0.000975927130774236,0.000825139242247129,0.00119919212320121,0.00103341370995522,0.00251078349320801,0.00285650274448303,0.00285599535900754,0.0143668559973271,0.00712753442668327,"אוםאלפחם",116.681538911614,"אום אל-פחם","UMM AL-FAHM"
2720,"טירה",0.00154559505409583,0.00180396873120866,0.00353921680557141,0.00163637929549565,0.00416666666666667,0.00339995024463057,0.00174865049798525,0.00978135788262371,0.00327400940228341,"טירה",81.4589074415146,"טירה","TIRE"
2730,"טייבה",0.00186062246278755,0.00136882129277567,0.00159616919393456,0.00267186195379905,0.00285561306442977,0.00324974272870064,0.00145065279375719,0.00766956938563554,0.0034480776966841,"טייבה",84.8626966179059,"טייבה","TAYIBE"
3555,"נתיב הגדוד",0.135135135135135,0.2,0.197530864197531,0.238095238095238,0.336448598130841,0.217948717948718,0.265060240963855,0.166666666666667,0.176470588235294,"נתיבהגדוד",96.6277891096904,"נתיב הגדוד","NETIV HAGEDUD"
3556,"אלמוג",0.0476190476190476,0.0869565217391304,0.0961538461538462,0.125,0.117647058823529,0.141732283464567,0.194029850746269,0.104,0.172727272727273,"אלמוג",88.7219302846582,"אלמוג","ALMOG"
3557,"קדומים",0.0743700061462815,0.2,0.114678899082569,0.200488997555012,0.19200734956362,0.17697431018078,0.28900624099856,0.165369649805447,0.162135922330097,"קדומים",92.2153355120756,"קדומים","QEDUMIM"
3558,"תומר",0.126666666666667,0.310975609756098,0.296703296703297,0.278409090909091,0.201923076923077,0.28780487804878,0.349206349206349,0.229591836734694,0.243523316062176,"תומר",97.7447321995896,"תומר","TOMER"
3560,"אלקנה",0.105849582172702,0.25893347993403,0.128093158660844,0.17287488061127,0.183018867924528,0.164525691699605,0.274678111587983,0.158715162966462,0.193691692581075,"אלקנה",75.4164995209854,"אלקנה","ELQANA"
3564,"כוכב השחר",0.0341296928327645,0.075177304964539,0.0667490729295426,0.0849598163030999,0.0883534136546185,0.0820512820512821,0.164670658682635,0.0674603174603175,0.0569561157796452,"כוכבהשחר",86.6477321932944,"כוכב השחר","KOKHAV HASHAHAR"
3565,"רימונים",0.172413793103448,0.446043165467626,0.471631205673759,0.520634920634921,0.553370786516854,0.555555555555556,0.692307692307692,0.501432664756447,0.427777777777778,"רימונים",84.798016379545,"רימונים","RIMMONIM"
3566,"יפית",0.159090909090909,0.338461538461538,0.415384615384615,0.317073170731707,0.504672897196262,0.480769230769231,0.584158415841584,0.424242424242424,0.376237623762376,"יפית",103.089497434212,"יפית","YAFIT"
3567,"סלעית",0.0759493670886076,0.220472440944882,0.181818181818182,0.154574132492114,0.0967184801381693,0.109298531810767,0.132165605095541,0.0865533230293663,0.0931297709923664,"סלעית",89.0382821978541,"סלעית","SAL'IT"
3568,"ריחן",0.11864406779661,0.192307692307692,0.157303370786517,0.202020202020202,0.232258064516129,0.246666666666667,0.282051282051282,0.219653179190751,0.184782608695652,"ריחן",113.961403989362,"ריחן","REHAN"
3569,"מבוא דותן",0.128,0.274193548387097,0.455882352941176,0.431952662721893,0.375,0.427083333333333,0.495192307692308,0.378109452736318,0.264462809917355,"מבואדותן",111.598160976193,"מבוא דותן","MEVO DOTAN"
3570,"אריאל",0.241234601326655,0.451408450704225,0.534245064519687,0.461665122980344,0.437268819354194,0.439601494396015,0.523943368727878,0.390731338446581,0.405732484076433,"אריאל",79.160328538243,"אריאל","ARI'EL"
3571,"שבי שומרון",0.0600600600600601,0.203342618384401,0.328083989501312,0.259803921568627,0.243243243243243,0.246575342465753,0.333333333333333,0.171492204899777,0.186695278969957,"שבישומרון",98.5161146470783,"שבי שומרון","SHAVE SHOMERON"
3572,"כפר תפוח",0.0533333333333333,0.152230971128609,0.147704590818363,0.261455525606469,0.217659137577002,0.247983870967742,0.377319587628866,0.185258964143426,0.140952380952381,"כפרתפוח",90.7721558793752,"כפר תפוח","KEFAR TAPPUAH"
3574,"בית אל",0.0381746379991224,0.122042341220423,0.0799095363739163,0.112986060161409,0.10996807378503,0.123402701715955,0.195676481550503,0.0953846153846154,0.0967383246849518,"ביתאל",75.6499439568341,"בית אל","BET EL"
3576,"מצפה יריחו",0.043261231281198,0.0963687150837989,0.117971334068357,0.152988855116515,0.164410058027079,0.165182987141444,0.304889741131352,0.146887159533074,0.151627906976744,"מצפהיריחו",83.7341201345981,"מצפה יריחו","MIZPE YERIHO"
3578,"שדמות מחולה",0.076555023923445,0.18007662835249,0.0423728813559322,0.0988593155893536,0.098159509202454,0.112462006079027,0.196141479099678,0.0952380952380952,0.0794117647058823,"שדמותמחולה",127.487251184483,"שדמות מחולה","SHADMOT MEHOLA"
3579,"אלון מורה",0.0619469026548673,0.103059581320451,0.13006993006993,0.105193075898802,0.0792349726775956,0.0826446280991736,0.151260504201681,0.07703081232493,0.0850767085076709,"אלוןמורה",104.591833807678,"אלון מורה","ELON MORE"
3598,"ארגמן",0.125,0.390243902439024,0.2625,0.390804597701149,0.385542168674699,0.470588235294118,0.604651162790698,0.367088607594937,0.378378378378378,"ארגמן",114.012731837216,"ארגמן","ARGAMAN"
3599,"מחולה",0.105527638190955,0.306532663316583,0.113074204946996,0.186335403726708,0.139759036144578,0.183206106870229,0.28125,0.154981549815498,0.222996515679443,"מחולה",127.657586924079,"מחולה","MEHOLA"
3601,"קליה",0.0220588235294118,0.215277777777778,0.2,0.137795275590551,0.161290322580645,0.17351598173516,0.220720720720721,0.159817351598174,0.194092827004219,"קליה",88.0748671204015,"קליה","QALYA"
3605,"משואה",0.160493827160494,0.465116279069767,0.474226804123711,0.40625,0.356435643564356,0.357894736842105,0.39047619047619,0.345454545454545,0.282051282051282,"משואה",107.692397990016,"משואה","MASSU'A"
3606,"גלגל",0,0.125,0.157142857142857,0.25609756097561,0.302325581395349,0.329545454545455,0.411111111111111,0.318181818181818,0.297872340425532,"גלגל",97.1611261742475,"גלגל","GILGAL"
3607,"ייט""ב",0.0253164556962025,0.0434782608695652,0.475,0.0802919708029197,0.353658536585366,0.35,0.446540880503145,0.192546583850932,0.214285714285714,"ייטב",92.3591055633471,"ייט""ב","YITAV"
3608,"מעלה אפרים",0.0996503496503496,0.300854700854701,0.304940374787053,0.3703125,0.386942675159236,0.419130434782609,0.495755517826825,0.361209964412811,0.344497607655502,"מעלהאפרים",97.4417911271363,"מעלה אפרים","MA'ALE EFRAYIM"
3609,"חמרה",0.0875,0.184210526315789,0.25,0.354838709677419,0.34020618556701,0.367816091954023,0.471264367816092,0.310344827586207,0.281553398058252,"חמרה",109.626921418582,"חמרה","HAMRA"
3610,"מצפה שלם",0,0.0777777777777778,0.0769230769230769,0.0727272727272727,0.064,0.0790960451977401,0.209677419354839,0.120418848167539,0.136842105263158,"מצפהשלם",78.6284454334463,"מצפה שלם","MIZPE SHALEM"
3612,"בקעות",0.13953488372093,0.333333333333333,0.333333333333333,0.391304347826087,0.353982300884956,0.351851851851852,0.480769230769231,0.336633663366337,0.355769230769231,"בקעות",114.101104949832,"בקעות","BEQA'OT"
3613,"גיתית",0.11,0.292035398230089,0.172131147540984,0.24,0.203125,0.216494845360825,0.317948717948718,0.189473684210526,0.204188481675393,"גיתית",99.5190855806393,"גיתית","GITTIT"
3614,"מכורה",0.0789473684210526,0.263888888888889,0.28,0.271604938271605,0.326086956521739,0.333333333333333,0.421052631578947,0.311111111111111,0.242105263157895,"מכורה",106.158803025991,"מכורה","MEKHORA"
3615,"פצאל",0.13013698630137,0.335616438356164,0.35031847133758,0.329545454545455,0.369230769230769,0.369230769230769,0.435483870967742,0.247311827956989,0.349282296650718,"פצאל",99.4528611523991,"פצאל","PEZA'EL"
3617,"עופרה",0.0545129579982127,0.250203748981255,0.110797459421313,0.16632860040568,0.15564462257849,0.171864171864172,0.291023842917251,0.167233174711081,0.163734776725304,"עופרה",79.8458205852639,"עפרה","OFRA"
3619,"רועי",0.102941176470588,0.2,0.20863309352518,0.214285714285714,0.292929292929293,0.307692307692308,0.337209302325581,0.311688311688312,0.290697674418605,"רועי",116.865483617862,"רועי","RO'I"
3620,"נירן",0,0.0465116279069767,0,0,0,NA,NA,NA,NA,"נירן",96.0244415484532,"נירן","NIRAN"
3637,"מעלה שומרון",0.284313725490196,0.518272425249169,0.374358974358974,0.368763557483731,0.368869936034115,0.412556053811659,0.503480278422274,NA,NA,"מעלהשומרון",83.8336469658087,"מעלה שומרון","MA'ALE SHOMERON"
3638,"כפר אדומים",0.172631578947368,0.389687235841082,0.290322580645161,0.368233194527067,0.276735935124176,0.268203247773704,0.36996336996337,0.232723577235772,0.294117647058824,"כפראדומים",79.052947224743,"כפר אדומים","KEFAR ADUMMIM"
3639,"ורד יריחו",0.129032258064516,0.348623853211009,0.273381294964029,0.392592592592593,0.420454545454545,0.466666666666667,0.561497326203209,0.421052631578947,0.376884422110553,"ורדיריחו",87.7982938991093,"ורד יריחו","WERED YERIHO"
3640,"קרני שומרון",0.141711229946524,0.33018580566555,0.259994247914869,0.302293828509011,0.295110024449878,0.297793206050087,0.394972202078801,0.24829707756537,0.260566356720203,"קרנישומרון",83.6758211768226,"קרני שומרון","QARNE SHOMERON"
3641,"שילה",0.0603448275862069,0.125545851528384,0.111305872042068,0.148204736440031,0.127767235926629,0.11340206185567,0.236456341618866,0.0867970660146699,0.0915771622385529,"שילה",88.5630802841962,"שילה","SHILO"
3643,"חיננית",0.0636042402826855,0.192528735632184,0.463894967177243,0.163346613545817,0.230252100840336,0.261245674740484,0.31687898089172,0.258970358814353,0.240469208211144,"חיננית",117.13667095287,"חיננית","HINNANIT"
3645,"בית הערבה",0.0769230769230769,0.194444444444444,0.355555555555556,0.235294117647059,0.277777777777778,0.403225806451613,0.387323943661972,0.212121212121212,0.227722772277228,"ביתהערבה",92.8274283281065,"בית הערבה","BET HAARAVA"
3647,"יקיר",0.0783505154639175,0.246704331450094,0.138020833333333,0.235436893203884,0.220192307692308,0.193193193193193,0.33852140077821,0.192417061611374,0.205828779599271,"יקיר",84.9555983937456,"יקיר","YAQIR"
3649,"שקד",0.188755020080321,0.406896551724138,0.341736694677871,0.30379746835443,0.348519362186788,0.37799043062201,0.473170731707317,0.302895322939866,0.338775510204082,"שקד",116.067403599523,"שקד","SHAQED"
3651,"מעלה מכמש",0.0590476190476191,0.227005870841487,0.11525974025974,0.174743024963289,0.171581769436997,0.17983651226158,0.315930388219545,0.171171171171171,0.1968787515006,"מעלהמכמש",79.1641095294524,"מעלה מכמש","MA'ALE MIKHMAS"
3654,"ברקן",0.261666666666667,0.523878437047757,0.476493011435832,0.486607142857143,0.48335015136226,0.497942386831276,0.609437751004016,0.430597771023303,0.466286799620133,"ברקן",80.9422637819691,"ברקן","BARQAN"
3658,"עטרת",0.0294117647058824,0.110552763819095,0.0845070422535211,0.0860655737704918,0.09765625,0.0745098039215686,0.194092827004219,0.0859375,0.0909090909090909,"עטרת",76.826165472307,"עטרת","ATERET"
3660,"עמנואל",0.0136554621848739,0.0454545454545455,0.0176923076923077,0.0572463768115942,0.0762273901808786,0.0679551122194514,0.100181050090525,0.0477686989314896,0.0320910973084886,"עמנואל",85.663300893972,"עמנואל","IMMANU'EL"
3710,"ברכה",0.3068669527897,0.261565836298932,0.521246458923513,0.583333333333333,0.577435897435897,0.494358974358974,0.597804391217565,0.442105263157895,0.505757307351639,"ברכה",97.4716759046631,"ברכה","BERAKHA"
3712,"ענב",0.0568181818181818,0.205776173285199,0.108938547486034,0.182072829131653,0.231884057971014,0.204275534441805,0.380841121495327,0.19953596287703,0.189542483660131,"ענב",97.4943864480019,"ענב","ENAV"
3713,"נעמ""ה",NA,0.19672131147541,0.315789473684211,0.285714285714286,0.244897959183673,0.308641975308642,0.363636363636364,0.304347826086957,0.318181818181818,"נעמה",94.0836573940294,"נעמ""ה","NA'AMA"
3715,"עלמון",0.260736196319018,0.543859649122807,0.47212543554007,0.5109375,0.53206002728513,0.564802182810368,0.648648648648649,0.528378378378378,0.481193255512322,"עלמון",75.6814289452707,"עלמון","ALMON"
3717,"חרמש",0.028169014084507,0.162790697674419,0.356435643564356,0.231404958677686,0.435714285714286,0.3671875,0.454545454545455,0.346153846153846,0.426470588235294,"חרמש",108.997744878497,"חרמש","HERMESH"
3720,"שערי תקווה",0.201327433628319,0.455112818050888,0.298727128082737,0.347994370161858,0.354325488896255,0.352515506547209,0.471768707482993,0.310646900269542,NA,"שעריתקווה",77.3437002894801,"שערי תקווה","SHA'ARE TIQWA"
3727,"עלי זהב",0.139455782312925,0.334328358208955,0.384892086330935,0.264150943396226,0.1875,0.179611650485437,0.290560471976401,0.158835208471211,0.20326150262085,"עליזהב",75.4778628789546,"עלי זהב","ALE ZAHAV"
3746,"קרית נטפים",0.122222222222222,0.291666666666667,0.237735849056604,0.287581699346405,0.261627906976744,0.252777777777778,0.418282548476454,0.247910863509749,0.206185567010309,"קריתנטפים",81.9306084603379,"קריית נטפים","QIRYAT NETAFIM"
3749,"יצהר",0.0258620689655172,0.0588235294117647,0.0538461538461538,0.0178571428571429,0.0298507462686567,0.0298507462686567,0.109848484848485,0.0283687943262411,0.0170542635658915,"יצהר",94.38017338551,"יצהר","YIZHAR"
3750,"אלפי מנשה",0.177664974619289,0.375574712643678,0.318518518518519,0.303516639131461,0.316604995374653,0.317575473905921,0.382277297170914,0.288337924701561,0.308496138119037,"אלפימנשה",76.9090180362318,"אלפי מנשה","ALFE MENASHE"
3751,"מגדלים",0.2,0.431372549019608,0.373134328358209,0.279569892473118,0.0867052023121387,0.107784431137725,0.226519337016575,0.148514851485149,0.176991150442478,"מגדלים",95.0467629913873,"מגדלים","MIGDALIM"
3752,"מעלה לבונה",0.0357142857142857,0.177777777777778,0.0574712643678161,0.200692041522491,0.13134328358209,0.132530120481928,0.251479289940828,0.0898203592814371,0.094017094017094,"מעלהלבונה",85.1545125268172,"מעלה לבונה","MA'ALE LEVONA"
3762,"איתמר",0.0176991150442478,0.0446096654275093,0.0630372492836676,0.0879396984924623,0.089086859688196,0.0873563218390805,0.178733031674208,0.0529953917050691,0.0487804878048781,"איתמר",98.7038442751473,"איתמר","ITAMAR"
3765,"עלי",0.0471887550200803,0.186907020872865,0.130752373995617,0.211803278688525,0.187911430281269,0.179424372320882,0.300483675937122,0.160191273161984,0.154804270462633,"עלי",88.0991570457788,"עלי","ELI"
3778,"עץ אפרים",0.228758169934641,0.384823848238482,0.347280334728033,0.348692403486924,0.341831916902738,0.327375352775165,0.453695042095416,0.264869888475836,NA,"עץאפרים",78.2357793463615,"עץ אפרים","EZ EFRAYIM"
3790,"נופים",0.290816326530612,0.537313432835821,0.551181102362205,0.530744336569579,0.465425531914894,0.492063492063492,0.625316455696203,0.424691358024691,0.420940170940171,"נופים",83.8781416345407,"נופים","NOFIM"
3791,"צופים",0.170391061452514,0.341935483870968,0.261838440111421,0.294691224268689,0.267248908296943,0.263483642793988,0.359442993907746,0.239750445632799,0.28927680798005,"צופים",82.5012157738066,"צופים","ZUFIM"
3793,"אבני חפץ",0.0427807486631016,0.124153498871332,0.090625,0.200545702592087,0.245614035087719,0.231749710312862,0.382519863791146,0.18020022246941,0.164750957854406,"אבניחפץ",94.1390981425465,"אבני חפץ","AVNE HEFEZ"
3795,"רבבה",0.0323741007194245,0.104683195592287,0.0688468158347676,0.0937062937062937,0.0865580448065173,0.0804480651731161,0.180840664711632,0.065236818588025,0.0493723849372385,"רבבה",82.908578423736,"רבבה","REVAVA"
4000,"חיפה",0.0831371306106432,0.198151584886052,0.261102301184676,0.207441829366141,0.236668096114208,0.233473570208689,0.265956784788245,0.213695369653783,0.209352909189777,"חיפה",137.172947037619,"חיפה","HAIFA"
6000,"באקה אל-גרביה",0.00209891118982028,0.00157068062827225,0.0019996923550223,0.00109758531231291,0.00368909807912479,0.00277238702522872,0.00177785303081612,0.0151440329218107,0.00403267500775514,"באקהאלגרביה",103.356789088105,"באקה אל-גרביה","BAQA AL-GHARBIYYE"
6500,"חדרה",0.12052434692402,0.277624153498871,0.340712323085696,0.321647363949381,0.379734205163043,0.379426967009125,0.450577636902031,0.371334720245264,0.381638451995037,"חדרה",97.2340537228243,"חדרה","HADERA"
6800,"קרית אתא",0.120697907148762,0.284670360555689,0.354986276303751,0.354367129207603,0.438302040816327,0.438526061555534,0.506458453826875,0.422441227800021,0.427732942039618,"קריתאתא",141.631396760689,"קריית אתא","QIRYAT ATTA"
7300,"נצרת",0.00540236839830582,0.0110674436463839,0.0124165313120375,0.0105867465045217,0.0146395893773711,0.00890301066473716,0.0100450294423277,0.0391506303915063,0.0233644859813084,"נצרת",140.985844038797,"נצרת","NAZARETH"
7400,"נתניה",0.12153131281489,0.284255287770226,0.34319373422228,0.335400310994804,0.378499026959224,0.359687647981875,0.43062780718457,0.350840756442624,0.355103810054581,"נתניה",79.9777971008529,"נתניה","NETANYA"
7700,"עפולה",0.154915403484496,0.348434971823913,0.427689594356261,0.442159944124323,0.464583977729663,0.46057533510005,0.52659655540314,0.432409181558675,0.424970488160544,"עפולה",131.729942582687,"עפולה","AFULA"
7800,"פרדס חנה-כרכור",0.117056318791677,0.254187909686817,0.26806455556914,0.277642577505026,0.297109182868544,0.287755962700904,0.332153690596562,0.264607212748113,0.282720621443411,"פרדסחנהכרכור",104.293299708855,"פרדס חנה-כרכור","PARDES HANNA-KARKUR"
8200,"קרית מוצקין",0.0848858246540511,0.229913188031031,0.310226961990703,0.279453637601618,0.328868565878925,0.330380108602458,0.395704154002026,0.318803559657218,0.336062075654704,"קריתמוצקין",146.9204643044,"קריית מוצקין","QIRYAT MOTZKIN"
8800,"שפרעם",0.0367872470876763,0.0189393939393939,0.123496080105565,0.011846921797005,0.0122740963855422,0.0113921724750413,0.010718789407314,0.033673855467272,0.0163026173342673,"שפרעם",146.160044755888,"שפרעם","SHEFAR'AM"
9200,"בית שאן",0.167681071211199,0.411289178839881,0.351539942252166,0.509290086993878,0.549933963222595,0.55709939148073,0.627175632911392,0.546065259117082,0.478632478632479,"ביתשאן",136.187607652576,"בית שאן","BET SHE'AN"
9300,"זכרון יעקב",0.0736204398788358,0.182799402916523,0.174708503175656,0.176566383817605,0.17758135797509,0.176924973292793,0.213120158233064,0.151823168764117,0.168633931381807,"זכרוןיעקב",112.475813815929,"זכרון יעקב","ZIKHRON YA'AQOV"
9500,"קרית ביאליק",0.0881281864530226,0.22919468101001,0.317804383508738,0.294961496149615,0.345736222797692,0.341961474347101,0.398729549401334,0.324042622493137,0.33800541437429,"קריתביאליק",145.608395247995,"קריית ביאליק","QIRYAT BIALIK"
9600,"קרית ים",0.106632653061224,0.260613144891345,0.424623774317026,0.343968095712861,0.42006989993776,0.420903679125598,0.481515267908585,0.410892634207241,0.40545472479779,"קריתים",147.627648916075,"קריית ים","QIRYAT YAM"
9800,"בנימינה-גבעת עדה",0.0678723836618573,0.181818181818182,0.172668513388735,0.182326782384163,0.183213114754098,0.186826347305389,0.216010498687664,0.164313725490196,0.177295918367347,"בנימינהגבעתעדה",108.621301000603,"בנימינה-גבעת עדה*","BINYAMINA-GIV'AT ADA"
