"SEMEL_YISHUV","locality","loc","X2006","X2009","X2013","X2015","X2019","X2019_2","X2020","X2021","X2022","distance","SHEM_YISHUV"
13,"חצבה","חצבה",0.72635994841362,0.71461716937355,0.75704989154013,0.763713080168776,0.802788844621514,0.743027888446215,0.763005780346821,0.717996289424861,0.720848056537102,102.743642435493,"חצבה"
33,"בת שלמה","בתשלמה",0.713617279579139,0.724242424242424,0.785522788203753,0.81360201511335,0.828703703703704,0.777011494252874,0.802721088435374,0.807692307692308,0.738041002277904,120.786273076813,"בת שלמה"
41,"אליכין","אליכין",0.688769583534745,0.704949543488707,0.735511982570806,0.795038633590891,0.762633996937213,0.764161849710983,0.759208995734781,0.73822188449848,0.757791963950432,97.9577989286117,"אליכין"
47,"כפר תבור","כפרתבור",0.683806188234217,0.706422018348624,0.735609368797142,0.752962298025135,0.750151057401813,0.728387675740353,0.725461035098156,0.706206496519722,0.698781524511193,146.264738444617,"כפר תבור"
53,"עתלית","עתלית",0.632632535287403,0.644028103044497,0.667347401860676,0.709354357553803,0.718087995654536,0.715947136563877,0.718966390812363,0.702757756189282,0.72463976945245,126.087004080812,"עתלית"
66,"מרחביה (קיבוץ)","מרחביהקיבוץ",0.593262709066382,0.708117443868739,0.754740834386852,0.75417661097852,0.731981981981982,0.717171717171717,0.721132897603486,0.707446808510638,0.690526315789474,135.365627501323,"מרחביה (קיבוץ)"
72,"גן שמואל","גןשמואל",0.752391298213933,0.741463414634146,0.762246117084827,0.7903981264637,0.771526980482204,0.781714285714286,0.773823191733639,0.778669724770642,0.763761467889908,103.924995471069,"גן שמואל"
74,"עין הוד","עיןהוד",0.610400827662139,0.684057971014493,0.70935960591133,0.745575221238938,0.743951612903226,0.721774193548387,0.707661290322581,0.698630136986301,0.644787644787645,130.575233761085,"עין הוד"
80,"נהלל","נהלל",0.661515842238734,0.733113673805601,0.759873617693523,0.779279279279279,0.761442441054092,0.754716981132076,0.757738896366083,0.763089005235602,0.741626794258373,136.149024654341,"נהלל"
82,"עין חרוד (מאוחד)","עיןחרודמאוחד",0.651568186464936,0.708955223880597,0.706056129985229,0.714285714285714,0.722058823529412,0.737388724035608,0.725146198830409,0.716763005780347,0.681556195965418,135.87769237714,"עין חרוד (מאוחד)"
84,"תל יוסף","תליוסף",0.865704772475028,0.692520775623269,0.735294117647059,0.777479892761394,0.773584905660377,0.739247311827957,0.748648648648649,0.747967479674797,0.715384615384615,136.254988240105,"תל יוסף"
85,"כפר יחזקאל","כפריחזקאל",0.835232996943463,0.807763401109057,0.796296296296296,0.827123695976155,0.817415730337079,0.802469135802469,0.818431911966988,0.806275579809004,0.794233289646134,134.280545655343,"כפר יחזקאל"
86,"גבע","גבע",0.795626600428409,0.777777777777778,0.754980079681275,0.758284600389864,0.719465648854962,0.727969348659004,0.731517509727626,0.730916030534351,0.682879377431907,135.56622038062,"גבע"
89,"עין חרוד (איחוד)","עיןחרודאיחוד",0.635,0.712707182320442,0.76271186440678,0.775471698113208,0.75763358778626,0.724470134874759,0.731141199226306,0.742690058479532,0.721343873517787,136.446902217282,"עין חרוד (איחוד)"
90,"חפצי-בה","חפציבה",0.772648631645172,0.679790026246719,0.725490196078431,0.735576923076923,0.742049469964664,0.763250883392226,0.73286467486819,0.730496453900709,0.700170357751278,134.755077038911,"חפצי-בה"
92,"גיניגר","גיניגר",0.681492681492681,0.678004535147392,0.733333333333333,0.712686567164179,0.70990990990991,0.716417910447761,0.701851851851852,0.702359346642468,0.657657657657658,138.344206620856,"גיניגר"
94,"בלפוריה","בלפוריה",0.734162895927602,0.728395061728395,0.759146341463415,0.8,0.822335025380711,0.819338422391858,0.8275,0.788095238095238,0.777239709443099,136.780691061526,"בלפוריה"
95,"בית אלפא","ביתאלפא",1,0.666666666666667,0.711507293354943,0.736607142857143,0.722689075630252,0.717905405405405,0.695652173913043,0.714041095890411,0.715469613259669,134.832808863252,"בית אלפא"
96,"יגור","יגור",0.85100414965833,0.712183156173344,0.697492163009404,0.706161137440758,0.695067264573991,0.696947133283693,0.681448632668145,0.664473684210526,0.637401855817273,138.037130311087,"יגור"
97,"מרחביה (מושב)","מרחביהמושב",0.614264551196973,0.776,0.767535070140281,0.78727634194831,0.759927797833935,0.761989342806394,0.758741258741259,0.728353140916808,0.719734660033168,135.235587226044,"מרחביה (מושב)"
99,"מצפה רמון","מצפהרמון",0.673895065963099,0.56236975290265,0.587081891580161,0.609392575928009,0.577717391304348,0.569561666212905,0.577819956616052,0.504043126684636,0.530890612463225,78.5084245751327,"מצפה רמון"
102,"מאיר שפיה","מאירשפיה",0.289661319073084,0.421052631578947,0.525252525252525,0.532608695652174,0.509433962264151,0.533898305084746,0.482142857142857,0.504347826086956,0.4296875,118.615819743464,"מאיר שפיה"
103,"תל עדשים","תלעדשים",0.916963240102812,0.821428571428571,0.766619519094767,0.817333333333333,0.804295942720764,0.777777777777778,0.764705882352941,0.792584009269988,0.743875278396437,139.035665873934,"תל עדשים"
104,"מזרע","מזרע",0.592310966094481,0.702255639097744,0.732115677321157,0.72824427480916,0.735294117647059,0.714494875549048,0.724890829694323,0.719148936170213,0.697574893009986,138.374074525615,"מזרע"
106,"כפר גדעון","כפרגדעון",1,0.678082191780822,0.730769230769231,0.778443113772455,0.802197802197802,0.769230769230769,0.728260869565217,0.71957671957672,0.710900473933649,138.095299723274,"כפר גדעון"
112,"כפר חסידים א'","כפרחסידיםא",0.910870566559189,0.75,0.790419161676647,0.784431137724551,0.762645914396887,0.761627906976744,0.749518304431599,0.743833017077799,0.704460966542751,138.416943385426,"כפר חסידים א'"
113,"אדירים","אדירים",0.864244021841461,0.785714285714286,0.824468085106383,0.779904306220096,0.760869565217391,0.830434782608696,0.785407725321888,0.769230769230769,0.753191489361702,128.30456608428,"אדירים"
115,"חופית","חופית",0.68827627093523,0.744219653179191,0.766906474820144,0.785206258890469,0.718019257221458,0.706919945725916,0.710204081632653,0.753280839895013,0.728426395939086,94.152194957121,"חופית"
122,"רמת ישי","רמתישי",0.670683135316007,0.728574625195793,0.760438714643063,0.77544634640162,0.756971408400988,0.741218005295675,0.745703262013329,0.736418166238218,0.726894946808511,137.569672006859,"רמת ישי"
126,"שריד","שריד",0.825813418470351,0.671974522292994,0.717451523545706,0.730398899587345,0.727030625832224,0.730053191489362,0.714854111405836,0.698952879581152,0.690414507772021,135.613537934856,"שריד"
130,"משמר העמק","משמרהעמק",0.82720195063524,0.739076154806492,0.762886597938144,0.744493392070485,0.763326226012793,0.756046267087277,0.751840168243954,0.771097046413502,0.762513312034079,127.754958164979,"משמר העמק"
132,"כפר ברוך","כפרברוך",0.811882859313022,0.705179282868526,0.78839590443686,0.783536585365854,0.792817679558011,0.803867403314917,0.775675675675676,0.752659574468085,0.770642201834862,133.227390568458,"כפר ברוך"
133,"גבת","גבת",0.867518574408166,0.762295081967213,0.810593900481541,0.838509316770186,0.812041116005874,0.822320117474302,0.812041116005874,0.804347826086957,0.810541310541311,136.538311818503,"גבת"
134,"יפעת","יפעת",0.925978341127246,0.696374622356495,0.752941176470588,0.775280898876405,0.741656365883807,0.76997578692494,0.761158021712907,0.750295857988166,0.756410256410256,137.721386966089,"יפעת"
135,"רמת דוד","רמתדוד",1,0.61340206185567,0.895238095238095,0.77521613832853,0.804597701149425,0.811267605633803,0.794444444444444,0.778666666666667,0.754950495049505,135.449376654464,"רמת דוד"
139,"עין שמר","עיןשמר",0.509028635746099,0.701013513513513,0.731833910034602,0.744897959183674,0.751736111111111,0.729131175468484,0.726190476190476,0.717428087986464,0.713622291021672,107.314308736751,"עין שמר"
140,"כפר יהושע","כפריהושע",0.927835051546392,0.813167259786477,0.82179675994109,0.83026874115983,0.803377563329312,0.789855072463768,0.810843373493976,0.773474178403756,0.772222222222222,133.461984250908,"כפר יהושע"
141,"ברק","ברק",0.818901098901099,0.66,0.699658703071672,0.723472668810289,0.717607973421927,0.741830065359477,0.720394736842105,0.662295081967213,0.740740740740741,127.398381145244,"ברק"
142,"שדה יעקב","שדהיעקב",0.751427806254321,0.82089552238806,0.854684512428298,0.841637010676157,0.820846905537459,0.789137380191693,0.799363057324841,0.778801843317972,0.780923994038748,135.650286558412,"שדה יעקב"
145,"גדיש","גדיש",0.793746630727763,0.656603773584906,0.678571428571429,0.760617760617761,0.705454545454545,0.683636363636364,0.74468085106383,0.705263157894737,0.742049469964664,127.848213385516,"גדיש"
146,"דבורה","דבורה",0.606757067340841,0.602564102564103,0.719298245614035,0.744292237442922,0.7,0.717391304347826,0.68859649122807,0.647058823529412,0.615044247787611,128.102766259865,"דבורה"
154,"תל מונד","תלמונד",0.6419678599692,0.722517730496454,0.74294544477291,0.777570789865872,0.766180443003782,0.75716730851519,0.748262792166772,0.736922450641156,0.747274813539874,79.2941120279761,"תל מונד"
157,"עין ורד","עיןורד",0.723415132924335,0.801955990220049,0.834547346514048,0.838293650793651,0.81267217630854,0.805682859761687,0.779411764705882,0.803713527851459,0.75885911840968,84.1144268104242,"עין ורד"
162,"חירות","חירות",0.758277162394692,0.847545219638243,0.839094159713945,0.845153664302601,0.823466092572659,0.814377682403433,0.811015118790497,0.807073954983923,0.775700934579439,81.4030868366877,"חירות"
164,"מלאה","מלאה",0.701023696266906,0.745535714285714,0.83402489626556,0.781954887218045,0.811594202898551,0.776978417266187,0.847826086956522,0.794223826714801,0.776173285198556,127.752883152997,"מלאה"
165,"ניר יפה","ניריפה",0.905022045237762,0.62280701754386,0.730027548209366,0.810026385224274,0.746268656716418,0.730392156862745,0.770685579196217,0.713318284424379,0.724511930585683,128.746959570369,"ניר יפה"
167,"עין החורש","עיןהחורש",0.749311111848876,0.775229357798165,0.786153846153846,0.809667673716012,0.818978102189781,0.79971181556196,0.767605633802817,0.762247838616715,0.756944444444444,96.8808871069419,"עין החורש"
168,"כפר יונה","כפריונה",0.633850946412089,0.659592215013902,0.719157472417252,0.765763154080301,0.739970186013352,0.73057092555332,0.736433638513309,0.714692969952677,0.737665960634396,88.1957249024117,"כפר יונה"
170,"כפר יעבץ","כפריעבץ",0.833740650908856,0.716157205240175,0.785876993166287,0.812095032397408,0.789587852494577,0.793548387096774,0.79957805907173,0.772357723577236,0.737945492662474,87.0393975156536,"כפר יעבץ"
171,"פרדסיה","פרדסיה",0.556061776178148,0.741425992779783,0.756024738750267,0.783078880407125,0.772946859903382,0.7563614506111,0.755844155844156,0.757796451914099,0.764767381076843,87.4936899723056,"פרדסייה"
173,"גבעת חיים (מאוחד)","גבעתחייםמאוחד",0.71747824041402,0.731535756154748,0.775229357798165,0.79147465437788,0.767494356659142,0.752519596864502,0.750281214848144,0.753363228699552,0.732824427480916,96.9355804016677,"גבעת חיים (מאוחד)"
175,"אביחיל","אביחיל",0.732648355422236,0.763574660633484,0.761554621848739,0.77449947312961,0.766460905349794,0.744918699186992,0.746693794506612,0.757390417940877,0.707193515704154,90.3078230626382,"אביחיל"
178,"רמת יוחנן","רמתיוחנן",0.658263729169189,0.688693098384728,0.702523240371846,0.710858585858586,0.704957678355502,0.678743961352657,0.686531585220501,0.6785290628707,0.677494199535963,144.953441149791,"רמת יוחנן"
182,"אבן יהודה","אבןיהודה",0.710359870417824,0.712839637719766,0.768309222423146,0.791331740169455,0.771076985660531,0.758328285887341,0.761852038248616,0.744626558052802,0.737849215461156,80.8533948484225,"אבן יהודה"
184,"רמת הכובש","רמתהכובש",1,0.7426597582038,0.754152823920266,0.77938808373591,0.776758409785933,0.798179059180577,0.795216741405082,0.76798825256975,0.762931034482759,80.2097469915762,"רמת הכובש"
186,"נעורים","נעורים",0.173959587849592,0.456692913385827,0.471698113207547,0.503184713375796,0.433526011560694,0.374358974358974,0.419540229885057,0.408284023668639,0.392405063291139,92.633531666875,"נעורים"
187,"כפר הס","כפרהס",0.850319752967325,0.784242424242424,0.786578657865787,0.792016806722689,0.770114942528736,0.77069457659372,0.761406844106464,0.75981308411215,0.765698219306467,82.5286377313926,"כפר הס"
189,"כפר פינס","כפרפינס",0.684752647613521,0.852941176470588,0.864306784660767,0.85632183908046,0.846774193548387,0.803191489361702,0.826771653543307,0.794871794871795,0.789473684210526,108.963341904812,"כפר פינס"
190,"כפר ויתקין","כפרויתקין",0.784696985010744,0.765849535080304,0.800751879699248,0.801622418879056,0.771692745376956,0.755349500713267,0.760543245175125,0.754273504273504,0.731994459833795,93.7388234535044,"כפר ויתקין"
191,"הדר עם","הדרעם",0.717768147345612,0.756410256410256,0.835680751173709,0.841163310961969,0.835294117647059,0.808219178082192,0.800387596899225,0.780534351145038,0.770642201834862,91.6211345128367,"הדר עם"
192,"כפר החורש","כפרהחורש",0.878264497288277,0.732186732186732,0.76,0.785882352941176,0.781052631578947,0.749478079331942,0.741596638655462,0.765690376569038,0.780793319415449,142.651847568477,"כפר החורש"
193,"כפר חיים","כפרחיים",0.868648910411622,0.76997578692494,0.808153477218225,0.8175,0.783653846153846,0.78436018957346,0.806976744186046,0.786542923433875,0.777522935779816,92.3278260605588,"כפר חיים"
194,"משמר השרון","משמרהשרון",0.682553214522524,0.653932584269663,0.677018633540373,0.675834970530452,0.671232876712329,0.675728155339806,0.677669902912621,0.684615384615385,0.647969052224371,92.6536586703493,"משמר השרון"
195,"קדימה-צורן","קדימהצורן",NA,0.716638434029738,0.744340654716822,0.778196338431402,0.761374795417349,0.757489300998573,0.754798402679376,0.743428571428571,0.742158985462419,83.7678062084039,"קדימה-צורן"
197,"מעברות","מעברות",0.825709616731437,0.768377253814147,0.771428571428571,0.79047619047619,0.797554347826087,0.769647696476965,0.758064516129032,0.775862068965517,0.739597315436242,93.2321847906772,"מעברות"
198,"צופית","צופית",0.934129400999085,0.792507204610951,0.786381842456609,0.786369593709043,0.749685534591195,0.737562189054726,0.747183979974969,0.73452380952381,0.731934731934732,77.2828131466143,"צופית"
200,"בית ינאי","ביתינאי",0.687073671233099,0.676156583629893,0.731391585760518,0.691588785046729,0.638436482084691,0.636963696369637,0.646464646464647,0.654237288135593,0.652597402597403,93.4677197826315,"בית ינאי"
204,"אלישיב","אלישיב",0.864618156706896,0.788113695090439,0.77728285077951,0.830835117773019,0.775898520084567,0.755888650963597,0.746268656716418,0.765560165975104,0.772540983606557,95.0954076483986,"אלישיב"
205,"חגלה","חגלה",1,0.836317135549872,0.824884792626728,0.837004405286344,0.819639278557114,0.792490118577075,0.791252485089463,0.795366795366795,0.743682310469314,96.0543252628287,"חגלה"
213,"משמרות","משמרות",1,0.744769874476987,0.771523178807947,0.799564270152505,0.795774647887324,0.798290598290598,0.816528925619835,0.811550151975684,0.791553133514986,108.631581194428,"משמרות"
217,"כפר הרא""ה","כפרהראה",0.645768827389745,0.827529021558872,0.853293413173653,0.846262341325811,0.820083682008368,0.796982167352538,0.782726045883941,0.758169934640523,0.772965879265092,96.1748302346093,"כפר הרא""ה"
219,"חיבת ציון","חיבתציון",0.830639631697522,0.784574468085106,0.816867469879518,0.857142857142857,0.817567567567568,0.821428571428571,0.799554565701559,0.827309236947791,0.792910447761194,96.978455508265,"חיבת ציון"
220,"כפר ביאליק","כפרביאליק",0.620114595346623,0.67639902676399,0.70935960591133,0.762589928057554,0.773504273504274,0.764331210191083,0.737634408602151,0.712121212121212,0.744725738396624,146.234785377445,"כפר ביאליק"
223,"עין עירון","עיןעירון",0.748171797996927,0.74251497005988,0.81994459833795,0.83547557840617,0.839416058394161,0.814814814814815,0.804020100502513,0.802439024390244,0.756501182033097,109.359985383768,"עין עירון"
224,"שושנת העמקים","שושנתהעמקים",0.470693319616076,0.601351351351351,0.643006263048017,0.723768736616702,0.711060948081264,0.70627802690583,0.710467706013363,0.697986577181208,0.717832957110609,90.7460163999435,"שושנת העמקים"
225,"גן השומרון","גןהשומרון",0.738636363636364,0.728155339805825,0.778169014084507,0.784722222222222,0.768982229402262,0.799363057324841,0.775834658187599,0.761526232114467,0.746105919003115,106.566250105614,"גן השומרון"
232,"שפיים","שפיים",0.766335936790482,0.758282208588957,0.777272727272727,0.788079470198676,0.793032786885246,0.769308943089431,0.764646464646465,0.776900296150049,0.780230326295585,75.1144130241108,"שפיים"
233,"כפר ידידיה","כפרידידיה",0.764539571360579,0.813211845102506,0.841004184100418,0.815950920245399,0.823651452282158,0.816115702479339,0.817248459958932,0.787449392712551,0.753424657534247,91.2391126709585,"כפר ידידיה"
235,"חבצלת השרון","חבצלתהשרון",1,0.691394658753709,0.670553935860058,0.654069767441861,0.663716814159292,0.627906976744186,0.651162790697674,0.624633431085044,0.614705882352941,91.1990048248044,"חבצלת השרון"
237,"שער העמקים","שערהעמקים",0.889801297648013,0.761194029850746,0.77962962962963,0.788808664259928,0.787658802177858,0.789855072463768,0.792418772563177,0.79144385026738,0.774021352313167,137.15057029536,"שער העמקים"
239,"גן חיים","גןחיים",0.826341631492807,0.795546558704453,0.815939278937381,0.848368522072937,0.817504655493482,0.798892988929889,0.791744840525328,0.802607076350093,0.795955882352941,76.521863928415,"גן חיים"
240,"יקנעם עילית","יקנעםעילית",0.635813186123304,0.654509136642746,0.684019453387218,0.723378054313306,0.699211437000057,0.69448951048951,0.694090959389178,0.671724287417362,0.675540062325041,127.591574621388,"יקנעם עילית"
241,"יקנעם (מושבה)","יקנעםמושבה",0.793174016371798,0.74423710208562,0.78046218487395,0.776530612244898,0.777006937561943,0.758349705304519,0.729166666666667,0.765225933202358,0.74288518155054,130.530513853442,"יקנעם (מושבה)"
242,"בית השיטה","ביתהשיטה",0.863189600507292,0.686813186813187,0.722672064777328,0.745526838966203,0.745210727969349,0.737957610789981,0.72822966507177,0.735265700483092,0.700285442435776,137.279132220902,"בית השיטה"
248,"בית שערים","ביתשערים",1,0.756487025948104,0.851769911504425,0.868085106382979,0.81104033970276,0.806315789473684,0.815195071868583,0.762,0.747148288973384,136.838289215896,"בית שערים"
250,"הזורע","הזורע",0.637252725729581,0.672433679354095,0.675294117647059,0.701670644391408,0.706349206349206,0.701890989988877,0.67439293598234,0.697036223929748,0.679389312977099,129.9364030484,"הזורע"
252,"ביתן אהרן","ביתןאהרן",1,0.647482014388489,0.720588235294118,0.678832116788321,0.761111111111111,0.38860103626943,0.36150234741784,0.408071748878924,0.3625,92.1336760962539,"ביתן אהרן"
254,"כפר המכבי","כפרהמכבי",0.741040965954461,0.670454545454545,0.692307692307692,0.692041522491349,0.708196721311475,0.690553745928339,0.700325732899023,0.693037974683544,0.727554179566563,144.501304159528,"כפר המכבי"
256,"ניר דוד (תל עמל)","נירדודתלעמל",0.932390381895332,0.75092936802974,0.773214285714286,0.76949740034662,0.788524590163934,0.745901639344262,0.760904684975767,0.7632,0.719188767550702,135.042294294452,"ניר דוד (תל עמל)"
259,"שדה נחום","שדהנחום",0.76096995751398,0.657370517928287,0.703448275862069,0.743093922651934,0.775757575757576,0.726396917148362,0.728597449908925,0.723051409618574,0.696801112656467,138.656866269525,"שדה נחום"
265,"בית יוסף","ביתיוסף",0.699940345993239,0.593103448275862,0.560747663551402,0.603715170278638,0.719887955182073,0.669398907103825,0.683923705722071,0.581967213114754,0.7289972899729,145.008582107623,"בית יוסף"
268,"טירת צבי","טירתצבי",0.801538730547298,0.782,0.789473684210526,0.797323135755258,0.807692307692308,0.757225433526012,0.781007751937985,0.77992277992278,0.756227758007117,132.422112127314,"טירת צבי"
269,"מולדת","מולדת",0.719066743163129,0.750397456279809,0.776785714285714,0.802037845705968,0.782771535580524,0.727272727272727,0.73561811505508,0.719194312796208,0.685164212910532,141.225525872924,"מולדת"
270,"עין השופט","עיןהשופט",0.651364354302557,0.638132295719844,0.641304347826087,0.643281807372176,0.607101947308133,0.598863636363636,0.595480225988701,0.618390804597701,0.588558855885589,124.458463217808,"עין השופט"
272,"מעוז חיים","מעוזחיים",0.586508296005503,0.646118721461187,0.646489104116223,0.646396396396396,0.663793103448276,0.619354838709677,0.616016427104723,0.606625258799172,0.607214428857715,140.082025831536,"מעוז חיים"
276,"צור משה","צורמשה",0.925425285627575,0.80437756497948,0.808433734939759,0.795481569560048,0.779484366428963,0.783060109289617,0.772629310344828,0.766929133858268,0.751906456532791,86.5786062173488,"צור משה"
278,"אושה","אושה",0.778295888088173,0.654320987654321,0.688427299703264,0.723032069970845,0.741046831955923,0.699731903485255,0.706521739130435,0.722513089005236,0.71712158808933,145.068629399528,"אושה"
284,"שדה ורבורג","שדהורבורג",0.717701882948902,0.773609314359638,0.802950474183351,0.811640211640212,0.789847715736041,0.742,0.734468937875752,0.756513026052104,0.723258096172718,77.6882803266011,"שדה ורבורג"
285,"אלונים","אלונים",0.593264700750305,0.7,0.762278978388998,0.789168278529981,0.773879142300195,0.781496062992126,0.735812133072407,0.783464566929134,0.758157389635317,137.734507699864,"אלונים"
287,"תל יצחק","תליצחק",0.545885067886115,0.82018927444795,0.832831325301205,0.845925925925926,0.81447963800905,0.819018404907976,0.807339449541284,0.326687116564417,0.335285505124451,80.7572408101525,"תל יצחק"
288,"בית יהושע","ביתיהושע",0.778905023547881,0.811224489795918,0.795384615384615,0.801815431164902,0.766759776536313,0.752112676056338,0.751753155680224,0.756291390728477,0.733921815889029,81.0957942673354,"בית יהושע"
290,"מעין צבי","מעיןצבי",0.786762093294757,0.675324675324675,0.71356783919598,0.719155844155844,0.716440422322775,0.731054977711738,0.720059880239521,0.70414201183432,0.704678362573099,115.399963772174,"מעיין צבי"
295,"כפר רופין","כפררופין",0.615589606928714,0.675949367088608,0.675,0.676767676767677,0.696891191709845,0.657963446475196,0.66751269035533,0.71,0.680798004987531,136.603838074382,"כפר רופין"
296,"נווה איתן","נווהאיתן",1,0.655813953488372,0.627358490566038,0.615720524017467,0.648936170212766,0.629032258064516,0.654450261780105,0.58695652173913,0.626315789473684,138.902837375694,"נווה איתן"
298,"מסילות","מסילות",0.761387711864407,0.607802874743327,0.644067796610169,0.671081677704194,0.666666666666667,0.658256880733945,0.646511627906977,0.645977011494253,0.643020594965675,135.519299937511,"מסילות"
300,"דליה","דליה",0.770327467141902,0.721556886227545,0.734328358208955,0.77910447761194,0.756838905775076,0.729646697388633,0.754545454545455,0.756676557863502,0.72463768115942,122.513894869593,"דלייה"
304,"שדה אליהו","שדהאליהו",0.661500501195158,0.672131147540984,0.65546218487395,0.661616161616162,0.653721682847896,0.578861788617886,0.614886731391586,0.615863141524106,0.612307692307692,133.087994346374,"שדה אליהו"
310,"כפר גליקסון","כפרגליקסון",0.706462682299114,0.697416974169742,0.722433460076046,0.746153846153846,0.767025089605735,0.75886524822695,0.753521126760563,0.766550522648084,0.711340206185567,111.484449580653,"כפר גליקסון"
312,"נווה ים","נווהים",0.617103338209868,0.731428571428571,0.73972602739726,0.795121951219512,0.729857819905213,0.77511961722488,0.752380952380952,0.728571428571429,0.734597156398104,126.832719738099,"נווה ים"
313,"אפק","אפק",0.834218038549555,0.70959595959596,0.71608040201005,0.738498789346247,0.767676767676768,0.734406438631791,0.765285996055227,0.759152215799615,0.768382352941177,149.651313367421,"אפק"
316,"כפר נטר","כפרנטר",0.827094474153298,0.818950930626058,0.798816568047337,0.80952380952381,0.821428571428571,0.781842818428184,0.790502793296089,0.78909612625538,0.770538243626062,82.2015794100824,"כפר נטר"
317,"בית אורן","ביתאורן",0.784981343283582,0.585820895522388,0.638059701492537,0.689285714285714,0.655629139072848,0.667752442996743,0.64797507788162,0.662721893491124,0.639664804469274,134.67232264995,"בית אורן"
326,"בית יצחק-שער חפר","ביתיצחקשערחפר",0.777297659277989,0.779971791255289,0.793610223642172,0.805813234384663,0.785980148883375,0.767801857585139,0.767627222562845,0.778787878787879,0.762967430639324,88.8046985349083,"בית יצחק-שער חפר"
327,"שדות ים","שדותים",0.874293859880682,0.755593803786575,0.782324058919804,0.813186813186813,0.831896551724138,0.826647564469914,0.805322128851541,0.821329639889197,0.805073431241656,105.863187295005,"שדות ים"
335,"רמת השופט","רמתהשופט",0.83753094851874,0.659420289855073,0.716393442622951,0.716981132075472,0.717270194986072,0.70873786407767,0.709413369713506,0.706594885598923,0.676178660049628,125.718052795679,"רמת השופט"
339,"רמת צבי","רמתצבי",0.802673607003431,0.734104046242775,0.798449612403101,0.832911392405063,0.838202247191011,0.836322869955157,0.795964125560538,0.837606837606838,0.790983606557377,139.438727397958,"רמת צבי"
343,"חמדיה","חמדיה",0.800010646792654,0.678200692041522,0.718032786885246,0.720634920634921,0.708474576271186,0.733333333333333,0.690553745928339,0.697160883280757,0.68955223880597,140.416135538933,"חמדיה"
344,"מענית","מענית",0.903663676645412,0.753303964757709,0.817248459958932,0.845360824742268,0.825602968460111,0.81021897810219,0.809782608695652,0.817051509769094,0.802721088435374,107.639247973594,"מענית"
353,"בית זיד","ביתזיד",NA,NA,0.481481481481481,0.62962962962963,0.619469026548673,0.649122807017544,0.654867256637168,0.571428571428571,0.638888888888889,135.750374265824,"בית זיד"
360,"גבעת ניל""י","גבעתנילי",0.764852684118527,0.73374613003096,0.79155672823219,0.808252427184466,0.835648148148148,0.763341067285383,0.776765375854214,0.768018018018018,0.76457399103139,117.15455969729,"גבעת ניל""י"
367,"עין העמק","עיןהעמק",0.551779563719862,0.671517671517671,0.667307692307692,0.757685352622061,0.801056338028169,0.798290598290598,0.801694915254237,0.764510779436153,0.792663476874003,126.962563673202,"עין העמק"
369,"גלעד (אבן יצחק)","גלעדאבןיצחק",0.758620689655172,0.701754385964912,0.698275862068966,0.759776536312849,0.752659574468085,0.740540540540541,0.769647696476965,0.795640326975477,0.777173913043478,119.689365174103,"גלעד (אבן יצחק)"
373,"בית הלוי","ביתהלוי",0.848019981230649,0.76905311778291,0.820675105485232,0.818713450292398,0.813102119460501,0.803001876172608,0.79182156133829,0.776536312849162,0.764705882352941,93.030674661978,"בית הלוי"
375,"מגל","מגל",0.96206167292147,0.808,0.838945827232797,0.836820083682008,0.816708229426434,0.8025,0.776951672862453,0.820265379975875,0.774886877828054,101.165672776272,"מגל"
377,"המעפיל","המעפיל",0.81534092920824,0.709534368070953,0.784452296819788,0.770577933450088,0.773162939297125,0.750793650793651,0.776729559748428,0.74414976599064,0.741935483870968,98.0504010876445,"המעפיל"
379,"גאולים","גאולים",0.66496531397146,0.708688245315162,0.697674418604651,0.816074188562597,0.781710914454277,0.763425253991292,0.739507959479016,0.725714285714286,0.73370319001387,88.1454503218273,"גאולים"
382,"מכמורת","מכמורת",0.755139566590126,0.670385395537525,0.698189134808853,0.708653846153846,0.700478468899521,0.673933649289099,0.664114832535885,0.690140845070423,0.677301731996354,96.1869912579065,"מכמורת"
383,"עין הנצי""ב","עיןהנציב",0.877826972501529,0.775656324582339,0.804295942720764,0.776223776223776,0.797297297297297,0.735849056603774,0.762672811059908,0.71824480369515,0.714611872146119,135.021790111456,"עין הנצי""ב"
386,"בני דרור","בנידרור",0.711385669327282,0.736520854526958,0.704457364341085,0.72147001934236,0.801792828685259,0.800202839756592,0.800203873598369,0.586734693877551,0.532307692307692,82.5722375167937,"בני דרור"
387,"כפר מונש","כפרמונש",0.775462247232701,0.754807692307692,0.80327868852459,0.794498381877023,0.764423076923077,0.788216560509554,0.734076433121019,0.744372990353698,0.751602564102564,92.0088371469402,"כפר מונש"
388,"כפר קיש","כפרקיש",0.629087402472166,0.686792452830189,0.687687687687688,0.74331550802139,0.752314814814815,0.719817767653758,0.726244343891403,0.715811965811966,0.688391038696538,148.605162606834,"כפר קיש"
389,"בצרה","בצרה",0.80082265264977,0.7671875,0.795093795093795,0.804630969609262,0.75,0.772200772200772,0.745123537061118,0.738853503184713,0.742927429274293,76.889816464869,"בצרה"
407,"דברת","דברת",0.74382292381606,0.649193548387097,0.733870967741935,0.693617021276596,0.682119205298013,0.693290734824281,0.703363914373089,0.729106628242075,0.693548387096774,141.364848538776,"דברת"
417,"יקום","יקום",0.867754883596468,0.771894093686354,0.811881188118812,0.803149606299213,0.804832713754647,0.77634011090573,0.78348623853211,0.782374100719424,0.764298093587522,79.0778363666868,"יקום"
418,"בני ציון","בניציון",0.850941131503598,0.793363499245852,0.796565389696169,0.821561338289963,0.75121359223301,0.75750300120048,0.752955082742317,0.738317757009346,0.72196261682243,76.9655374123577,"בני ציון"
422,"חרב לאת","חרבלאת",0.607557230597431,0.784444444444444,0.79957805907173,0.823529411764706,0.786948176583493,0.761194029850746,0.756855575868373,0.750877192982456,0.72572402044293,97.4927190979192,"חרב לאת"
423,"העוגן","העוגן",0.974610819914687,0.715044247787611,0.728205128205128,0.766169154228856,0.762295081967213,0.752442996742671,0.744749596122779,0.7424,0.706336939721793,93.8403085909398,"העוגן"
425,"משמרת","משמרת",0.859305183199285,0.817325800376648,0.807291666666667,0.810289389067524,0.803053435114504,0.75920245398773,0.795144157814871,0.796946564885496,0.785819793205318,79.2502800375336,"משמרת"
426,"עין כרמל","עיןכרמל",1,0.745762711864407,0.822368421052632,0.8,0.800383877159309,0.774378585086042,0.771428571428571,0.78544776119403,0.74585635359116,127.212570377992,"עין כרמל"
427,"כפר גלים","כפרגלים",0.739055907172996,0.632911392405063,0.674698795180723,0.714285714285714,0.685393258426966,0.602040816326531,0.521276595744681,0.547169811320755,0.586206896551724,136.74425757061,"כפר גלים"
429,"אלוני אבא","אלוניאבא",0.902419544280009,0.844282238442822,0.84,0.821603927986907,0.795795795795796,0.775811209439528,0.777126099706745,0.754609929078014,0.73252688172043,140.676093404793,"אלוני אבא"
430,"בית לחם הגלילית","ביתלחםהגלילית",0.755927943024717,0.757281553398058,0.774545454545455,0.791071428571429,0.780998389694042,0.736507936507937,0.723809523809524,0.736757624398074,0.743377483443709,141.496455729688,"בית לחם הגלילית"
433,"נחשולים","נחשולים",0.799158138754595,0.750670241286863,0.764705882352941,0.8,0.796610169491525,0.779439252336449,0.754253308128544,0.795158286778399,0.76007326007326,119.597136707996,"נחשולים"
434,"החותרים","החותרים",0.893487405115312,0.720430107526882,0.775467775467775,0.79324055666004,0.786458333333333,0.755102040816326,0.774576271186441,0.77257525083612,0.752864157119476,135.118820808189,"החותרים"
436,"עין דור","עיןדור",0.652715936099161,0.578796561604584,0.644243208279431,0.668957617411226,0.658185840707965,0.638274336283186,0.625137816979052,0.626898047722343,0.617044228694714,145.996606557834,"עין דור"
437,"רשפים","רשפים",1,0.756302521008403,0.76775956284153,0.79539641943734,0.833613445378151,0.819376026272578,0.811688311688312,0.8125,0.789017341040462,133.941299669556,"רשפים"
439,"שלוחות","שלוחות",0.824102849291766,0.686528497409326,0.733502538071066,0.737662337662338,0.765193370165746,0.721910112359551,0.728813559322034,0.725663716814159,0.704678362573099,133.098021822977,"שלוחות"
442,"גדעונה","גדעונה",0.796998031496063,0.617283950617284,0.674757281553398,0.748031496062992,0.737931034482759,0.690721649484536,0.774744027303754,0.738019169329074,0.721875,133.491834110642,"גדעונה"
444,"רגבים","רגבים",0.719955776672195,0.607558139534884,0.62089552238806,0.688654353562005,0.697560975609756,0.693975903614458,0.70048309178744,0.668235294117647,0.715883668903803,114.672734246288,"רגבים"
445,"רמות מנשה","רמותמנשה",1,0.747068676716918,0.793882978723404,0.794871794871795,0.791717417783191,0.758745476477684,0.777514792899408,0.7847533632287,0.761596548004315,122.63452146658,"רמות מנשה"
446,"אודים","אודים",0.917366946778711,0.778333333333333,0.81021897810219,0.826330532212885,0.785536159600998,0.773182957393484,0.762081784386617,0.776710684273709,0.740696278511405,80.6116315117609,"אודים"
447,"נורדיה","נורדיה",0.589261484783873,0.732467532467532,0.758208955223881,0.791396582203889,0.766839378238342,0.755167958656331,0.763225806451613,0.60328947368421,0.606139777922926,87.7820450358529,"נורדייה"
452,"יזרעאל","יזרעאל",0.618694759396482,0.60427807486631,0.579130434782609,0.624778761061947,0.625441696113074,0.606007067137809,0.604982206405694,0.617021276595745,0.624778761061947,132.307901976871,"יזרעאל"
457,"גזית","גזית",0.829998955125723,0.725978647686833,0.754749568221071,0.746575342465753,0.729001584786054,0.722662440570523,0.710900473933649,0.712977099236641,0.685672514619883,145.851371722604,"גזית"
475,"דחי","דחי",0.393736557146036,0.402816901408451,0.389175257731959,0.603729603729604,0.276985743380855,0.538,0.571428571428571,0.200378071833648,0.399267399267399,138.969763092677,"דחי"
478,"אכסאל","אכסאל",0.349246012921675,0.409474463360474,0.467401166558652,0.663244353182752,0.515850144092219,0.608659011903508,0.679983397322818,0.427910717876533,0.508315606265713,141.384506000495,"אכסאל"
489,"דבוריה","דבוריה",0.523124366770157,0.633566978193146,0.58133472367049,0.742838327296674,0.548860171337302,0.644508255563532,0.699247052138088,0.478404401650619,0.563667912439936,145.430096538835,"דבורייה"
494,"דאלית אל-כרמל","דאליתאלכרמל",0.456769786184377,0.448327827044572,0.578799927706488,0.586406425425339,0.597693786034593,0.593290404642658,0.563302607736548,0.400571914367416,0.550758547814929,131.020713572196,"דאלית אל-כרמל"
497,"טייבה (בעמק)","טייבהבעמק",0.663152873061608,0.733175914994097,0.64968814968815,0.592979127134725,0.395641240569992,0.524979524979525,0.571544715447154,0.365141955835962,0.461302681992337,142.802255754935,"טייבה (בעמק)"
499,"יפיע","יפיע",0.382614805141674,0.447860962566845,0.555931583279978,0.647175678010019,0.446944336317633,0.616880621108463,0.66037020179032,0.422056631892697,0.494588744588745,139.693565798282,"יפיע"
509,"כפר כנא","כפרכנא",0.590148534056424,0.580777096114519,0.598272322955867,0.699729772691146,0.483710850111857,0.628786310632719,0.710316649642492,0.481335176772664,0.525288152673679,149.33450124379,"כפר כנא"
511,"עילוט","עילוט",0.454412705013454,0.414387308533917,0.464491362763916,0.433743016759777,0.280876883930319,0.493431221020093,0.628163653663178,0.321790384969608,0.463978965819457,142.958698505463,"עילוט"
512,"כפר מצר","כפרמצר",0.566371574462942,0.451010886469673,0.510076441973593,0.613029315960912,0.451170759565962,0.651123595505618,0.650662251655629,0.467024128686327,0.540832049306626,145.461289257556,"כפר מצר"
520,"משהד","משהד",0.487245744766091,0.503885685635498,0.563266199649737,0.686773996331771,0.492769540545488,0.589563019140484,0.677753934191702,0.49608899704502,0.484259879437374,148.303984236662,"משהד"
523,"ניין","ניין",0.320638396274377,0.576719576719577,0.744821092278719,0.780678851174935,0.520976353928299,0.6,0.655018587360595,0.539752005835157,0.516597510373444,139.967098557149,"ניין"
524,"נאעורה","נאעורה",0.324442257217848,0.562264150943396,0.549166666666667,0.615566037735849,0.431386347642505,0.60854583046175,0.711368277739959,0.395424836601307,0.540880503144654,140.835680210683,"נאעורה"
526,"סולם","סולם",0.433151503397765,0.622309197651663,0.643908181283108,0.742920599666852,0.443482688391039,0.614646464646465,0.665009940357853,0.396726047183438,0.532303370786517,136.949324291357,"סולם"
529,"אעבלין","אעבלין",0.570445776851075,0.629694578401286,0.592108735814199,0.610696517412935,0.505778076966229,0.62854609929078,0.684534270650264,0.497486362177773,0.593069101473335,149.660927260985,"אעבלין"
532,"עין מאהל","עיןמאהל",0.55447276561006,0.558832758079699,0.613648947951274,0.739665673189063,0.4435318275154,0.598337638998091,0.72952086553323,0.402292693379044,0.520644095788604,146.846168454823,"עין מאהל"
534,"עספיא","עספיא",NA,NA,0.498528847383907,0.531299380089948,0.504397194701102,0.571066828140482,0.560087241003272,0.416988416988417,0.517468619246862,133.790187516579,"עספיא"
537,"פוריידיס","פוריידיס",0.27510095375768,0.393636930754835,0.425750834260289,0.671302978611731,0.640400471142521,0.557906976744186,0.60050597976081,0.290275599372619,0.387271937445699,118.323977152549,"פוריידיס"
541,"ג'סר א-זרקא","גסראזרקא",0.279788404884744,0.222687122268712,0.409551176792556,0.580852156057495,0.217721518987342,0.420127070569548,0.555418165467626,0.24455574912892,0.433786610878661,110.787447321398,"ג'סר א-זרקא"
542,"ריינה","ריינה",0.447469578765882,0.462299278566442,0.536982866694526,0.639815992952922,0.460999201348833,0.57765068191817,0.67890870933893,0.452674897119342,0.527886947069153,145.669542679566,"ריינה"
547,"טמרה (יזרעאל)","טמרהיזרעאל",0.446801717170856,0.685560053981107,0.504181600955794,0.821714285714286,0.545454545454545,0.548104956268222,0.693857965451056,0.425373134328358,0.457399103139013,143.305433535341,"טמרה (יזרעאל)"
549,"גנות הדר","גנותהדר",0.660483870967742,0.8,0.791304347826087,0.823333333333333,0.769559032716927,0.767605633802817,0.76437587657784,0.755894590846047,0.727636849132176,88.951503561417,"גנות הדר"
580,"כרם מהר""ל","כרםמהרל",0.587352423271919,0.799145299145299,0.762411347517731,0.79933110367893,0.777777777777778,0.775384615384615,0.767584097859327,0.74591381872214,0.714710252600297,125.140509798886,"כרם מהר""ל"
586,"מגידו","מגידו",0.835782717255604,0.801932367149758,0.796703296703297,0.765811965811966,0.755233494363929,0.740858505564388,0.744479495268139,0.743076923076923,0.73900293255132,126.577522553311,"מגידו"
590,"נווה אור","נווהאור",0.48921322915131,0.66984126984127,0.707641196013289,0.674922600619195,0.683431952662722,0.688235294117647,0.704678362573099,0.67536231884058,0.663768115942029,147.980558043945,"נווה אור"
612,"צרופה","צרופה",0.763210891887975,0.753176043557169,0.765089722675367,0.790030211480363,0.757834757834758,0.760683760683761,0.727272727272727,0.744884038199181,0.741633199464525,123.593660225195,"צרופה"
613,"ציפורי","ציפורי",0.642682106477032,0.735729386892178,0.764705882352941,0.77891156462585,0.765432098765432,0.720610687022901,0.73587786259542,0.721407624633431,0.692857142857143,146.223523799046,"ציפורי"
617,"ברקאי","ברקאי",0.775350461583549,0.629186602870813,0.661016949152542,0.681818181818182,0.679060665362035,0.654970760233918,0.644787644787645,0.64952380952381,0.62803738317757,109.456607957353,"ברקאי"
628,"ג'ת","גת",NA,NA,0.388922795239548,0.526854219948849,0.373432012042148,0.508562918838421,0.561568531639384,0.2660485021398,0.398320680929377,101.401483406228,"ג'ת"
635,"מוקייבלה","מוקייבלה",0.587540748350579,0.55166270783848,0.543343653250774,0.636104513064133,0.338639076800637,0.500196463654224,0.605989887203423,0.359802431610942,0.407367280606717,126.623864978808,"מוקייבלה"
636,"צנדלה","צנדלה",0.354762708387105,0.456830601092896,0.43495145631068,0.678506375227687,0.320299500831947,0.520197856553998,0.59935379644588,0.266192733017378,0.366464339908953,128.866304152529,"צנדלה"
637,"ערערה","ערערה",0.618179661379214,0.56131100082713,0.531319290465632,0.696906318082789,0.391700092564023,0.561244674376141,0.686361583621858,0.390799561883899,0.524509459174344,113.76883619827,"ערערה"
638,"קלנסווה","קלנסווה",0.585948661923323,0.586395939086294,0.526021314387211,0.707884567951986,0.476656895688854,0.655478775913129,0.725850198205717,0.350317181805912,0.542736705577172,88.1136913427146,"קלנסווה"
648,"מצר","מצר",0.655470737913486,0.72264631043257,0.740566037735849,0.750577367205543,0.75,0.732558139534884,0.695348837209302,0.698850574712644,0.695348837209302,107.010566207139,"מצר"
649,"מייסר","מייסר",0.41532367651897,0.381310418904404,0.41793893129771,0.612137203166227,0.365129007036747,0.567152724481965,0.63499245852187,0.330396475770925,0.42064606741573,107.116915623411,"מייסר"
652,"אבטין","אבטין",0.498121324849998,0.51865671641791,0.412263535551207,0.494485294117647,0.36358511837655,0.506406685236769,0.638613861386139,0.350746268656716,0.452196382428941,141.534040080821,"אבטין"
654,"כפר קרע","כפרקרע",0.616724359453453,0.695409836065574,0.671688757509297,0.746325821679879,0.472127507731346,0.644984326018809,0.719422225673682,0.455479969765684,0.622060429559519,111.897493213286,"כפר קרע"
661,"שער אפרים","שעראפרים",0.740476914990733,0.739077669902913,0.77482088024565,0.809893307468477,0.764081632653061,0.762642740619902,0.755052546483428,0.723921568627451,0.734467455621302,89.7147843631671,"שער אפרים"
675,"הבונים","הבונים",0.726117822892016,0.627049180327869,0.724014336917563,0.722222222222222,0.698630136986301,0.672240802675585,0.683333333333333,0.691803278688525,0.644444444444444,122.441458087567,"הבונים"
677,"הסוללים","הסוללים",0.768156424581006,0.794970986460348,0.734348561759729,0.791208791208791,0.77247191011236,0.746817538896747,0.745125348189415,0.731182795698925,0.732894736842105,145.499009764693,"הסוללים"
679,"אביאל","אביאל",0.774046037876653,0.779069767441861,0.811359026369168,0.81980198019802,0.790786948176583,0.767307692307692,0.795761078998073,0.783109404990403,0.740402193784278,113.189404746705,"אביאל"
680,"אומץ","אומץ",0.834511337890436,0.725433526011561,0.758849557522124,0.768052516411379,0.745098039215686,0.779296875,0.7578125,0.772102161100196,0.741154562383613,97.3185737234505,"אומץ"
682,"אליקים","אליקים",0.772127112006266,0.718106995884774,0.714011516314779,0.767317939609236,0.733898305084746,0.721561969439728,0.721843003412969,0.661512027491409,0.731942215088282,126.49071562315,"אליקים"
683,"גבע כרמל","גבעכרמל",0.834900117508813,0.754838709677419,0.757763975155279,0.802469135802469,0.778085991678225,0.788461538461538,0.727524204702628,0.729138166894665,0.754458161865569,125.067644571866,"גבע כרמל"
684,"היוגב","היוגב",0.779749500504866,0.720408163265306,0.791586998087954,0.808193668528864,0.80385288966725,0.766903914590747,0.771681415929204,0.786086956521739,0.810679611650485,129.855783154524,"היוגב"
686,"נווה ימין","נווהימין",0.566971213871483,0.704439252336449,0.717532467532468,0.776260504201681,0.762278978388998,0.748773307163886,0.737,0.71413612565445,0.738170347003155,75.4972829253229,"נווה ימין"
687,"עין איילה","עיןאיילה",0.789557198886261,0.787769784172662,0.792125984251968,0.779788838612368,0.790760869565217,0.757697456492637,0.733870967741935,0.723598435462842,0.713197969543147,121.5730484031,"עין איילה"
689,"מגדים","מגדים",0.818441485431321,0.765079365079365,0.754316069057105,0.794838709677419,0.789002557544757,0.772040302267002,0.725888324873096,0.752157829839704,0.752969121140142,132.186731245728,"מגדים"
694,"מעגן מיכאל","מעגןמיכאל",0.765762873548458,0.709800918836141,0.693213296398892,0.717477003942181,0.691895113230036,0.674556213017751,0.655699177438308,0.655491329479769,0.635788262370541,113.050465544958,"מעגן מיכאל"
697,"בארותיים","בארותיים",0.884330455218924,0.780718336483932,0.817420435510888,0.82262996941896,0.794034090909091,0.758087201125176,0.775714285714286,0.787204450625869,0.775862068965517,91.5560949224122,"בארותיים"
698,"בורגתה","בורגתה",0.725167444085636,0.739520958083832,0.791666666666667,0.808236808236808,0.78117048346056,0.768647281921618,0.768368617683686,0.758830694275274,0.738922155688623,91.511299271711,"בורגתה"
703,"גבעת עוז","גבעתעוז",0.81156365278928,0.712365591397849,0.663390663390663,0.675879396984925,0.680487804878049,0.669950738916256,0.640897755610973,0.620603015075377,0.623471882640587,125.235131411897,"גבעת עוז"
715,"להבות חביבה","להבותחביבה",1,0.668918918918919,0.74234693877551,0.79296066252588,0.789930555555556,0.776666666666667,0.77175697865353,0.758785942492013,0.756508422664625,100.888161764651,"להבות חביבה"
716,"אייל","אייל",0.76203418178017,0.780254777070064,0.803324099722992,0.818681318681319,0.827763496143959,0.787179487179487,0.78772378516624,0.819796954314721,0.81219512195122,81.7992955971963,"אייל"
718,"ירחיב","ירחיב",0.614604071671697,0.671785028790787,0.711290322580645,0.753323485967504,0.74468085106383,0.744010088272383,0.711392405063291,0.693509615384615,0.738442822384428,76.0486684630799,"ירחיב"
734,"גן יאשיה","גןיאשיה",0.764765270065623,0.806324110671937,0.816254416961131,0.829310344827586,0.790064102564103,0.754358161648177,0.777777777777778,0.779969650986343,0.761061946902655,95.4168755943459,"גן יאשיה"
737,"עולש","עולש",0.812011293732125,0.776666666666667,0.787923416789396,0.79330422125182,0.794195250659631,0.773087071240106,0.750328515111695,0.782383419689119,0.736975857687421,93.311459452138,"עולש"
738,"דור","דור",0.68160025915128,0.744444444444444,0.734082397003745,0.827067669172932,0.800724637681159,0.815217391304348,0.778947368421053,0.777003484320557,0.748251748251748,118.82375841593,"דור"
753,"ינוב","ינוב",0.713017225238719,0.677064220183486,0.738137082601054,0.777027027027027,0.776872964169381,0.767741935483871,0.745571658615137,0.729032258064516,0.740740740740741,89.3416550334358,"ינוב"
758,"יד חנה","ידחנה",0.931427653765858,0.721951219512195,0.811735941320293,0.818371607515658,0.798922800718133,0.809859154929577,0.792027729636049,0.792808219178082,0.802980132450331,93.8096295380585,"יד חנה"
767,"פורת","פורת",0.4840296451761,0.552367288378766,0.599740932642487,0.705955334987593,0.686450167973124,0.714128035320088,0.744469026548673,0.670341786108049,0.741341991341991,86.1166815669804,"פורת"
769,"ניר עציון","נירעציון",0.725718320751862,0.692118226600985,0.698564593301435,0.753768844221106,0.745049504950495,0.707317073170732,0.778588807785888,0.71830985915493,0.71461716937355,130.832680191117,"ניר עציון"
773,"עמיקם","עמיקם",0.681921817352734,0.783333333333333,0.755813953488372,0.78448275862069,0.770428015564202,0.776923076923077,0.755258126195029,0.734061930783242,0.718978102189781,117.549262295234,"עמיקם"
800,"בית חנניה","ביתחנניה",0.791520115089007,0.768888888888889,0.784046692607004,0.826714801444043,0.788617886178862,0.772727272727273,0.753267973856209,0.762360446570973,0.762738853503185,110.746874357003,"בית חנניה"
806,"עין יהב","עיןיהב",0.74968908464381,0.762008733624454,0.801282051282051,0.795031055900621,0.756653992395437,0.757575757575758,0.718808193668529,0.72310405643739,0.687702265372168,107.365947205882,"עין יהב"
807,"חניאל","חניאל",0.721088296941454,0.736318407960199,0.728434504792332,0.748837209302326,0.739788199697428,0.742770167427702,0.712328767123288,0.710407239819005,0.726429675425039,91.8233303439696,"חניאל"
808,"ניר אליהו","ניראליהו",0.704142257675849,0.707246376811594,0.705014749262537,0.747448979591837,0.712918660287081,0.737470167064439,0.724220623501199,0.76303317535545,0.743529411764706,79.1035202847633,"ניר אליהו"
810,"עופר","עופר",0.791918069228326,0.760517799352751,0.768617021276596,0.809895833333333,0.794486215538847,0.78,0.756962025316456,0.74234693877551,0.763681592039801,122.356480971477,"עופר"
837,"עזריאל","עזריאל",0.772083287124321,0.777011494252874,0.797244094488189,0.843866171003718,0.832504145936982,0.814070351758794,0.820723684210526,0.777038269550749,0.796116504854369,85.8503312875295,"עזריאל"
842,"געש","געש",0.822742244218731,0.746641074856046,0.747779751332149,0.786206896551724,0.791987673343606,0.78419452887538,0.779761904761905,0.792318634423898,0.769655172413793,76.5806574940646,"געש"
850,"אחיטוב","אחיטוב",0.661937317047589,0.671666666666667,0.702325581395349,0.808605341246291,0.791842475386779,0.772598870056497,0.764705882352941,0.73006993006993,0.742934051144011,98.9863765346394,"אחיטוב"
851,"ניצני עוז","ניצניעוז",0.773279789599949,0.727112676056338,0.744712990936556,0.806078147612156,0.748663101604278,0.775815217391304,0.769851951547779,0.730978260869565,0.738562091503268,91.7283077756317,"ניצני עוז"
854,"רחוב","רחוב",0.529937514830341,0.685258964143426,0.672862453531598,0.780918727915194,0.729813664596273,0.719135802469136,0.75,0.712121212121212,0.738095238095238,132.031460703097,"רחוב"
868,"אלוני יצחק","אלונייצחק",0.255302120848339,0.189655172413793,0.243478260869565,0.226890756302521,0.210526315789474,0.220472440944882,0.191666666666667,0.184,0.192,112.140711569085,"אלוני יצחק"
872,"גאולי תימן","גאוליתימן",0.911168798277827,0.769811320754717,0.682142857142857,0.754578754578755,0.772388059701492,0.786259541984733,0.793103448275862,0.708171206225681,0.765873015873016,96.1127264854557,"גאולי תימן"
874,"מגדל העמק","מגדלהעמק",0.5174694494558,0.591033851784081,0.613515791561307,0.654161213707528,0.632526439482961,0.636560761761101,0.63673162006966,0.605486120863175,0.639734918977804,137.574717436686,"מגדל העמק"
877,"בית חירות","ביתחירות",0.824623535170309,0.802469135802469,0.805054151624549,0.807486631016043,0.790969899665552,0.780889621087315,0.770491803278688,0.787021630615641,0.747572815533981,93.5090591440819,"בית חירות"
880,"עין שריד","עיןשריד",0.693301868153234,0.713095238095238,0.729253112033195,0.764362220058423,0.764159702878366,0.75614194722475,0.742286751361162,0.743427017225748,0.757194244604317,85.8293837031331,"עין שריד"
889,"כפר חסידים ב'","כפרחסידיםב",0.674818652849741,0.736,0.741935483870968,0.725631768953069,0.73972602739726,0.748837209302326,0.759803921568627,0.726027397260274,0.699115044247788,139.413381104052,"כפר חסידים ב'"
913,"שבלי - אום אל-גנם","שבליאוםאלגנם",0.392094722621081,0.33553500660502,0.439335508751112,0.592861126603458,0.396300863131936,0.567200388161087,0.608768567321514,0.372889197316678,0.500439753737907,146.482749410878,"שבלי - אום אל-גנם"
921,"שער מנשה","שערמנשה",0.010371650821089,0.0364963503649635,0.0901639344262295,0.108333333333333,0.099236641221374,0.0916030534351145,0.0808823529411765,0.10655737704918,0.159090909090909,105.859274379718,"שער מנשה"
922,"רכסים","רכסים",0.760406358309142,0.774380718589601,0.851234809878479,0.859000183116645,0.863078684770162,0.855046759109965,0.845753078623303,0.816749962138422,0.842127903642099,139.67906082986,"רכסים"
942,"סואעד (חמרייה)","סואעדחמרייה",NA,0.609756097560976,0.768421052631579,0.424778761061947,0.340277777777778,0.452054794520548,0.56,0.319277108433735,0.323699421965318,146.176975897065,"סואעד (חמרייה)*"
944,"בסמת טבעון","בסמתטבעון",0.394448558295063,0.328556806550665,0.39638195557591,0.513960481099656,0.318590848171549,0.471455576559546,0.546639359523366,0.326174008008737,0.430216082182076,139.387251028314,"בסמת טבעון"
975,"זרזיר","זרזיר",0.399623540959028,0.35729788388497,0.487465181058496,0.486614853195164,0.361567877629063,0.487639177203246,0.533643988816403,0.343789435731026,0.443923611111111,141.224588606875,"זרזיר"
978,"כעביה-טבאש-חג'אג'","כעביהטבאשחגאג",0.524049059066085,0.44365920691009,0.56650417827298,0.464747736093144,0.434272955623779,0.568951279933939,0.600162645703443,0.404517993170475,0.563549761845074,142.6090138145,"כעביה-טבאש-חג'אג'רה"
990,"ראס עלי","ראסעלי",0.670102440074456,0.609665427509294,0.592715231788079,0.625,0.405128205128205,0.596009975062344,0.704433497536946,0.433962264150943,0.536036036036036,144.085268568637,"ראס עלי"
994,"מנשית זבדה","מנשיתזבדה",0.605302822691148,0.587921847246892,0.599085365853659,0.651577503429355,0.505441354292624,0.610451306413302,0.696009389671362,0.446952595936795,0.531823085221144,139.074214502864,"מנשית זבדה"
998,"ביר אל-מכסור","ביראלמכסור",0.372641677225999,0.273543583004818,0.440717177559283,0.488493347716649,0.317015209125475,0.483354271356784,0.55218128564822,0.391928251121076,0.614933485910456,147.065506516193,"ביר אל-מכסור"
1020,"אור עקיבא","אורעקיבא",0.492808558538013,0.513426736719206,0.524561155152888,0.640681678187667,0.629703608247423,0.627291242362525,0.645808514640416,0.593811394891945,0.639409327029709,106.145054656694,"אור עקיבא"
1024,"חרוצים","חרוצים",0.742645144493621,0.670309653916211,0.72463768115942,0.774696707105719,0.756849315068493,0.766031195840555,0.773451327433628,0.746503496503496,0.769105691056911,78.1559277100065,"חרוצים"
1044,"יעף","יעף",NA,NA,0.896,0.867132867132867,0.864705882352941,0.842424242424242,0.818713450292398,0.771428571428571,0.724324324324324,86.7186263333281,"יעף"
1057,"נווה זוהר","נווהזוהר",NA,NA,0.388888888888889,0.563380281690141,0.379310344827586,0.625,0.381818181818182,0.454545454545455,0.333333333333333,86.6153736448038,"נווה זוהר"
1061,"נצרת עילית","נצרתעילית",0.489583182178162,0.538332486019319,0.53079096764339,0.577839179266764,0.551830354869915,0.562824901737036,0.566790469693524,0.504641775983855,0.52798576617985,142.420451164397,"נצרת עילית"
1069,"רם-און","רםאון",0.966647886079166,0.832635983263598,0.827898550724638,0.802447552447552,0.773291925465838,0.774343122102009,0.748466257668712,0.760059612518629,0.727802037845706,125.512357337545,"רם-און"
1077,"גבעת שפירא","גבעתשפירא",1,0.729559748427673,0.798913043478261,0.828571428571429,0.792452830188679,0.783018867924528,0.8,0.776255707762557,0.783185840707965,91.7040971171502,"גבעת שפירא"
1102,"צוקי ים","צוקיים",0.662576687116564,0.742647058823529,0.734265734265734,0.760736196319018,0.753164556962025,0.703703703703704,0.721212121212121,0.71957671957672,0.683937823834197,91.4563900566924,"צוקי ים"
1108,"אומן","אומן",0.344266822128809,0.564885496183206,0.543478260869565,0.591973244147157,0.602305475504323,0.622535211267606,0.629427792915531,0.644067796610169,0.67935871743487,128.224921313989,"אומן"
1110,"חבר","חבר",0.428371114746436,0.623255813953488,0.659090909090909,0.719148936170213,0.666666666666667,0.72463768115942,0.715469613259669,0.701711491442543,0.722554890219561,128.077983220201,"חבר"
1124,"נאות הכיכר","נאותהכיכר",1,0.581818181818182,0.703703703703704,0.686868686868687,0.696682464454976,0.696261682242991,0.615384615384615,0.65,0.648888888888889,95.9978540434124,"נאות הכיכר"
1127,"מעלה גלבוע","מעלהגלבוע",1,0.814159292035398,0.809885931558935,0.825082508250825,0.846153846153846,0.816901408450704,0.805555555555556,0.806539509536785,0.803108808290155,130.296381007224,"מעלה גלבוע"
1128,"מי עמי","מיעמי",0.619259259259259,1.42424242424242,0.828828828828829,0.84,0.81496062992126,0.80078125,0.776470588235294,0.73046875,0.760617760617761,117.883067487563,"מי עמי"
1148,"צור נתן","צורנתן",0.747718575213424,0.718446601941748,0.748792270531401,0.795348837209302,0.747826086956522,0.741228070175439,0.728070175438597,0.755555555555556,0.68859649122807,86.5726225323015,"צור נתן"
1150,"צופר","צופר",0.659620991253644,0.758620689655172,0.772241992882562,0.794871794871795,0.763473053892216,0.721407624633431,0.758522727272727,0.6398891966759,0.655352480417755,110.177248525772,"צופר"
1151,"פארן","פארן",0.653148021569074,0.683139534883721,0.736389684813754,0.746556473829201,0.758241758241758,0.710382513661202,0.702702702702703,0.722077922077922,0.670854271356784,124.831766677097,"פארן"
1155,"מגן שאול","מגןשאול",0.842404220933549,0.590405904059041,0.684713375796178,0.760233918128655,0.805851063829787,0.802083333333333,0.816062176165803,0.72279792746114,0.796610169491525,127.685270666056,"מגן שאול"
1167,"קיסריה","קיסריה",0.509751344321131,0.668047337278107,0.660587639311044,0.676206244087039,0.660100586756077,0.644321443214432,0.647189648200566,0.641418055017435,0.634544787077827,105.968346314921,"קיסריה"
1175,"עידן","עידן",0.553854346957795,0.56015037593985,0.620833333333333,0.667953667953668,0.638513513513513,0.608108108108108,0.580536912751678,0.561290322580645,0.585294117647059,101.797446958077,"עידן"
1176,"ספיר","ספיר",0.477453580901857,0.612099644128114,0.609929078014184,0.698581560283688,0.633116883116883,0.638629283489097,0.593373493975904,0.567335243553009,0.577777777777778,106.411934404822,"ספיר"
1182,"אלון הגליל","אלוןהגליל",0.588512241054614,0.742105263157895,0.769578313253012,0.787749287749288,0.805555555555556,0.774154589371981,0.741545893719807,0.769411764705882,0.707514450867052,145.592263372039,"אלון הגליל"
1186,"הושעיה","הושעיה",0.685251527832134,0.794341675734494,0.820603907637655,0.778333333333333,0.811194029850746,0.786084381939304,0.758369723435226,0.75561797752809,0.722567287784679,148.975998739751,"הושעיה"
1197,"נאות סמדר","נאותסמדר",0.712408505462523,0.567857142857143,0.618122977346278,0.603603603603604,0.58984375,0.609195402298851,0.576923076923077,0.610687022900763,0.578358208955224,148.694250429574,"נאות סמדר"
1199,"עדי","עדי",0.628127906461757,0.787028921998247,0.745440126883426,0.802670623145401,0.77079107505071,0.757046979865772,0.744466800804829,0.764189189189189,0.735059760956175,146.113641223402,"עדי"
1224,"כוכב יאיר","כוכביאיר",0.557873869597133,0.750564784053156,0.781820552947314,0.78343621399177,0.776157915107728,0.752875791650511,0.749707906010645,0.753033823909114,0.729850555626517,82.3477680722022,"כוכב יאיר"
1236,"נירית","נירית",0.641203185238488,0.797738693467337,0.829968119022317,0.816455696202532,0.798765432098765,0.744324970131422,0.771531100478469,0.770857814336075,0.727891156462585,76.5236730765502,"נירית"
1244,"תמרת","תמרת",0.558258811461429,0.743775100401606,0.777227722772277,0.8003314001657,0.800167926112511,0.760135135135135,0.768041237113402,0.780550774526678,0.734536082474227,140.525912961301,"תמרת"
1247,"חריש","חריש",0.582176145603029,0.679447168970129,0.697231833910035,0.687086092715232,0.746807573756055,0.746564619933902,0.725840483893656,0.67895798935975,0.713996178122647,108.207055277217,"חריש"
1249,"הרדוף","הרדוף",1,0.748148148148148,0.810725552050473,0.811111111111111,0.83046683046683,0.781553398058252,0.775308641975309,0.768321513002364,0.686666666666667,144.048642200379,"הרדוף"
1251,"עין תמר","עיןתמר",NA,0.678260869565217,0.774193548387097,0.75,0.657342657342657,0.548611111111111,0.646258503401361,0.648648648648649,0.620253164556962,99.5715367664288,"עין תמר"
1257,"חנתון","חנתון",NA,0.676923076923077,0.775910364145658,0.787735849056604,0.755769230769231,0.758034026465028,0.755639097744361,0.747680890538033,0.740143369175627,148.883628618206,"חנתון"
1262,"צוקים","צוקים",NA,NA,0.869158878504673,0.792592592592593,0.76536312849162,0.730337078651685,0.726315789473684,0.665024630541872,0.59009009009009,115.855812615142,"צוקים"
1274,"גן נר","גןנר",0.527015483193489,0.689283449587825,0.695551704217215,0.742751713231418,0.728136882129278,0.713200379867047,0.710138029509757,0.687267657992565,0.69880624426079,129.875046554086,"גן נר"
1282,"מירב","מירב",0.751336477987421,0.885714285714286,0.814229249011858,0.826229508196721,0.831521739130435,0.75197889182058,0.771428571428571,0.76046511627907,0.740343347639485,128.547140207541,"מירב"
1283,"תל תאומים","תלתאומים",0.485222534864138,0.599099099099099,0.661710037174721,0.71864406779661,0.751533742331288,0.710365853658537,0.750741839762611,0.699708454810496,0.779710144927536,132.400725626865,"תל תאומים"
1284,"נופית","נופית",0.726693279923611,0.809892729439809,0.820140010770059,0.807172557172557,0.767453540934204,0.753486055776892,0.759368836291913,0.751984126984127,0.731262327416174,142.378658060342,"נופית"
1288,"גבעת אלה","גבעתאלה",0.646218585128091,0.701030927835051,0.760165403170227,0.778128950695322,0.797172710510141,0.73955773955774,0.752795031055901,0.755,0.725590299936184,143.236084468365,"גבעת אלה"
1290,"זמר","זמר",0.567380919163103,0.505385996409336,0.55558468799161,0.631849315068493,0.450108459869848,0.611467693624305,0.685593220338983,0.393708881578947,0.564708217546645,97.5346815267403,"זמר"
1315,"מתן","מתן",0.704150744171791,0.802281368821293,0.798212605832549,0.793747286148502,0.768341307814992,0.752969121140142,0.755659640905542,0.760531309297913,0.717571644042232,76.4474550976064,"מתן"
1316,"אל-עריאן","אלעריאן",NA,NA,0.728971962616822,0.7,0.5,0.716535433070866,0.818897637795276,0.646153846153846,0.763358778625954,116.432290718184,"אל -עריאן"
1319,"בת חפר","בתחפר",0.62933686439903,0.752252252252252,0.766044340723454,0.792331374195354,0.761460957178841,0.730606136193565,0.725024727992087,0.721586760769044,0.722632959694729,94.7580519444049,"בת חפר"
1320,"עין חוד","עיןחוד",NA,0.407079646017699,0.776978417266187,0.685534591194969,0.368983957219251,0.601036269430052,0.706185567010309,0.494949494949495,0.529126213592233,130.509258448827,"עין חוד"
1321,"ח'ואלד","חואלד",0.738461538461539,0.568527918781726,0.439655172413793,0.588,0.454918032786885,0.521384928716904,0.546,0.432748538011696,0.471014492753623,143.406750393357,"ח'ואלד"
1326,"בסמ""ה","בסמה",0.400933215545847,0.517241379310345,0.555755395683453,0.66507528461256,0.397138858653398,0.560336906584992,0.672842295526435,0.377939042089985,0.456602732165034,111.856106121501,"בסמ""ה"
1327,"מעלה עירון","מעלהעירון",0.418307427280764,0.449254379614883,0.515693336763571,0.662738095238095,0.371369078604893,0.485004108463435,0.613177041228779,0.314254965267586,0.430698632702753,121.613439981005,"מעלה עירון"
1330,"אחוזת ברק","אחוזתברק",0.578076248049922,0.761160714285714,0.754111198120595,0.787449392712551,0.774850299401198,0.740390301596688,0.761237594862814,0.707573244886678,0.730561555075594,140.509973761544,"אחוזת ברק"
1337,"שמשית","שמשית",0.742561313926184,0.8208,0.823823109843081,0.821685173089484,0.747068676716918,0.733665559246955,0.737848170398689,0.713016204913748,0.691836734693878,144.191982485929,"שמשית"
1345,"צור יצחק","צוריצחק",NA,0.909090909090909,0.849957374254049,0.890444015444015,0.846268656716418,0.832651869158878,0.821154392948536,0.806222707423581,0.808613659531091,85.6830755900862,"צור יצחק"
1361,"בת חן","בתחן",NA,0.775583482944345,0.774566473988439,0.806,0.728110599078341,0.765957446808511,0.764988009592326,0.537897310513447,0.592405063291139,91.9183556476219,"בת חן"
1370,"מצפה אילן","מצפהאילן",NA,NA,0.958333333333333,0.989690721649485,0.903030303030303,0.876190476190476,0.890829694323144,0.84981684981685,0.821538461538462,110.19054489435,"מצפה אילן"
2002,"תנובות","תנובות",0.680403919961247,0.676982591876209,0.746350364963504,0.793345008756567,0.773095623987034,0.772652388797364,0.718801996672213,0.709150326797386,0.726698262243286,89.6826979006484,"תנובות"
2003,"תלמי אלעזר","תלמיאלעזר",0.614794230514755,0.777292576419214,0.776515151515151,0.786618444846293,0.793375394321767,0.771822358346095,0.781626506024096,0.763081395348837,0.762043795620438,103.931497645781,"תלמי אלעזר"
2008,"שדה יצחק","שדהיצחק",0.728781068217874,0.663522012578616,0.708791208791209,0.740437158469945,0.716455696202532,0.734848484848485,0.694789081885856,0.685446009389671,0.748878923766816,100.761978600987,"שדה יצחק"
2015,"שדי חמד","שדיחמד",0.674172537100956,0.760135135135135,0.786026200873362,0.81700288184438,0.810320781032078,0.799442896935933,0.772099447513812,0.762306610407876,0.751373626373626,75.2256690366854,"שדי חמד"
2016,"רוויה","רוויה",0.893244739756368,0.642487046632124,0.676190476190476,0.687782805429864,0.683794466403162,0.709803921568627,0.709803921568627,0.648648648648649,0.690036900369004,130.968918814604,"רוויה"
2018,"גבעת חיים (איחוד)","גבעתחייםאיחוד",0.780821917808219,0.737974683544304,0.755172413793103,0.770345596432553,0.772679874869656,0.769709543568465,0.753086419753086,0.743434343434343,0.737051792828685,97.8752656019918,"גבעת חיים (איחוד)"
2024,"אום אל-קוטוף","אוםאלקוטוף",0.49424108383016,0.597194388777555,0.547368421052632,0.830670926517572,0.523809523809524,0.720338983050847,0.808926080892608,0.512096774193548,0.579081632653061,110.04551505697,"אום אל-קוטוף"
2026,"ירדנה","ירדנה",0.493273542600897,0.596296296296296,0.600732600732601,0.692307692307692,0.719858156028369,0.72280701754386,0.747368421052632,0.725631768953069,0.777385159010601,146.720925341642,"ירדנה"
2029,"מדרך עוז","מדרךעוז",0.808281102667924,0.67258883248731,0.681818181818182,0.765957446808511,0.70990990990991,0.724324324324324,0.734402852049911,0.712765957446808,0.712543554006969,126.732540906711,"מדרך עוז"
2042,"עין גדי","עיןגדי",0.609007605181757,0.643835616438356,0.697516930022573,0.673469387755102,0.683438155136268,0.668058455114823,0.655601659751037,0.627291242362525,0.592050209205021,77.5890146612994,"עין גדי"
2043,"בחן","בחן",1,0.677902621722846,0.791011235955056,0.803846153846154,0.798611111111111,0.773747841105354,0.780033840947547,0.777424483306836,0.745535714285714,96.900446276704,"בחן"
2052,"אביטל","אביטל",0.693740226508079,0.703208556149733,0.696808510638298,0.765171503957784,0.763020833333333,0.793814432989691,0.79136690647482,0.753148614609572,0.792270531400966,130.535945788176,"אביטל"
2053,"פרזון","פרזון",0.636438651799505,0.605633802816901,0.664429530201342,0.754966887417219,0.711598746081505,0.75,0.744827586206897,0.692982456140351,0.72972972972973,130.112705998516,"פרזון"
2054,"מיטב","מיטב",0.712401055408971,0.665644171779141,0.678260869565217,0.776203966005666,0.785145888594164,0.757333333333333,0.774798927613941,0.738161559888579,0.796703296703297,129.426453960867,"מיטב"
2055,"מאור","מאור",0.730874523204069,0.730578512396694,0.777310924369748,0.805263157894737,0.787741203178207,0.7718715393134,0.774509803921569,0.769148936170213,0.756172839506173,103.219854549862,"מאור"
2057,"שדי תרומות","שדיתרומות",0.44285235461706,0.556962025316456,0.552469135802469,0.67741935483871,0.707988980716253,0.659340659340659,0.723577235772358,0.676630434782609,0.757105943152455,131.375004304423,"שדי תרומות"
2100,"טירת כרמל","טירתכרמל",0.523619851528055,0.566559897501602,0.614558999936865,0.664500154750851,0.647132714363736,0.651843876177658,0.663797683561789,0.62829785066721,0.68516924192306,135.256758153947,"טירת כרמל"
2300,"קרית טבעון","קריתטבעון",0.76336272305045,0.682988637292569,0.718130753627711,0.722905282331512,0.712496337532962,0.694167643610785,0.691571720712825,0.67143267710878,0.674511975633393,134.080032762355,"קריית טבעון"
2500,"נשר","נשר",0.589136394078388,0.621998320738875,0.629450687952946,0.672895744901128,0.643564862104188,0.636622874019758,0.639638274224512,0.601244372502403,0.621665648544085,137.341033440998,"נשר"
2710,"אום אל-פחם","אוםאלפחם",0.515475101137645,0.590224655769386,0.567424081545976,0.674208740901755,0.451353686635945,0.513345271595464,0.631038055501106,0.33147473208943,0.382855351825733,116.681538911614,"אום אל-פחם"
2720,"טירה","טירה",0.543447551367395,0.618467670504872,0.58834388185654,0.725995898328258,0.596486320147709,0.672409017891763,0.724750520890449,0.470984649943841,0.622703038459548,81.4589074415146,"טירה"
2730,"טייבה","טייבה",0.608977083637981,0.643899845320959,0.604838709677419,0.739501633986928,0.618292063031007,0.666177418200043,0.70941919102867,0.434015888234488,0.577131413939135,84.8626966179059,"טייבה"
3555,"נתיב הגדוד","נתיבהגדוד",0.715167785234899,0.538461538461538,0.570422535211268,0.704697986577181,0.694805194805195,0.684210526315789,0.716738197424893,0.661016949152542,0.608888888888889,96.6277891096904,"נתיב הגדוד"
3556,"אלמוג","אלמוג",0.422669491525424,0.796610169491525,0.742857142857143,0.724137931034483,0.701030927835051,0.646464646464647,0.699481865284974,0.661375661375661,0.569230769230769,88.7219302846582,"אלמוג"
3557,"קדומים","קדומים",0.922109636854865,0.824207492795389,0.856646394439618,0.861880772460118,0.836719049444231,0.800531914893617,0.799156765044078,0.774436090225564,0.760220994475138,92.2153355120756,"קדומים"
3558,"תומר","תומר",0.516400709219858,0.683333333333333,0.752066115702479,0.728395061728395,0.829365079365079,0.827309236947791,0.768292682926829,0.795180722891566,0.775590551181102,97.7447321995896,"תומר"
3560,"אלקנה","אלקנה",0.960860236322045,0.831814038286235,0.843137254901961,0.855397148676171,0.848860455817673,0.809105431309904,0.82807570977918,0.811638591117917,0.806220951018949,75.4164995209854,"אלקנה"
3564,"כוכב השחר","כוכבהשחר",0.666480496028892,0.864303178484108,0.869098712446352,0.859960552268245,0.847068819031436,0.813333333333333,0.811993517017828,0.78582554517134,0.78939617083947,86.6477321932944,"כוכב השחר"
3565,"רימונים","רימונים",0.619858874897665,0.655963302752294,0.652777777777778,0.698237885462555,0.695906432748538,0.692156862745098,0.719056974459725,0.669847328244275,0.703125,84.798016379545,"רימונים"
3566,"יפית","יפית",0.439453125,0.532786885245902,0.5078125,0.607407407407407,0.677215189873418,0.660377358490566,0.64375,0.596385542168675,0.573863636363636,103.089497434212,"יפית"
3567,"סלעית","סלעית",0.835150512569867,0.729885057471264,0.798387096774194,0.779411764705882,0.815492957746479,0.830623306233062,0.817945383615085,0.809226932668329,0.799757281553398,89.0382821978541,"סלעית"
3568,"ריחן","ריחן",0.588235294117647,0.696428571428571,0.741666666666667,0.763358778625954,0.807291666666667,0.762626262626263,0.753623188405797,0.790909090909091,0.768595041322314,113.961403989362,"ריחן"
3569,"מבוא דותן","מבואדותן",0.506466915634508,0.556053811659193,0.576763485477178,0.637735849056604,0.698181818181818,0.685714285714286,0.724137931034483,0.667774086378738,0.731117824773414,111.598160976193,"מבוא דותן"
3570,"אריאל","אריאל",0.606390665560521,0.653012048192771,0.659212688433236,0.695983086680761,0.66763655601111,0.64206008583691,0.640036973458339,0.616161616161616,0.618082618862042,79.160328538243,"אריאל"
3571,"שבי שומרון","שבישומרון",0.855393967399617,0.75103734439834,0.792607802874743,0.786538461538462,0.819521178637201,0.795289855072464,0.797853309481216,0.793650793650794,0.79421768707483,98.5161146470783,"שבי שומרון"
3572,"כפר תפוח","כפרתפוח",0.786225870262159,0.782786885245902,0.812903225806452,0.759183673469388,0.81063122923588,0.818481848184819,0.781350482315113,0.752238805970149,0.725895316804408,90.7721558793752,"כפר תפוח"
3574,"בית אל","ביתאל",0.846192337408478,0.859069932552361,0.856866537717602,0.850467289719626,0.851416515973478,0.815805109922757,0.801190476190476,0.766019988242211,0.771909791607194,75.6499439568341,"בית אל"
3576,"מצפה יריחו","מצפהיריחו",0.72557000448415,0.804031354983203,0.849813432835821,0.84819897084048,0.815251572327044,0.793427230046948,0.793470007593014,0.767631774313289,0.769835596854896,83.7341201345981,"מצפה יריחו"
3578,"שדמות מחולה","שדמותמחולה",0.609026297085999,0.828571428571429,0.644021739130435,0.819314641744548,0.857894736842105,0.839285714285714,0.79539641943734,0.75417661097852,0.778032036613272,127.487251184483,"שדמות מחולה"
3579,"אלון מורה","אלוןמורה",0.805923174160927,0.786163522012579,0.815819209039548,0.830752212389381,0.800218340611354,0.787648970747562,0.774891774891775,0.755274261603376,0.741503604531411,104.591833807678,"אלון מורה"
3598,"ארגמן","ארגמן",0.481927710843373,0.60431654676259,0.634328358208955,0.676923076923077,0.6484375,0.6640625,0.693548387096774,0.663934426229508,0.628099173553719,114.012731837216,"ארגמן"
3599,"מחולה","מחולה",0.73956416139307,0.763358778625954,0.84070796460177,0.822335025380711,0.857438016528926,0.784431137724551,0.755162241887906,0.763380281690141,0.732824427480916,127.657586924079,"מחולה"
3601,"קליה","קליה",0.650694532942526,0.634361233480176,0.742372881355932,0.772727272727273,0.75,0.706070287539936,0.69811320754717,0.676923076923077,0.699115044247788,88.0748671204015,"קליה"
3605,"משואה","משואה",0.638532688669329,0.632352941176471,0.723880597014925,0.734848484848485,0.673333333333333,0.633333333333333,0.67741935483871,0.700636942675159,0.745283018867924,107.692397990016,"משואה"
3606,"גלגל","גלגל",0.584901841732443,0.581818181818182,0.573770491803279,0.621212121212121,0.585034013605442,0.585526315789474,0.587096774193548,0.54320987654321,0.594936708860759,97.1611261742475,"גלגל"
3607,"ייט""ב","ייטב",0.691729323308271,0.760330578512397,0.789473684210526,0.821428571428571,0.803921568627451,0.77511961722488,0.780487804878049,0.686440677966102,0.688888888888889,92.3591055633471,"ייט""ב"
3608,"מעלה אפרים","מעלהאפרים",0.436763501947456,0.490909090909091,0.507640067911715,0.55793991416309,0.556338028169014,0.516444444444444,0.532490974729242,0.50990990990991,0.542168674698795,97.4417911271363,"מעלה אפרים"
3609,"חמרה","חמרה",0.533333333333333,0.598425196850394,0.64,0.704545454545455,0.718518518518519,0.647058823529412,0.66412213740458,0.639705882352941,0.702702702702703,109.626921418582,"חמרה"
3610,"מצפה שלם","מצפהשלם",0.50642725974291,0.716535433070866,0.724137931034483,0.728476821192053,0.722543352601156,0.757446808510638,0.745019920318725,0.723484848484849,0.720754716981132,78.6284454334463,"מצפה שלם"
3612,"בקעות","בקעות",0.588375701157656,0.65034965034965,0.755102040816326,0.809859154929577,0.830882352941177,0.776978417266187,0.742857142857143,0.701388888888889,0.717241379310345,114.101104949832,"בקעות"
3613,"גיתית","גיתית",0.895405450780682,0.729032258064516,0.730538922155689,0.802139037433155,0.796680497925311,0.801652892561983,0.809128630705394,0.772357723577236,0.754940711462451,99.5190855806393,"גיתית"
3614,"מכורה","מכורה",0.811594202898551,0.654867256637168,0.726415094339623,0.704347826086957,0.699248120300752,0.711111111111111,0.711111111111111,0.661870503597122,0.664335664335664,106.158803025991,"מכורה"
3615,"פצאל","פצאל",0.670060080106809,0.654708520179372,0.700892857142857,0.782222222222222,0.847826086956522,0.819327731092437,0.782426778242678,0.766393442622951,0.776951672862453,99.4528611523991,"פצאל"
3617,"עופרה","עופרה",0.943176104646673,0.838513513513514,0.847579199043634,0.833333333333333,0.80203317281969,0.769026077700905,0.754756871035941,0.751914241960184,0.731129748396645,79.8458205852639,"עפרה"
3619,"רועי","רועי",0.917410714285714,0.742857142857143,0.794285714285714,0.810526315789474,0.767441860465116,0.691729323308271,0.656488549618321,0.583333333333333,0.666666666666667,116.865483617862,"רועי"
3620,"נירן","נירן",0.712669683257919,0.781818181818182,0.735294117647059,0.763888888888889,0.791666666666667,NA,NA,NA,NA,96.0244415484532,"נירן"
3637,"מעלה שומרון","מעלהשומרון",0.990116617078759,0.736585365853659,0.762183235867446,0.81305114638448,0.792580101180438,0.765811965811966,0.755244755244755,NA,NA,83.8336469658087,"מעלה שומרון"
3638,"כפר אדומים","כפראדומים",0.850723584851555,0.809134287661895,0.823204419889503,0.815227934044617,0.792467948717949,0.757323832145685,0.756511444356748,0.751905487804878,0.716182274847506,79.052947224743,"כפר אדומים"
3639,"ורד יריחו","ורדיריחו",0.664717348927875,0.677018633540373,0.830409356725146,0.786127167630058,0.783185840707965,0.780172413793103,0.794117647058823,0.752941176470588,0.745318352059925,87.7982938991093,"ורד יריחו"
3640,"קרני שומרון","קרנישומרון",0.665821281133003,0.731718061674009,0.744329022683909,0.775698969939037,0.771498310176493,0.75130014858841,0.755276564774381,0.725599111252182,0.735457920792079,83.6758211768226,"קרני שומרון"
3641,"שילה","שילה",0.835799217684284,0.788215200683177,0.823148813803019,0.842985842985843,0.825769431403234,0.802583979328165,0.796146044624746,0.759610930986568,0.784417884019478,88.5630802841962,"שילה"
3643,"חיננית","חיננית",0.63802964005871,0.809744779582367,0.82078853046595,0.8096,0.782383419689119,0.752910737386805,0.777777777777778,0.76094674556213,0.759423503325942,117.13667095287,"חיננית"
3645,"בית הערבה","ביתהערבה",1,0.72,0.901960784313726,0.854838709677419,0.868965517241379,0.823529411764706,0.811428571428571,0.813725490196078,0.857740585774059,92.8274283281065,"בית הערבה"
3647,"יקיר","יקיר",0.924400449025411,0.830985915492958,0.882016036655212,0.864016736401674,0.881856540084388,0.832917705735661,0.84971098265896,0.82642689601251,0.796376811594203,84.9555983937456,"יקיר"
3649,"שקד","שקד",0.722767823319948,0.743654822335025,0.754716981132076,0.773255813953488,0.740740740740741,0.717948717948718,0.71280276816609,0.741407528641571,0.729970326409496,116.067403599523,"שקד"
3651,"מעלה מכמש","מעלהמכמש",0.779593932167462,0.839869281045752,0.877840909090909,0.873239436619718,0.806486486486486,0.786096256684492,0.783246073298429,0.775672981056829,0.776951672862453,79.1641095294524,"מעלה מכמש"
3654,"ברקן","ברקן",0.697522989219985,0.737513283740701,0.72744014732965,0.761016949152542,0.745318352059925,0.712618526622903,0.724837074583635,0.694736842105263,0.700198544010589,80.9422637819691,"ברקן"
3658,"עטרת","עטרת",1,0.881057268722467,0.848605577689243,0.874551971326165,0.867796610169492,0.855704697986577,0.792642140468227,0.823151125401929,0.807339449541284,76.826165472307,"עטרת"
3660,"עמנואל","עמנואל",0.617823816716974,0.66388557806913,0.738122171945701,0.728414442700157,0.726849697533737,0.732362312243969,0.73374613003096,0.672979797979798,0.75808336579665,85.663300893972,"עמנואל"
3710,"ברכה","ברכה",0.921188533935802,0.781944444444444,0.80634201585504,0.858342077649528,0.886466848319709,0.86613475177305,0.86414445399828,0.846963562753036,0.852298417483044,97.4716759046631,"ברכה"
3712,"ענב","ענב",0.732646258887714,0.767955801104972,0.824884792626728,0.839160839160839,0.844897959183673,0.842,0.849504950495049,0.83752417794971,0.819642857142857,97.4943864480019,"ענב"
3713,"נעמ""ה","נעמה",NA,0.642105263157895,0.644067796610169,0.611111111111111,0.710144927536232,0.573426573426573,0.606896551724138,0.621621621621622,0.64327485380117,94.0836573940294,"נעמ""ה"
3715,"עלמון","עלמון",0.634743474347435,0.742115027829313,0.768308921438083,0.775757575757576,0.770767613038906,0.753326509723644,0.749746707193516,0.724070450097847,0.751205400192864,75.6814289452707,"עלמון"
3717,"חרמש","חרמש",0.421049247781921,0.571428571428571,0.605882352941176,0.674033149171271,0.691176470588235,0.689655172413793,0.63768115942029,0.617924528301887,0.647887323943662,108.997744878497,"חרמש"
3720,"שערי תקווה","שעריתקווה",0.784405440868026,0.765198398252639,0.778086419753086,0.807812057741296,0.781540847983454,0.747433264887064,0.753260035796471,0.75240263024785,NA,77.3437002894801,"שערי תקווה"
3727,"עלי זהב","עליזהב",0.760545028237368,0.747228381374723,0.707808564231738,0.809741248097412,0.845353159851301,0.834231805929919,0.84223602484472,0.85,0.835603112840467,75.4778628789546,"עלי זהב"
3746,"קרית נטפים","קריתנטפים",0.928943937418514,0.810408921933085,0.849358974358974,0.869318181818182,0.841463414634146,0.867469879518072,0.861904761904762,0.836829836829837,0.820675105485232,81.9306084603379,"קריית נטפים"
3749,"יצהר","יצהר",0.84112927191679,0.718905472636816,0.782,0.831168831168831,0.81638846737481,0.807228915662651,0.773391812865497,0.76797829036635,0.77710843373494,94.38017338551,"יצהר"
3750,"אלפי מנשה","אלפימנשה",0.679386645570341,0.739911261356434,0.767924528301887,0.791837495341036,0.75871125897391,0.741388263804743,0.737628865979381,0.733994286674509,0.735083928868207,76.9090180362318,"אלפי מנשה"
3751,"מגדלים","מגדלים",0.536759015632255,0.56043956043956,0.621621621621622,0.694029850746269,0.765486725663717,0.733624454148472,0.736842105263158,0.747252747252747,0.760942760942761,95.0467629913873,"מגדלים"
3752,"מעלה לבונה","מעלהלבונה",0.864110939660528,0.729032258064516,0.754335260115607,0.81058495821727,0.827160493827161,0.794258373205742,0.786542923433875,0.774941995359629,0.761388286334056,85.1545125268172,"מעלה לבונה"
3762,"איתמר","איתמר",0.878415502318849,0.749303621169916,0.770419426048565,0.820618556701031,0.783595113438045,0.763986013986014,0.746621621621622,0.705691056910569,0.727810650887574,98.7038442751473,"איתמר"
3765,"עלי","עלי",0.849086242702994,0.750882145377558,0.803623611922852,0.804736842105263,0.794299287410926,0.763500931098696,0.769730733519034,0.751788908765653,0.729076790336497,88.0991570457788,"עלי"
3778,"עץ אפרים","עץאפרים",0.875694931721272,0.77639751552795,0.795341098169717,0.845026178010471,0.816640986132512,0.805429864253394,0.790560471976401,0.777537796976242,NA,78.2357793463615,"עץ אפרים"
3790,"נופים","נופים",0.618296529968454,0.637223974763407,0.695652173913043,0.731764705882353,0.76056338028169,0.743137254901961,0.752362948960302,0.716049382716049,0.737421383647799,83.8781416345407,"נופים"
3791,"צופים","צופים",0.596721047978783,0.756493506493506,0.795353982300885,0.840579710144927,0.808750882145378,0.786953504510756,0.797091412742382,0.759647935003385,0.766200762388818,82.5012157738066,"צופים"
3793,"אבני חפץ","אבניחפץ",0.660442950957134,0.880392156862745,0.839634941329857,0.860655737704918,0.809254013220019,0.800925925925926,0.796747967479675,0.739130434782609,0.772459499263623,94.1390981425465,"אבני חפץ"
3795,"רבבה","רבבה",0.820759392233153,0.9453125,0.929712460063898,0.909783989834816,0.878787878787879,0.853913043478261,0.859060402684564,0.852359208523592,0.821551132463967,82.908578423736,"רבבה"
4000,"חיפה","חיפה",0.574189565761282,0.580387588329833,0.586025279440413,0.622006461849602,0.587438373960124,0.582886108540854,0.582821569782115,0.5511105775003,0.55528796803689,137.172947037619,"חיפה"
6000,"באקה אל-גרביה","באקהאלגרביה",0.4376953266929,0.49751345808767,0.4326171875,0.615112736136502,0.428816742688489,0.578660312417262,0.618923565883395,0.313345150671056,0.475463837620501,103.356789088105,"באקה אל-גרביה"
6500,"חדרה","חדרה",0.534793670795616,0.561766445627471,0.577455640518438,0.648789224817309,0.628321276004814,0.622931177500691,0.630254186368505,0.590772278246553,0.627481563743901,97.2340537228243,"חדרה"
6800,"קרית אתא","קריתאתא",0.579887519732362,0.603841479398518,0.609739321824059,0.669652630403217,0.657375268840101,0.652896415778206,0.661316550864818,0.617795328516216,0.649707626420688,141.631396760689,"קריית אתא"
7300,"נצרת","נצרת",0.535105142545222,0.478433706766438,0.550539571867839,0.6140855124737,0.398309987552813,0.557527827616841,0.603372751354814,0.390330007674597,0.482854214620541,140.985844038797,"נצרת"
7400,"נתניה","נתניה",0.551622259724097,0.551214185360527,0.584772390060222,0.631907361142356,0.603258138443272,0.592254502719397,0.598002307529806,0.564959093096626,0.582860362667759,79.9777971008529,"נתניה"
7700,"עפולה","עפולה",0.516234073759624,0.55930746561886,0.572170361726954,0.650685507612078,0.647204599524187,0.63951135061325,0.632336390412107,0.593040394270186,0.632701111837803,131.729942582687,"עפולה"
7800,"פרדס חנה-כרכור","פרדסחנהכרכור",0.598825030721779,0.613280562884784,0.653325951119196,0.716183257663878,0.721679720046659,0.709680622207513,0.7145287401446,0.691697446603501,0.694480022492268,104.293299708855,"פרדס חנה-כרכור"
8200,"קרית מוצקין","קריתמוצקין",0.587734817511343,0.641117415975556,0.636540720158125,0.690252768619494,0.668890203884017,0.656208455198086,0.653721597640926,0.619109217267793,0.6334716796875,146.9204643044,"קריית מוצקין"
8800,"שפרעם","שפרעם",0.555611492076836,0.48655030325478,0.54090626939789,0.591804938848641,0.474150353214072,0.592187119869322,0.659340659340659,0.448252733248373,0.514655870445344,146.160044755888,"שפרעם"
9200,"בית שאן","ביתשאן",0.528247047433831,0.562480352090538,0.633481772209223,0.702508960573477,0.698589562764457,0.694586455634148,0.707062264939407,0.651599972354689,0.706602624813963,136.187607652576,"בית שאן"
9300,"זכרון יעקב","זכרוןיעקב",0.676545672167614,0.717629726632837,0.746588831059221,0.769751544629946,0.746368581505171,0.72470741994891,0.72044983722995,0.71857291546201,0.712169489630499,112.475813815929,"זכרון יעקב"
9500,"קרית ביאליק","קריתביאליק",0.615486642358866,0.620712721965459,0.626423079215593,0.67698567132496,0.64780829924021,0.635109461315874,0.639697981704661,0.609626724600062,0.626465707212232,145.608395247995,"קריית ביאליק"
9600,"קרית ים","קריתים",0.528695946044078,0.553268556315759,0.546817427502602,0.593127338229181,0.578370678792527,0.566590927756029,0.575229232243055,0.534260917481747,0.556306673182386,147.627648916075,"קריית ים"
9800,"בנימינה-גבעת עדה","בנימינהגבעתעדה",0.754339155611774,0.72349879395709,0.751236342725704,0.765739225313693,0.759654521989477,0.74304870834155,0.744467193136395,0.730476190476191,0.72182936908807,108.621301000603,"בנימינה-גבעת עדה*"
