"","location","lat","long"
"1"," אל-סייד והפזורה ",31.2817185,34.916298
"2"," כרמי גת ",31.6257429,34.7645504
"3"," מרכז ומערב ",31.5410416,34.2772958
"4"," תל ערד ואל פורה ",31.2532467,35.1116338
"5","א דהאבשה ",31.2260425,35.147482
"6","א דיר במזרח הר חברון ",31.6526505,35.214342
"7","א דיר במערב הר חברון ",31.6552315,35.025616
"8","א דיראת ",31.4454702,35.1649413
"9","א דנפירי ",31.1276995,34.813964
"10","א זיאדנה דרומית לרהט ",31.3670925,34.740095
"11","א זיאדנה צפונית לרהט ",31.4144345,34.77579
"12","א זעיים ",31.7877005,35.263531
"13","א טבקה ",31.4964895,35.016446
"14","א טוואני ",31.4127545,35.1536532
"15","א לובאן ",32.0357755,35.038365
"16","א נבארי ",31.2824665,34.941101
"17","א נוואקיר ",33.0907875,35.213638
"18","א סייד ",31.2817185,34.916298
"19","א סלבה ",32.9293945,35.712766
"20","א ראם ",31.8468695,35.230571
"21","א ראס ",32.2663955,35.006837
"22","א ריחייה ",31.4704775,35.078903
"23","א שויוח ",31.5749955,35.149421
"24","א שייח’ אחמד ",32.1489455,35.001112
"25","א.ת אשקלון ",31.6677251,34.5646541
"26","אבו-תלול והפזורה ",31.1430155,34.9087933
"27","אבו ג’אבר ",31.3152595,34.868677
"28","אבו ג’אבר דרומית ממיתר ",31.3121635,34.934897
"29","אבו ג’ודה ",31.2344475,35.111137
"30","אבו ג’ווייעד ",31.1806625,35.072843
"31","אבו גוש ",31.806502,35.108562
"32","אבו דיאב ",32.7692435,35.179544
"33","אבו דיס ",31.7635815,35.257722
"34","אבו טראש ",31.2890445,34.854024
"35","אבו כף אום בטין ",31.2777331,34.8826857
"36","אבו נוג’ים ",31.6619195,35.199291
"37","אבו סלמאן ",32.1403605,34.998989
"38","אבו סריחאן ",31.2543325,34.881407
"39","אבו עבדון ",31.3013965,34.841655
"40","אבו עמרה ",31.2821875,34.872739
"41","אבו עסא ",31.2502455,34.873389
"42","אבו עפאש ",31.1598595,34.808983
"43","אבו קוידר אל עפאוי דרומית לנבטים ",31.2139785,34.873003
"44","אבו קרינאת ",31.1031145,34.952003
"45","אבו קרינאת והפזורה ",31.1031086,34.9130342
"46","אבו קרינאת מערבית לכסיפה ",31.2689945,35.03005
"47","אבו קש ",31.9445793,35.1435272
"48","אבו רביעה ",31.2308106,35.064209
"49","אבו רביעה צפונית לכסיפה ",31.2820155,35.039105
"50","אבו רוקייק ",31.2595395,34.863897
"51","אבו שח’ידם ",31.8942517,34.8144167
"52","אבו תלול ",31.1426115,34.913514
"53","אבטין ",32.762806,35.1107305
"54","אבטליון ",32.8368694,35.350544
"55","אביאל ",32.5321575,34.9908625
"56","אביבים ",33.0880395,35.4720274
"57","אביגדור ",31.7072915,34.742767
"58","אביחיל ",32.3512015,34.8701769
"59","אביטל ",32.55723,35.3074155
"60","אביעזר ",31.681274,35.015569
"61","אבירים ",33.0383745,35.2869275
"62","אבן יהודה ",32.267805,34.8814773
"63","אבן מנחם ",33.0743345,35.2939279
"64","אבן ספיר ",31.7627975,35.135988
"65","אבן שמואל ",31.575215,34.765164
"66","אבני איתן ",32.823254,35.7663461
"67","אבני חפץ ",32.2865635,35.075054
"68","אבנת ",31.6786667,35.4308975
"69","אבשלום ",31.194878,34.3315555
"70","אדורה ",31.5520339,35.0186455
"71","אדירים ",32.5491954,35.272318
"72","אדמית ",33.0791505,35.209404
"73","אדרת ",31.6600555,34.9947191
"74","אודים ",32.2648495,34.8497486
"75","אודלה ",32.1533726,35.275529
"76","אודם ",33.194342,35.7490975
"77","אוהד ",31.2376795,34.4321034
"78","אוהלו ",32.7137548,35.5488012
"79","אום א טלע ",31.6968285,35.262868
"80","אום א סח’אלי ",32.7705495,35.177513
"81","אום א ריחאן ",32.4816165,35.1424251
"82","אום אל-פחם ",32.5345474,35.151224
"83","אום אל-קוטוף ",32.4666355,35.05543
"84","אום בטין ",31.2777331,34.8826857
"85","אום בטין והפזורה ",31.2777331,34.8826857
"86","אום דאר ",32.4575285,35.138167
"87","אום סלמונה ",31.6456645,35.165229
"88","אום ספא ",32.0088685,35.165696
"89","אום עלאס ",31.6020776,35.012471
"90","אום עסלה ",31.6991405,35.281913
"91","אומן ",32.5634535,35.24248
"92","אומץ ",32.369656,34.993285
"93","אופקים ",31.3085344,34.6254634
"94","אור הגנוז ",33.0045305,35.446569
"95","אור הנר ",31.5577976,34.6007315
"96","אור יהודה ",32.02818,34.8562886
"97","אור עקיבא ",32.5022664,34.9259461
"98","אורה ",31.7523459,35.1526239
"99","אורון ",31.602053,34.761688
"100","אורות ",31.7418095,34.7338266
"101","אורטל ",33.087476,35.759199
"102","אורים ",31.3039921,34.5227285
"103","אורנים ",32.9976495,35.222
"104","אורנית ",32.1299135,34.996516
"105","אושה ",32.795807,35.113886
"106","אזור ",32.0219125,34.806161
"107","אזור תעשיות צבאים ",32.542374,35.4856465
"108","אזור תעשייה אכזיב מילואות ",33.068374,35.110211
"109","אזור תעשייה אלון התבור ",32.6432734,34.6118639
"110","אזור תעשייה אפק ולב הארץ ",32.1060921,34.9687576
"111","אזור תעשייה באר טוביה ",31.7234649,34.7513313
"112","אזור תעשייה בני יהודה ",32.8310581,35.6450697
"113","אזור תעשייה ברוש ",31.733143,34.959383
"114","אזור תעשייה דימונה ",31.018723,35.09576
"115","אזור תעשייה הדרומי אשקלון ",31.6308144,34.5519771
"116","אזור תעשייה הר טוב - צרעה ",31.769382,34.9938233
"117","אזור תעשייה חבל מודיעין ",32.0082401,34.960668
"118","אזור תעשייה חצור הגלילית ",33.0438942,35.4422707
"119","אזור תעשייה כנות ",NA,NA
"120","אזור תעשייה כרמיאל ",32.9112925,35.3115249
"121","אזור תעשייה מבואות הגלבוע ",32.6732367,33.9605051
"122","אזור תעשייה נ.ע.מ ",31.4234933,34.6001209
"123","אזור תעשייה ניר עציון ",32.6980296,34.992115
"124","אזור תעשייה נעמן ",32.893398,35.091562
"125","אזור תעשייה נשר - רמלה ",31.9164883,34.8964425
"126","אזור תעשייה עד הלום ",31.7832605,34.6631285
"127","אזור תעשייה עידן הנגב ",31.380758,34.785969
"128","אזור תעשייה צ.ח.ר ",33.1830866,30.6452143
"129","אזור תעשייה צמח ",32.7144324,35.5727785
"130","אזור תעשייה צפוני אשקלון ",31.664701,34.59809
"131","אזור תעשייה קיסריה ",32.496276,34.9199935
"132","אזור תעשייה קריית גת ",31.6095861,34.7769395
"133","אזור תעשייה רגבים ",32.5224645,35.0342945
"134","אזור תעשייה רמת דלתון ",33.021944,35.4680556
"135","אזור תעשייה שחורת ",29.597881,34.9718911
"136","אזור תעשייה שער בנימין ",31.865575,35.261645
"137","אזור תעשייה שער נעמן ",32.893398,35.091562
"138","אזור תעשייה תימורים ",31.7151415,34.7605895
"139","אחווה ",31.7432671,34.7690869
"140","אחוזם ",31.5537641,34.7697735
"141","אחוזת ברק ",32.6437734,35.3389026
"142","אחוזת שושנה ",32.5910255,35.521247
"143","אחיהוד ",32.905976,35.175634
"144","אחיטוב ",32.3885199,34.9874885
"145","אחיסמך ",31.9363705,34.907828
"146","אחיעזר ",31.9820885,34.8707271
"147","איבים ",31.5335965,34.609697
"148","אידמית ",33.0791505,35.209404
"149","אייל ",32.2117115,34.9791535
"150","איילת השחר ",33.023077,35.5778794
"151","אילון ",33.063399,35.2177275
"152","אילות ",29.58047,34.9630696
"153","אילנות ",32.5183275,35.018304
"154","אילניה ",32.755011,35.4055819
"155","אילת ",29.627427,34.9540664
"156","אימאתין ",32.1923605,35.159475
"157","אימריש ",31.4703045,34.999744
"158","איסכאכא ",32.1029205,35.224549
"159","אירוס ",31.9285741,34.7766539
"160","איתמר ",32.0898021,34.8068353
"161","איתן ",31.5718444,34.748113
"162","איתנים ",31.7788995,35.095169
"163","אכסאל ",32.673481,35.3319945
"164","אל-עריאן ",32.4983555,35.1250579
"165","אל-רום ",33.1794486,35.770733
"166","אל אסד ",31.3152795,34.85234
"167","אל בירה ",31.4384231,34.9250114
"168","אל בירה בהר חברון ",31.4384231,34.9250114
"169","אל ג’וויני ",31.2097055,35.108483
"170","אל ג’נאמי ",31.2166635,35.093023
"171","אל ג’רג’אווי ",31.1470805,34.819719
"172","אל הג’רה ",31.4885065,35.05476
"173","אל הייל ",31.4084226,34.748283
"174","אל ולג’ה ",31.7293935,35.15853
"175","אל ולידי ",31.1779916,34.815901
"176","אל ח’דר ",31.6948105,35.170745
"177","אל ח’וואלד מערב ",32.770109,35.1385386
"178","אל חדב ",31.4761565,35.055239
"179","אל חוקוק ",31.3793035,34.740385
"180","אל חמידי ",31.2042585,34.872374
"181","אל כלאב ",31.1079145,34.850613
"182","אל מאג’ור ",31.4901746,35.032481
"183","אל מודוור ",32.1432175,35.012226
"184","אל מועלקה ",32.5036775,35.125089
"185","אל מחד’י צפונית לדימונה ",31.1075605,35.017377
"186","אל מראג’ם ",31.4901626,35.021646
"187","אל סייד ",31.2817185,34.916298
"188","אל ע’ול צפונית לדימונה ",31.1009485,35.005401
"189","אל עביד ",31.2650435,35.091313
"190","אל עזי ",31.7198395,34.8069045
"191","אל עטאונה ",31.3024815,34.916719
"192","אל עלקה אל פוקא ",31.4603755,35.009196
"193","אל עמראני דרום מערב לדימונה ",31.0441945,35.001706
"194","אל ערוב ",31.6170905,35.143521
"195","אל עת’אמין ",31.2185745,34.897369
"196","אל עתאיקה ",31.3769136,34.746405
"197","אל פוואר ",31.4783675,35.065511
"198","אל פונדוק ",32.1906118,35.133974
"199","אל פורעה ",31.2085214,34.7884828
"200","אל קוסור ",31.5000885,35.011176
"201","אל קורעאן ב ",31.2296395,35.10205
"202","אל קילא ",31.6116455,35.004847
"203","אל קרישי ",31.2691666,35.089047
"204","אל קרעאן ",31.2620295,35.080557
"205","אל קרעאן דרומית לערד ",31.2264665,35.183196
"206","אל קשכר ",31.1711845,35.093502
"207","אלומה ",31.6520315,34.743285
"208","אלומות ",32.7082059,35.5463205
"209","אלון ",31.8333535,35.353557
"210","אלון הגליל ",32.7570006,35.220052
"211","אלון מורה ",32.2272506,35.3492156
"212","אלון שבות ",31.6643275,35.114553
"213","אלוני אבא ",32.729211,35.170982
"214","אלוני הבשן ",33.0438561,35.8383879
"215","אלוני יצחק ",32.5099965,35.0052
"216","אלונים ",32.7199675,35.144898
"217","אלי-עד ",32.8049809,35.734976
"218","אליאב ",31.52982,34.930978
"219","אליכין ",32.4078249,34.9220145
"220","אליפז ",29.7964095,35.0117386
"221","אליפלט ",32.94797,35.548167
"222","אליקים ",32.6313095,35.067611
"223","אלישיב ",32.380606,34.910079
"224","אלישמע ",32.1539575,34.9264919
"225","אלמגור ",32.9126025,35.6032754
"226","אלמוג ",31.7879765,35.4617375
"227","אלעד ",32.052637,34.9564145
"228","אלעזר ",31.6624105,35.140708
"229","אלפי מנשה ",32.1637265,35.005288
"230","אלקוש ",33.0335481,35.3239164
"231","אלקנה ",31.2085214,34.7884828
"232","אמונים ",31.743756,34.6755975
"233","אמירים ",32.9380664,35.4491336
"234","אמנון ",32.9050934,35.571802
"235","אמציה ",31.532573,34.913869
"236","אניעם ",32.9567375,35.7406115
"237","אספר ",31.587002,35.1901589
"238","אעבלין ",32.827894,35.174408
"239","אעצם ",31.2958155,34.903102
"240","אפיניש ",31.3161825,34.996386
"241","אפיק ",32.7797635,35.7018325
"242","אפיקים ",32.6802345,35.5777715
"243","אפק ",32.838477,35.1278121
"244","אפרת ",31.6656128,35.1633174
"245","אפרתה ",31.75239,35.221945
"246","ארבל ",32.812244,35.4856675
"247","ארגמן ",32.1722275,35.5222129
"248","ארז ",31.55949,34.565899
"249","ארטאס ",31.6899565,35.188236
"250","אריאל ",31.8244063,34.1567282
"251","ארסוף ",32.2093745,34.8165455
"252","ארצי-היכנסו למרחב מוגן ",NA,NA
"253","אשבול ",31.4473745,34.6654445
"254","אשבל ",32.8768045,35.3053629
"255","אשדוד ",31.8082335,34.6581541
"256","אשדות יעקב  (איחוד) ",32.6580961,35.5798165
"257","אשדות יעקב  (מאוחד) ",32.6627285,35.5835955
"258","אשחר ",32.8864315,35.3000005
"259","אשכולות ",31.3909784,34.9050595
"260","אשל הנשיא ",31.3268275,34.697497
"261","אשלים ",30.9645255,34.7016725
"262","אשקלון ",31.6677251,34.5646541
"263","אשקלון - דרום ",31.6677251,34.5646541
"264","אשקלון - צפון ",31.6677251,34.5646541
"265","אשרת ",32.9715484,35.156304
"266","אשתאול ",31.782486,35.0079279
"267","אתגר ",32.8593505,35.256072
"268","אתר דודאים ",31.3195802,34.7286289
"269","באקה ",32.4191113,35.0357895
"270","באקה אל גרבייה ",32.4191113,35.0357895
"271","באקה אל ע’רביה ",32.4191113,35.0357895
"272","באקה ג’ת ",32.4045589,35.047091
"273","באר אורה ",29.7098625,34.984974
"274","באר גנים ",31.7008221,34.6114878
"275","באר טוביה ",31.7344595,34.722009
"276","באר יעקב ",31.9477797,34.840517
"277","באר מילכה ",30.932554,34.4092905
"278","באר שבע ",31.2614413,34.790887
"279","באר שבע - דרום ",31.2614413,34.790887
"280","באר שבע - מזרח ",31.2614413,34.790887
"281","באר שבע - מערב ",31.2614413,34.790887
"282","באר שבע - צפון ",31.262089,34.809288
"283","בארות יצחק ",32.0420589,34.9103885
"284","בארותיים ",32.3204585,34.9818725
"285","בארי ",31.423639,34.4909565
"286","בד פלוח ",31.6692485,35.219529
"287","בודרוס ",31.9676775,34.993693
"288","בווידיעה ",31.6839455,35.228412
"289","בוסתן הגליל ",32.9521655,35.0824711
"290","בועיינה-נוג'ידאת ",32.8124755,35.3739565
"291","בועיינה נוג’יידאת ",32.8124755,35.3739565
"292","בוקעתא ",33.2026567,35.7767723
"293","בורג’ ",NA,NA
"294","בורגתה ",32.3265474,34.9615045
"295","בורהאם ",31.9884775,35.175441
"296","בורוקין ",32.0726125,35.098406
"297","בורין ",32.1846585,35.249229
"298","בורקה ",32.3013645,35.192933
"299","בורקין ",32.4561345,35.261688
"300","בחן ",32.3512816,35.0195255
"301","בטחה ",31.3340975,34.632266
"302","ביאדה בהר חברון ",31.6952835,35.248915
"303","בידו ",31.8344065,35.148239
"304","בידיה ",32.1133655,35.077465
"305","ביכורה ",32.4472135,35.487443
"306","בילעין ",31.9285155,35.070954
"307","ביענה ",32.9293434,35.2790699
"308","ביצרון ",31.7978265,34.7286946
"309","ביר אבו אל חמאם ",31.2222665,34.896634
"310","ביר אל-מכסור ",32.7856399,35.224159
"311","ביר הדאג' ",31.0231595,34.709138
"312","ביר זית ",31.9753135,35.196042
"313","ביר נבאלה ",31.8511815,35.200835
"314","ביריה ",32.9792159,35.500437
"315","בית א אל פוקא ",31.8861805,35.114256
"316","בית א רוש אל פוקא ",31.4526776,34.926241
"317","בית אולא ",31.5984215,35.026375
"318","בית אומר ",31.6228115,35.102199
"319","בית אורן ",32.7318775,35.0055265
"320","בית איבא ",32.2400586,35.212557
"321","בית איג’זא ",31.8475765,35.152859
"322","בית איכסא ",31.8166765,35.180006
"323","בית איענאן ",31.8510646,35.111719
"324","בית אל ",31.9413695,35.2279204
"325","בית אלעזרי ",31.84349,34.801868
"326","בית אלפא ",32.5169685,35.4320531
"327","בית אמין ",32.1318625,35.021907
"328","בית אריה ",32.03295,35.0476606
"329","בית ברל ",32.1997354,34.9260732
"330","בית ג'ן ",32.9657885,35.3790864
"331","בית ג’מאל ",31.7245415,34.976521
"332","בית גוברין ",31.612565,34.896847
"333","בית גמליאל ",31.8582065,34.7617969
"334","בית דגן ",31.9983614,34.8297666
"335","בית דוקו ",31.8594165,35.130739
"336","בית הגדי ",31.425047,34.606871
"337","בית הלוי ",32.3542399,34.932115
"338","בית הלל ",33.2090245,35.6037705
"339","בית העמק ",32.971832,35.1453195
"340","בית הערבה ",31.808859,35.486759
"341","בית השיטה ",32.5512825,35.4399595
"342","בית וזן ",32.2315655,35.214616
"343","בית זיד ",32.7023609,35.131828
"344","בית זית ",31.7838375,35.1656214
"345","בית זרע ",32.6888225,35.5735085
"346","בית חורון ",31.8775099,35.1273824
"347","בית חזון ",32.3869255,34.9133521
"348","בית חלקיה ",31.7931885,34.81189
"349","בית חנינא ",31.8301305,35.225205
"350","בית חנן ",31.933911,34.7699585
"351","בית חנניה ",32.5289595,34.9259565
"352","בית חרות ",32.3794988,34.8705486
"353","בית חשמונאי ",31.8908211,34.9190885
"354","בית יהושע ",32.26148,34.8669499
"355","בית יוסף ",32.559236,35.5507225
"356","בית ינאי ",32.381781,34.8631614
"357","בית יצחק-שער חפר ",32.3334794,34.8898236
"358","בית ירח ",32.7123605,35.574715
"359","בית כאחיל ",31.5705465,35.068931
"360","בית לחם הגלילית ",32.7345175,35.1899475
"361","בית ליד ",32.2615475,35.13028
"362","בית ליקיא ",31.8699365,35.065202
"363","בית מאיר ",31.7928896,35.036954
"364","בית מירסים ",31.4538685,34.91217
"365","בית נחמיה ",31.976824,34.9550584
"366","בית ניר ",31.6483794,34.873543
"367","בית נקופה ",31.8047949,35.126866
"368","בית סוהר השרון ",32.2408422,34.8848165
"369","בית סוהר מגידו ",32.5708622,35.1898259
"370","בית סוריכ ",31.8247505,35.147731
"371","בית סירא ",31.8874295,35.04532
"372","בית סכריא ",31.6628755,35.123008
"373","בית ספר אורט בנימינה ",32.5497387,34.9528783
"374","בית ספר שדה מירון ",33.0114872,35.3922459
"375","בית ע’ור א תחתא ",31.8951805,35.083874
"376","בית ע’ור אל פוקא ",31.8861805,35.114256
"377","בית עובד ",31.9217415,34.772477
"378","בית עוזיאל ",31.870438,34.9045195
"379","בית עזרא ",31.7372495,34.655032
"380","בית עינון ",31.5647376,35.128303
"381","בית עלמין תל רגב ",32.7672379,35.1243861
"382","בית עמרה ",31.4477335,35.053087
"383","בית עריף ",31.9946071,34.935068
"384","בית פג’אר ",31.621635,35.154903
"385","בית פוריכ ",32.1754555,35.336484
"386","בית צבי ",32.0784145,34.8217109
"387","בית קמה ",31.44731,34.7607044
"388","בית קשת ",32.7181025,35.394159
"389","בית רבן ",NA,NA
"390","בית רחאל ",31.6706856,35.178491
"391","בית רימא ",32.0323325,35.103293
"392","בית רימון ",32.7820144,35.328779
"393","בית שאן ",32.501214,35.5021999
"394","בית שיקמה ",31.6379386,34.608175
"395","בית שמש ",31.7277335,34.989648
"396","בית שערים ",32.697537,35.1774255
"397","בית שקמה ",31.6379386,34.608175
"398","בית תעמר ",31.6787185,35.241822
"399","ביתא א תחתא ",31.8951805,35.083874
"400","ביתוניא ",31.8892805,35.169813
"401","ביתילו ",31.9765985,35.114167
"402","ביתין ",31.9264805,35.236911
"403","ביתן אהרן ",32.3648685,34.870095
"404","ביתר עילית ",31.7019045,35.1121105
"405","בלאטה ",32.2072275,35.285928
"406","בלפוריה ",32.6298995,35.2966354
"407","בן זכאי ",31.856077,34.7288715
"408","בן עמי ",33.0065479,35.1254956
"409","בן שמן ",31.9590185,34.927831
"410","בן שמן (כפר נוער) ",31.9590185,34.927831
"411","בני ברק ",32.0887165,34.835384
"412","בני דקלים ",31.518126,34.917342
"413","בני דרום ",31.82118,34.6924049
"414","בני דרור ",32.2621054,34.9011449
"415","בני יהודה ",32.79845,35.6900459
"416","בני יהודה וגבעת יואב ",32.7980686,35.6820396
"417","בני נעים ",31.5148655,35.16534
"418","בני נצרים ",31.1408885,34.3145299
"419","בני עטרות ",32.0241585,34.9149056
"420","בני עי""ש ",31.791471,34.761066
"421","בני ציון ",32.2178798,34.867371
"422","בני ראם ",31.7684064,34.7912239
"423","בניה ",31.8446986,34.748099
"424","בנימינה-גבעת עדה ",32.525651,34.9722554
"425","בנימינה ",32.5199498,34.9456158
"426","בסמ""ה ",32.506227,35.101132
"427","בסמת טבעון ",32.7428446,35.153073
"428","בצרה ",32.212797,34.8800895
"429","בצת ",33.0704774,35.1327256
"430","בקוע ",31.828808,34.9244695
"431","בקעות ",31.7593345,35.220787
"432","בר גיורא ",31.7296975,35.071218
"433","בר יוחאי ",32.9978399,35.4486735
"434","ברד’עה ",31.6904725,35.233739
"435","ברדלה ",32.3865705,35.480025
"436","ברוכין ",32.0822305,35.094113
"437","ברור חיל ",31.5580501,34.648247
"438","ברורים ",31.7680463,34.7807623
"439","ברוש ",31.3697484,34.6335215
"440","ברטעה ",32.4754835,35.091973
"441","ברכה ",32.1928741,35.260194
"442","ברכיה ",31.6709465,34.623791
"443","ברעם ",33.057947,35.4359615
"444","ברק ",32.5416905,35.2650905
"445","ברקאי ",32.4751359,35.028904
"446","ברקן ",32.108665,35.106225
"447","ברקת ",32.0154095,34.9462325
"448","בת הדר ",31.6461865,34.596605
"449","בת חן ",32.3606264,34.871703
"450","בת חפר ",32.3323611,35.0110825
"451","בת ים ",32.0133239,34.7479175
"452","בת עין ",31.6575564,35.101987
"453","בת שלמה ",32.5997835,35.004929
"454","בתיר ",31.7281806,35.138032
"455","ג'לג'וליה ",32.1495925,34.9486275
"456","ג'סר א-זרקא ",32.538476,34.907846
"457","ג'ש (גוש חלב) ",33.023092,35.431121
"458","ג’אלא ",31.6201165,35.07311
"459","ג’אלוד ",32.0695305,35.31549
"460","ג’אניה ",31.9384185,35.123984
"461","ג’בע מצפון לירושלים ",31.8583135,35.260775
"462","ג’בעה ",31.6744666,35.076957
"463","ג’דידה מכר ",32.9313151,35.1422211
"464","ג’האלין ",31.7648985,35.281138
"465","ג’וב א רום ",31.7441435,35.268429
"466","ג’ודירה ",31.8566045,35.197686
"467","ג’והזם ",31.7054455,35.272951
"468","ג’וליס ",32.9413535,35.1803245
"469","ג’וניד ",32.2260755,35.218249
"470","ג’ועארה ",32.5990645,35.10861
"471","ג’ורדיח ",33.0970405,35.221622
"472","ג’וריש ",32.1023295,35.321847
"473","ג’ורת א שמעה ",31.6500245,35.174198
"474","ג’יב ",31.8509886,35.183103
"475","ג’יביא ",31.9971395,35.161111
"476","ג’יוס ",32.2000605,35.033985
"477","ג’ילג’יליא ",32.0313635,35.223285
"478","ג’ינסאפוט ",32.1806315,35.130154
"479","ג’יש ",33.023092,35.431121
"480","ג’ית ",32.2131835,35.170689
"481","ג’לזון ",31.9516115,35.212517
"482","ג’מאלא ",31.9730695,35.092029
"483","ג’מאעין ",32.1320796,35.203342
"484","ג’נאביב ",31.2871555,35.108132
"485","ג’פנא ",31.9634625,35.215092
"486","ג’רון א לוז ",31.5458745,35.173797
"487","גאולי תימן ",32.392585,34.9014391
"488","גאולים ",32.298462,34.946065
"489","גאליה ",31.8850621,34.7667071
"490","גבולות ",31.210295,34.465442
"491","גבים ",31.5063705,34.6014415
"492","גבע ",32.566335,35.3733486
"493","גבע בנימין ",31.8493555,35.2744263
"494","גבע כרמל ",32.662945,34.9523665
"495","גבעולים ",31.3967565,34.5908514
"496","גבעון החדשה ",31.8470885,35.1587581
"497","גבעות ",31.6788985,35.101914
"498","גבעות בר ",31.3556125,34.7587335
"499","גבעות עדן ",31.6621705,35.013876
"500","גבעת אבני ",32.774709,35.4378235
"501","גבעת אלה ",32.721788,35.241828
"502","גבעת אסף ",31.9416122,35.2051307
"503","גבעת ברנר ",31.8663165,34.8036534
"504","גבעת השלושה ",32.098878,34.9202775
"505","גבעת וולפסון ",32.7202415,35.0170555
"506","גבעת וושינגטון ",31.8174965,34.7289
"507","גבעת זאב ",31.8483295,35.1641175
"508","גבעת ח""ן ",32.1681835,34.8724804
"509","גבעת חביבה ",32.457665,35.0178723
"510","גבעת חיים (איחוד) ",32.39968,34.932302
"511","גבעת חיים (מאוחד) ",32.3916616,34.928827
"512","גבעת יואב ",32.7980686,35.6820396
"513","גבעת יערים ",31.7873764,35.094063
"514","גבעת ישעיהו ",31.670608,34.9504485
"515","גבעת כ""ח ",32.0329089,34.940689
"516","גבעת ניל""י ",32.5480851,35.0428094
"517","גבעת סנה יעקב ",32.1779165,35.263443
"518","גבעת עדה ",32.525651,34.9722554
"519","גבעת עוז ",32.555281,35.1979329
"520","גבעת שמואל ",32.0780165,34.8516645
"521","גבעת שמש ",31.7741885,34.95055
"522","גבעת שפירא ",32.3574299,34.876295
"523","גבעתי ",31.7324125,34.6822891
"524","גבעתיים ",32.0703526,34.8093044
"525","גברעם ",31.5917914,34.6121915
"526","גבת ",32.6747386,35.2124295
"527","גדות ",33.0186075,35.6171239
"528","גדיש ",32.5596795,35.245248
"529","גדעונה ",32.5482805,35.359388
"530","גדרה ",31.8145785,34.780042
"531","גולן 4 ",32.7069618,35.3157504
"532","גונן ",33.1241971,35.6457011
"533","גורן ",33.0567491,35.2389875
"534","גורנות הגליל ",33.0595285,35.2502269
"535","גזית ",32.6379774,35.4475939
"536","גזר ",31.87049,34.9248192
"537","גיאה ",31.6253985,34.6052625
"538","גיבתון ",31.8882515,34.800138
"539","גיזו ",31.805218,34.939057
"540","גילון ",32.9036455,35.2366039
"541","גילת ",31.3278036,34.653144
"542","גינוסר ",32.8495036,35.52478
"543","גיניגר ",32.664113,35.2578845
"544","גינתון ",31.963241,34.914353
"545","גיתה ",32.9671674,35.249353
"546","גיתית ",31.8861104,35.0109342
"547","גלאון ",31.633539,34.8487446
"548","גלגל ",32.0000155,35.444643
"549","גליל ים ",32.1556151,34.825816
"550","גלעד ",32.557258,35.0756085
"551","גמזו ",31.929616,34.9406941
"552","גן הדרום ",31.8085646,34.6995725
"553","גן השומרון ",32.4630355,34.9982495
"554","גן חיים ",32.1976255,34.9024749
"555","גן יאשיה ",32.349918,34.9941534
"556","גן יבנה ",31.7913644,34.7005495
"557","גן נר ",32.530634,35.33543
"558","גן שורק ",31.943821,34.7570804
"559","גן שלמה ",31.878022,34.7986829
"560","גן שמואל ",32.454062,34.95038
"561","גנות ",32.017835,34.8296679
"562","גנות הדר ",32.3204344,34.9006006
"563","גני הדר ",31.8780974,34.8576736
"564","גני טל ",31.7881945,34.791243
"565","גני יוחנן ",31.8580225,34.8402214
"566","גני עם ",32.15085,34.9020345
"567","גני תקווה ",32.061258,34.8754055
"568","גניגר ",32.664113,35.2578845
"569","געש ",32.2292006,34.8242065
"570","געתון ",33.0059735,35.2148984
"571","גפן ",31.7415764,34.8774004
"572","גרופית ",29.9394465,35.0652615
"573","גשור ",32.817636,35.718622
"574","גשר ",32.6217924,35.5514305
"575","גשר הזיו ",33.0389234,35.1114795
"576","גת רימון ",32.068303,34.880092
"577","ד’הר אל עבד ",32.449727,35.0928657
"578","ד’הר חלת אל ג’אמיע ",31.6688845,35.202744
"579","דאלית אל-כרמל ",32.69599,35.0510041
"580","דאר אל חנון ",32.4917575,35.065566
"581","דבורה ",32.5535275,35.2645125
"582","דבוריה ",32.68957,35.3669895
"583","דבירה ",31.4126684,34.8243395
"584","דברת ",32.6475029,35.350178
"585","דגניה א' ",32.7072299,35.574352
"586","דגניה ב' ",32.6998335,35.57463
"587","דהיישה מחנה פליטים ",31.6935155,35.184562
"588","דהרייה ",31.4096375,34.975508
"589","דוב""ב ",33.0518845,35.406107
"590","דולב ",31.9262485,35.133591
"591","דומא ",32.0556365,35.367338
"592","דומא במרכז שומרון ",32.2624745,35.185667
"593","דור ",32.6072055,34.9235706
"594","דורא ",31.5050925,35.027527
"595","דורא אל קריע ",31.9585185,35.225893
"596","דורות ",31.506123,34.64596
"597","דחי ",32.6210445,35.3441805
"598","דייר אל-אסד ",32.944313,35.2749165
"599","דייר חנא ",32.8641421,35.3676535
"600","דייר ראפאת ",31.7765295,34.947439
"601","דימונה ",31.018723,35.09576
"602","דיר א סודאן ",32.0318825,35.148975
"603","דיר אבו משעל ",32.0000395,35.070422
"604","דיר איבזיע ",31.9161536,35.120532
"605","דיר איסתיא ",32.1307615,35.140136
"606","דיר אל חטב ",32.2168815,35.319464
"607","דיר בלוט ",32.0650325,35.025549
"608","דיר ג’ריר ",31.9656115,35.293776
"609","דיר דיבוואן ",31.9112045,35.268988
"610","דיר כרמיזן ",31.7271035,35.172569
"611","דיר ניזאם ",32.0028225,35.113728
"612","דיר סאמת ",31.5199285,34.972671
"613","דיר ע’סאנה ",32.0463735,35.098124
"614","דיר עמאר ",31.9669305,35.09976
"615","דיר קדיס ",31.9485615,35.045121
"616","דיר ראזח ",31.4727509,35.0407184
"617","דיר שרף ",32.2545776,35.191041
"618","דישון ",33.0824871,35.5190324
"619","דליה ",32.5895405,35.0739136
"620","דלית אל כרמל ",32.69599,35.0510041
"621","דלתון ",33.016631,35.4892865
"622","דמיידה ",32.8141955,35.226947
"623","דן 156 צפון תל אביב ",32.096755,34.7937803
"624","דן 158 דרום תל אביב ",32.096755,34.7937803
"625","דן 159 מזרח תל אביב ",32.0963712,34.7920356
"626","דניאל ",NA,NA
"627","דפנה ",33.2300325,35.6385991
"628","דקל ",31.196468,34.3478439
"629","דרום השפלה 187 ",31.7278699,34.936689
"630","דריג'את ",31.3018846,35.076793
"631","האון ",32.7264595,35.6229476
"632","האשימיה ",32.4652135,35.221276
"633","הבונים ",32.637162,34.933407
"634","הגושרים ",33.2201709,35.6230576
"635","הדר עם ",32.3494611,34.900045
"636","הוד השרון ",32.14595,34.891546
"637","הודיה ",31.67292,34.6420335
"638","הודיות ",32.7886105,35.435
"639","הוואשלה ",31.0922265,34.979069
"640","הוזייל ",31.4146606,34.7614748
"641","הושעיה ",32.7583735,35.29276
"642","הזורע ",32.6430235,35.119371
"643","הזורעים ",32.746258,35.5017935
"644","החותרים ",32.7524186,34.9572376
"645","היוגב ",32.6112399,35.2055255
"646","הילה ",33.035967,35.244291
"647","הכפר הירוק ",32.1351715,34.829305
"648","המכללה האקדמית כנרת ",NA,NA
"649","המעפיל ",32.377769,34.9835834
"650","הסוללים ",32.7510626,35.2373509
"651","העוגן ",32.3628044,34.9236844
"652","הר אדר ",31.8263731,35.129624
"653","הר גילה ",31.7224865,35.1694585
"654","הר גריזים ",32.2005551,35.2733333
"655","הר עמשא ",31.3432165,35.1011545
"656","הראל ",31.809577,34.9490304
"657","הרדוף ",32.7634985,35.1734815
"658","הרצליה ",32.1731044,34.8280035
"659","הרצליה - מערב ",32.1731044,34.8280035
"660","הרצליה - מרכז וגליל ים ",32.1731045,34.8280035
"661","הרצליה - פיתוח ",32.1742015,34.802932
"662","הררית ",32.845644,35.3685975
"663","ואדי אל נעם ",32.7199065,35.349218
"664","ואדי אל נעם דרום ",31.4073442,34.7574287
"665","ואדי אל עראיס ",31.7081695,35.264634
"666","ואדי פוכין ",31.7072715,35.104193
"667","ואדיח ",31.5045885,35.00485
"668","ורד הגליל ",32.9047505,35.551013
"669","ורד יריחו ",31.826984,35.4322771
"670","ורדון ",31.6638845,34.7819125
"671","ורדים מוסד חינוכי ",32.2187629,34.8560346
"672","זאוויה ",32.0946705,35.039276
"673","זבארגה ",31.2364486,35.03419
"674","זבדיאל ",31.6599209,34.76289
"675","זובובא ",32.5436445,35.223939
"676","זובידאת ",32.1759163,35.5337419
"677","זוהר ",31.593985,34.693213
"678","זוואתא ",32.2459715,35.227112
"679","זיבדה ",32.4494245,35.131265
"680","זיף ",31.4669809,35.1318835
"681","זיקים ",31.6086824,34.5211984
"682","זיתא ",32.3851436,35.051419
"683","זיתא ליד באקה אל ע’רביה ",32.3851436,35.051419
"684","זיתן ",31.9748405,34.8888939
"685","זכרון יעקב ",32.5652884,34.9653615
"686","זכריה ",31.7092394,34.9446629
"687","זמר ",32.3617605,35.0329664
"688","זמרת ",31.4472805,34.553848
"689","זמרת ושובה ",31.4472805,34.553848
"690","זנוח ",31.7316691,34.9989055
"691","זעתרה ",31.6744435,35.255091
"692","זרועה ",31.4590571,34.623089
"693","זרזיר ",32.724121,35.2238295
"694","זרחיה ",31.682231,34.746495
"695","זרעית ",33.1002685,35.2886345
"696","ח'ואלד ",32.758826,35.15831
"697","ח'וואלד ",32.758826,35.15831
"698","ח’וארה ",32.1513125,35.256799
"699","ח’ירבת א טורם ",32.4617135,35.190302
"700","ח’ירבת א טייבה ",32.5186975,35.180428
"701","ח’ירבת א טירה ",31.9107905,35.18164
"702","ח’ירבת א נבי אליאס ",32.1846315,35.016089
"703","ח’ירבת אבו פלאח ",32.0136305,35.302612
"704","ח’ירבת אל אשקר ",32.1402105,35.020122
"705","ח’ירבת אל מיסבאח ",31.8852655,35.072073
"706","ח’ירבת אל עכאבה ",32.4488595,35.082009
"707","ח’ירבת זיתא ",31.5592735,35.123932
"708","ח’ירבת כרמה ",31.4497825,35.026095
"709","ח’ירבת מועאוויה ",32.5315955,35.093327
"710","ח’ירבת סיר ",32.1968785,35.05994
"711","ח’ירבת ספא ",31.6426165,35.100808
"712","ח’ירבת עסלה ",32.1718295,35.032959
"713","ח’ירבת קיס ",32.0631465,35.177798
"714","ח’ירבת ראס א טירה ",32.1617135,35.010221
"715","ח’ירבת ראס עטיה ",32.1588535,34.991489
"716","ח’ירבתא ",31.9453986,35.072502
"717","ח’לת אל פולה ",32.1559635,35.470916
"718","ח’ראס ",31.6122175,35.044251
"719","ח’רזאן ",31.7335535,35.269247
"720","ח’רסה ",31.4826895,35.015788
"721","ח’שם אל כרם ",31.4100805,35.22997
"722","חארס ",32.1134145,35.143716
"723","חבלה ",32.1638435,34.97828
"724","חבצלת השרון ",32.3593451,34.8624625
"725","חבר ",32.547712,35.263746
"726","חברון ",31.739095,35.2121711
"727","חג'אג'רה ",32.7452075,35.198906
"728","חג’ה ",32.2014555,35.131415
"729","חגור ",32.1375555,34.9465584
"730","חגי ",31.4924879,35.0801746
"731","חגלה ",32.3855984,34.925105
"732","חד-נס ",32.9321431,35.6398625
"733","חדיד ",31.9682711,34.9307015
"734","חדרה ",32.4406399,34.9238165
"735","חדרה - מזרח ",32.4406399,34.9238165
"736","חדרה - מערב ",32.4382307,34.8993371
"737","חדרה - מרכז ",32.44064,34.9238166
"738","חדרה - נווה חיים ",32.4495715,34.907662
"739","חוג’ייראת ",32.8351655,35.289241
"740","חוג’ילה ",31.7094585,35.253381
"741","חוות גלעד ",32.1996265,35.181436
"742","חוות דושן ",32.5482745,35.538524
"743","חוות יזרעם ",31.4429626,34.571844
"744","חוות עדן ",32.4658035,35.486637
"745","חוות שיקמים ",31.5112745,34.633864
"746","חוות שלם ",32.0396005,34.822714
"747","חוות שפעה ",32.4496875,35.535572
"748","חולדה ",31.8311671,34.8818439
"749","חולון ",32.0133808,34.7812093
"750","חולית ",31.23004,34.3267411
"751","חולתה ",33.0513845,35.610094
"752","חוסאן ",31.7084255,35.133425
"753","חוסן ",32.9986275,35.2960755
"754","חוסנייה ",32.9012455,35.321258
"755","חופית ",32.385757,34.8755282
"756","חוקוק ",32.8798715,35.4950805
"757","חורה ",31.2955784,34.940497
"758","חורפיש ",33.0229845,35.3451584
"759","חורשים ",32.138416,34.970238
"760","חזון ",32.905703,35.393833
"761","חי-בר יטבתה ",29.8461746,35.0294647
"762","חיבת ציון ",32.397264,34.9137071
"763","חיזמא ",31.8364605,35.263231
"764","חיננית ",32.4814815,35.167567
"765","חיפה ",32.7996224,35.016776
"766","חלוץ ",32.9505495,35.312278
"767","חלחול ",31.5798893,35.0999042
"768","חלמיש ",32.0065105,35.125159
"769","חלץ ",31.5771965,34.6587029
"770","חמאם ",32.830528,35.489235
"771","חמד ",32.0188855,34.8376745
"772","חמדיה ",32.519864,35.5197915
"773","חמדת ",32.2516965,35.5269735
"774","חמדת ימים ",32.9486985,35.424585
"775","חמרה ",32.1992761,35.4355605
"776","חמת גדר ",32.6833581,35.6647332
"777","חניאל ",32.3331206,34.9487035
"778","חניתה ",33.087309,35.17406
"779","חנתון ",32.7838055,35.2448986
"780","חסכה ",31.5651915,35.091385
"781","חספין ",32.8452054,35.793082
"782","חפץ חיים ",31.7887894,34.8011815
"783","חפצי-בה ",32.518864,35.425948
"784","חפר 148 ",32.3417119,34.8984018
"785","חצב ",31.7824135,34.7697325
"786","חצבה ",30.76713,35.2739275
"787","חצור-אשדוד ",31.775121,34.7194555
"788","חצור ",32.985147,35.5401935
"789","חצור הגלילית ",32.985147,35.5401935
"790","חצרים ",31.239215,34.716239
"791","חרב לאת ",32.4024316,34.917435
"792","חרוצים ",32.2281892,34.8636491
"793","חרות ",32.2403081,34.91468
"794","חריש ",32.4610003,35.0567529
"795","חרמלה ",31.6612464,35.2218201
"796","חרמש ",32.42325,35.1189896
"797","חרשים ",32.956371,35.3285415
"798","חשמונאים ",31.9309214,35.0238726
"799","טבריה ",32.782698,35.52905
"800","טובא-זנגריה ",32.964856,35.589887
"801","טורה על ע’רביה ",32.4695155,35.151602
"802","טורעאן ",32.774987,35.3818125
"803","טייבה ",32.2616036,34.999281
"804","טייבה ליד מולדת ",32.6030136,35.4457815
"805","טייבה ליד עפרה ",31.9581135,35.298483
"806","טירה ",32.233012,34.9601645
"807","טירה ליד בית חורון ",31.8699475,35.125587
"808","טירת יהודה ",32.0128525,34.934372
"809","טירת כרמל ",32.764342,34.9684699
"810","טירת צבי ",32.4209814,35.5277755
"811","טל-אל ",32.9261834,35.1784815
"812","טל מנשה ",32.4831235,35.160699
"813","טל שחר ",31.8055426,34.9019645
"814","טללים ",30.9929,34.7709055
"815","טלמון ",31.9394746,35.133131
"816","טמרה ",32.8502865,35.177221
"817","טמרה (יזרעאל) ",32.6343095,35.4044136
"818","טנא ",31.3748325,34.9573675
"819","טפחות ",32.8678459,35.4228729
"820","יאמון ",32.4866765,35.233592
"821","יאנוח-ג'ת ",32.9786209,35.244815
"822","יאנון ",32.1453345,35.355599
"823","יאסוף ",32.1093705,35.239715
"824","יבול ",31.1892995,34.3177805
"825","יבור ",32.8973165,35.175737
"826","יבנאל ",32.7100585,35.511988
"827","יבנה ",31.8806838,34.7339136
"828","יברוד ",31.9752865,35.243822
"829","יגור ",32.7415995,35.076898
"830","יגל ",31.988265,34.879657
"831","יד בנימין ",31.7971735,34.8217669
"832","יד השמונה ",31.809954,35.0894305
"833","יד חנה ",32.3261819,35.0058661
"834","יד מרדכי ",31.589037,34.5576449
"835","יד נתן ",31.654395,34.705261
"836","יד רמב""ם ",31.900349,34.9018265
"837","ידידה ",31.8122805,35.104639
"838","יהוד-מונוסון ",32.0309669,34.887581
"839","יהודה 205 ",31.9512505,35.2660476
"840","יהל ",30.083673,35.128181
"841","יובל ",33.2432995,35.5989725
"842","יובלים ",32.8775039,35.2708255
"843","יודפת ",32.836999,35.271918
"844","יונתן ",32.93903,35.794893
"845","יוקנעם ",32.6571359,35.1153181
"846","יוקנעם עילית ",32.655368,35.0884011
"847","יושיביה ",31.444491,34.609785
"848","יזרעאל ",32.5616544,35.321591
"849","יחד ",32.8459785,35.360748
"850","יחיעם ",32.9970075,35.2202319
"851","יטא יוטה ",31.4441495,35.090105
"852","יטבתה ",29.8955869,35.0590104
"853","ייט""ב ",31.948263,35.4229755
"854","יכיני ",31.4827316,34.6011976
"855","ים המלח בתי מלון ",31.5371797,35.4902883
"856","ימין אורד ",32.7017975,34.9878
"857","ינוב ",32.3064854,34.9480839
"858","ינוח-ג'ת ",32.9786209,35.244815
"859","ינון ",31.738415,34.78416
"860","יסוד המעלה ",33.0609239,35.6046765
"861","יסודות ",31.8157655,34.8637495
"862","יסעור ",32.900553,35.1658504
"863","יעבד ",32.4468335,35.167274
"864","יעד ",32.878655,35.244069
"865","יעל ",NA,NA
"866","יעף ",32.2674404,34.967121
"867","יערה ",33.066775,35.18375
"868","יערות הכרמל ",32.7161091,34.9965169
"869","יפיע ",32.6835429,35.2709725
"870","יפית ",32.0631289,35.4747324
"871","יפעת ",32.6772201,35.2244009
"872","יפתח ",33.1277855,35.5498421
"873","יצהר ",32.1649466,35.2350119
"874","יציץ ",31.8633079,34.860583
"875","יקום ",32.2499656,34.8412091
"876","יקיר ",32.1482875,35.1100115
"877","יראון ",33.0764655,35.45482
"878","ירדנה ",32.5652925,35.5632725
"879","ירוחם ",30.9866729,34.916939
"880","ירושלים ",31.7963186,35.175359
"881","ירושלים - אזור תעשייה עטרות ",31.85502,35.218686
"882","ירושלים - דרום ",31.7963186,35.175359
"883","ירושלים - כפר עקב ",31.8747049,35.2275397
"884","ירושלים - מזרח ",31.7963186,35.175359
"885","ירושלים - מערב ",31.7963186,35.175359
"886","ירושלים - מרכז ",31.7963186,35.175359
"887","ירושלים - צפון ",31.7963186,35.175359
"888","ירושלים - צפון ואלונים ",31.7963186,35.175359
"889","ירחיב ",32.1541555,34.968904
"890","יריחו ",31.8594722,35.4645078
"891","ירכא ",32.9600645,35.210859
"892","ירקונה ",32.1437205,34.8991991
"893","ישובי אומן ",32.5634535,35.24248
"894","ישובי יעל ",32.55137,35.3074255
"895","ישע ",31.247755,34.4014755
"896","ישעי ",31.7508255,34.96424
"897","ישרש ",31.9154431,34.846784
"898","יתד ",31.2061345,34.32613
"899","יתמא ",32.1077465,35.268147
"900","כאבול ",32.8766485,35.2042935
"901","כאוכב אבו אל-היג'א ",32.829475,35.2509515
"902","כברי ",33.021039,35.149237
"903","כדורי ",32.7062395,35.406304
"904","כובר ",31.9860229,35.1385262
"905","כוויזבא ",31.6039115,35.152208
"906","כוחלה ",31.2871116,35.048572
"907","כוחלה מכחול ",31.2871116,35.048572
"908","כוכב השחר ",31.9602635,35.349421
"909","כוכב יאיר ",32.2201335,34.9950665
"910","כוכב יאיר - צור יגאל ",32.2145115,34.989101
"911","כוכב יעקב ",31.880189,35.2437545
"912","כוכב מיכאל ",31.6294461,34.6692325
"913","כופיראת ",32.3717286,35.341252
"914","כור ",32.2352895,35.097373
"915","כורזים ",32.9105261,35.550423
"916","כורזים ורד הגליל ",32.9053416,35.5470553
"917","כחל ",32.8900455,35.5115775
"918","כינרת מושבה ",32.7396056,35.5578436
"919","כינרת קבוצה ",32.7133725,35.5614085
"920","כיסופים ",31.3748035,34.3987484
"921","כיסרא סומיע ",32.9717,35.2954015
"922","כיסרא סמיע ",32.9717,35.2954015
"923","כיפל חארת ",32.1168895,35.156964
"924","כישור ",32.945831,35.250226
"925","כלא דמון ",32.7332388,35.0233539
"926","כליל ",32.9816176,35.197101
"927","כלנית ",32.875043,35.4536474
"928","כמאנה ",32.9096667,35.3450019
"929","כמהין ",30.910501,34.4313666
"930","כמון ",32.9127015,35.359388
"931","כנות ",31.4322689,34.4427413
"932","כנף ",32.8702395,35.6973271
"933","כסייפה ",31.2396324,35.0905245
"934","כסייפה והפזורה ",31.2396324,35.0905246
"935","כסיפה ",31.2396324,35.0905245
"936","כסלון ",31.774366,35.0505076
"937","כעאבנה ",31.5446795,35.256736
"938","כעביה-טבאש-חג'אג'רה ",32.749939,35.184848
"939","כעביה ",32.7588595,35.184205
"940","כעביה טבאש ",32.7488625,35.184271
"941","כפר א דיכ ",32.0686007,35.0811078
"942","כפר אביב ",31.8317515,34.7197404
"943","כפר אדומים ",31.8224025,35.325381
"944","כפר אוריה ",31.7923861,34.947352
"945","כפר אז”ר ",32.0577652,34.8423226
"946","כפר אחים ",31.7455075,34.7553565
"947","כפר אלדד ",31.6539525,35.250995
"948","כפר ביאליק ",32.821499,35.1007885
"949","כפר ביל""ו ",31.8726545,34.829693
"950","כפר בלום ",33.172328,35.6066025
"951","כפר בן נון ",31.861001,34.9474846
"952","כפר ברא ",32.1287775,34.9753646
"953","כפר ברוך ",32.6460175,35.1907171
"954","כפר ג’מאל ",32.2261015,35.047203
"955","כפר גדעון ",32.6438401,35.2910261
"956","כפר גלים ",32.7661495,34.959511
"957","כפר גליקסון ",32.5056829,35.0049105
"958","כפר גלעדי ",33.2421781,35.5754526
"959","כפר דאן ",32.4779766,35.253787
"960","כפר דניאל ",31.933019,34.932786
"961","כפר האורנים ",31.9196121,35.038281
"962","כפר הארנים ",31.9196121,35.038281
"963","כפר החורש ",32.701404,35.273488
"964","כפר המכבי ",32.79003,35.1150965
"965","כפר הנגיד ",31.8877665,34.7492975
"966","כפר הנוער הדתי ",32.7428965,35.09615
"967","כפר הנוער ימין אורד ",32.7017975,34.9878
"968","כפר הנשיא ",32.9764105,35.6008935
"969","כפר הס ",32.2462419,34.9341671
"970","כפר הרא""ה ",32.3900385,34.9119155
"971","כפר הרי''ף וצומת ראם ",31.7695387,34.7340673
"972","כפר הרי""ף ",31.7438356,34.7947419
"973","כפר ויתקין ",32.3822145,34.8794445
"974","כפר ורבורג ",31.7192469,34.7243919
"975","כפר ורדים ",33.000268,35.26062
"976","כפר זוהרים ",31.6226305,34.925669
"977","כפר זיבאד ",32.2252615,35.070676
"978","כפר זיתים ",32.8114235,35.4629424
"979","כפר חב""ד ",31.9880875,34.8516894
"980","כפר חיטים ",32.8011625,35.5053525
"981","כפר חיים ",32.3565545,34.897966
"982","כפר חנניה ",32.9154044,35.423417
"983","כפר חסידים א' ",32.751098,35.094092
"984","כפר חסידים ב' ",32.7492255,35.0908395
"985","כפר חרוב ",32.7629764,35.6647761
"986","כפר טבאש ",32.7480155,35.171925
"987","כפר טרומן ",31.9796965,34.924122
"988","כפר יאסיף ",32.9501741,35.1604509
"989","כפר ידידיה ",32.3464526,34.8940206
"990","כפר יהושע ",32.683821,35.1514906
"991","כפר יובל ",33.2432995,35.5989725
"992","כפר יונה ",32.323707,34.9255086
"993","כפר יחזקאל ",32.5668535,35.3595726
"994","כפר יעבץ ",32.2734364,34.964609
"995","כפר כמא ",32.71963,35.4332224
"996","כפר כנא ",32.753169,35.3455005
"997","כפר לאקף ",32.1824055,35.090541
"998","כפר מאליכ ",31.9902015,35.310221
"999","כפר מונש ",32.3477669,34.9160405
"1000","כפר מימון ",31.4328755,34.535252
"1001","כפר מימון ותושיה ",31.4328755,34.535252
"1002","כפר מיסר ",32.6433485,35.420842
"1003","כפר מל""ל ",32.1676809,34.8943739
"1004","כפר מנדא ",32.806258,35.2612525
"1005","כפר מנחם ",31.729724,34.8337116
"1006","כפר מסריק ",32.890588,35.0994009
"1007","כפר מרדכי ",31.8310255,34.755768
"1008","כפר נהר הירדן ",32.768294,35.435627
"1009","כפר נוער בן שמן ",31.9590185,34.927831
"1010","כפר נוער עדנים ",32.1390985,34.906199
"1011","כפר נחום ",32.8803295,35.573307
"1012","כפר נטר ",32.2757749,34.871533
"1013","כפר ניעמה ",31.9244365,35.096925
"1014","כפר סאלד ",33.1950795,35.6574289
"1015","כפר סבא ",32.179595,34.9207583
"1016","כפר סור ",32.2440316,35.064616
"1017","כפר סילבר ",31.6756685,34.612311
"1018","כפר סירקין ",32.0767164,34.9228276
"1019","כפר עבודה ",32.2557305,34.939669
"1020","כפר עבוש ",32.2235395,35.083435
"1021","כפר עזה ",31.4834635,34.533009
"1022","כפר עין ",32.0451235,35.123807
"1023","כפר עציון ",31.64929,35.115063
"1024","כפר עקב ",31.8747049,35.2275397
"1025","כפר פינס ",32.4839884,35.0019444
"1026","כפר קאסם ",32.1194579,34.9684525
"1027","כפר קדום ",32.2227145,35.143133
"1028","כפר קוד ",32.4575085,35.227727
"1029","כפר קיש ",32.6678364,35.4511275
"1030","כפר קליל ",32.9816176,35.197101
"1031","כפר קרע ",32.50529,35.047132
"1032","כפר ראש הנקרה ",33.086191,35.1156505
"1033","כפר רופין ",32.457696,35.5567319
"1034","כפר רות ",31.9091589,35.0352785
"1035","כפר שמאי ",32.957115,35.4589175
"1036","כפר שמואל ",31.8890425,34.9334264
"1037","כפר שמריהו ",32.1860724,34.8262471
"1038","כפר ת’ולת ",32.1527985,35.04529
"1039","כפר תבור ",32.6846205,35.4221325
"1040","כפר תפוח ",32.1176191,35.2496959
"1041","כפר תקווה ",32.701338,35.115035
"1042","כרזה ",31.4409605,34.99744
"1043","כרי דשא ",32.9267229,35.5516035
"1044","כרכום ",32.930156,35.6077089
"1045","כרכור ",32.47489,34.9782499
"1046","כרם ביבנה ",31.8199341,34.7226127
"1047","כרם בן זמרה ",33.0375156,35.4664145
"1048","כרם בן שמן ",31.9586779,34.9339324
"1049","כרם יבנה ",31.8199341,34.7226127
"1050","כרם מהר""ל ",32.6461645,34.991709
"1051","כרם עמי ",31.52982,34.930978
"1052","כרם שלום ",31.2276045,34.284601
"1053","כרמי יוסף ",31.845866,34.9184285
"1054","כרמי צור ",31.609445,35.101301
"1055","כרמי קטיף ",31.5378245,34.911993
"1056","כרמיאל ",32.9112925,35.3115249
"1057","כרמיה ",31.6052454,34.5415296
"1058","כרמיל ",31.4222335,35.134154
"1059","כרמים ",31.333894,34.917848
"1060","כרמית ",31.3321815,34.896813
"1061","כרמל ",32.8026295,34.983837
"1062","לב יתיר ",31.3477925,35.060671
"1063","לבון ",32.942886,35.285843
"1064","לביא ",32.7887475,35.442765
"1065","לבנים ",32.8628485,35.4964015
"1066","להב ",31.379032,34.86984
"1067","להבות הבשן ",33.140549,35.64826
"1068","להבות חביבה ",32.3943025,35.010692
"1069","להבים ",31.36909,34.812109
"1070","לובאן שרקיה ",32.0707445,35.242027
"1071","לוד ",31.9535755,34.8943665
"1072","לוזית ",31.687536,34.8867501
"1073","לוחמי הגיטאות ",32.9628374,35.0984955
"1074","לוטם ",32.8830195,35.3576765
"1075","לוטן ",29.9885731,35.087987
"1076","לטרון ",31.8327215,34.97981
"1077","לימן ",33.0591225,35.1138335
"1078","לכיש ",31.562406,34.8416729
"1079","לפיד ",31.9178914,35.0323525
"1080","לפידות ",32.9590049,35.2621849
"1081","לקיה ",31.324195,34.8699775
"1082","לקיה והפזורה ",31.324195,34.8699774
"1083","מאור ",32.424546,35.006559
"1084","מאיר שפיה ",32.5912213,34.9710703
"1085","מבוא ביתר ",31.7227325,35.1048591
"1086","מבוא דותן ",32.4201215,35.1759891
"1087","מבוא חורון ",31.8473395,35.037008
"1088","מבוא חמה ",32.7374839,35.655483
"1089","מבוא מודיעים ",31.9350715,34.9862876
"1090","מבואות ים ",32.4016965,34.866797
"1091","מבואות יריחו ",31.9077979,35.4174179
"1092","מבועים ",31.448783,34.6530469
"1093","מבחור ",31.6199267,34.7701548
"1094","מבטחים ",31.2412965,34.4076461
"1095","מבטחים עמיעוז ישע ",31.2483075,34.4120905
"1096","מבקיעים ",31.6223895,34.5772195
"1097","מבשרת ציון ",31.7966965,35.1518804
"1098","מג'ד אל-כרום ",32.915679,35.229347
"1099","מג'דל שמס ",33.2690956,35.772122
"1100","מג’ד ",31.4807735,34.951094
"1101","מגאר ",32.8733075,35.4155614
"1102","מגדים ",32.729338,34.9570295
"1103","מגדל ",32.8363539,35.495053
"1104","מגדל העמק ",32.6797404,35.2467935
"1105","מגדל עוז ",31.6399354,35.1428584
"1106","מגדל תפן ",32.9751455,35.2754755
"1107","מגדלים ",32.0904831,35.3419725
"1108","מגידו ",32.5800195,35.1799315
"1109","מגל ",32.385005,35.03343
"1110","מגן ",31.2986895,34.4272655
"1111","מגן שאול ",32.521065,35.3075854
"1112","מגשימים ",32.049609,34.895483
"1113","מדמא ",32.0262999,35.0337983
"1114","מדרך עוז ",32.5971066,35.158467
"1115","מדרשת בן גוריון ",30.8521197,34.7820196
"1116","מודיעין-מכבים-רעות ",31.8952745,34.98807
"1117","מודיעין ",31.8952745,34.98807
"1118","מודיעין - ישפרו סנטר ",31.8898011,34.9628105
"1119","מודיעין - ליגד סנטר ",31.9217515,34.9681013
"1120","מודיעין עילית ",31.9329695,35.0473064
"1121","מוח’מאס ",31.8711295,35.277797
"1122","מולדה ",31.2610705,34.975564
"1123","מולדת ",32.5871205,35.4399345
"1124","מוע’ייר ",32.4217005,35.386433
"1125","מועאוויה ",32.5319425,35.102853
"1126","מועסכר אל ערוב ",31.6226015,35.138126
"1127","מועצה אזורית אשכול ",31.2528662,34.4471161
"1128","מועצה אזורית דרום השרון ",32.1335385,34.910989
"1129","מוצא עילית ",31.7922369,35.1575881
"1130","מוקייבלה ",32.514422,35.2949365
"1131","מורן ",32.9205475,35.3940479
"1132","מורשת ",32.8272679,35.2341325
"1133","מזאריע א נובאני ",32.0486075,35.167176
"1134","מזור ",32.051183,34.925621
"1135","מזכרת בתיה ",31.8407815,34.8443814
"1136","מזרע ",32.65049,35.285987
"1137","מזרעה ",32.9842929,35.098807
"1138","מזרעה א שרקיה ",32.0032375,35.276132
"1139","מזרעה אל קיבליה ",31.9516005,35.150742
"1140","מחולה ",32.3657605,35.515604
"1141","מחניים ",32.9885475,35.5705511
"1142","מחסיה ",31.7478261,35.0069879
"1143","מטווח ניר עם ",31.5123126,34.5545017
"1144","מטולה ",33.269263,35.5760915
"1145","מטע ",31.7177145,35.0632326
"1146","מי עמי ",32.502933,35.1437036
"1147","מידיה ",31.9360925,35.004574
"1148","מיטב ",32.546892,35.300938
"1149","מייסר ",32.4474385,35.0441101
"1150","מיניה ",31.6199904,35.220977
"1151","מיצר ",32.768473,35.736489
"1152","מירב ",32.4521545,35.4224056
"1153","מירון ",32.987944,35.438942
"1154","מישר ",31.8188266,34.75518
"1155","מיתר ",31.3237486,34.935203
"1156","מכורה ",32.165092,35.4236425
"1157","מכחול ",31.2885145,35.075736
"1158","מכללת ספיר ",31.5090643,34.5944391
"1159","מכמורת ",32.405747,34.8726429
"1160","מכמנים ",32.9062005,35.3273471
"1161","מלאה ",32.5630945,35.235457
"1162","מלילות ",31.3893575,34.594489
"1163","מלכיה ",33.097776,35.5103471
"1164","מלכישוע ",32.4386115,35.413252
"1165","ממשית ",31.025668,35.064281
"1166","מנוחה ",31.6569911,34.7751244
"1167","מנוף ",32.854117,35.237182
"1168","מנות ",33.0384039,35.194624
"1169","מנזר לטרון ",31.8327215,34.97981
"1170","מנחמיה ",32.6593444,35.553217
"1171","מנחת מחניים ",32.9769392,35.5730341
"1172","מנסורה ",32.5081685,35.094256
"1173","מנרה ",33.1973405,35.5462575
"1174","מנשיה ",32.0619535,34.761589
"1175","מנשית זבדה ",32.7056885,35.1937431
"1176","מסד ",32.8442124,35.4238406
"1177","מסדה ",32.682953,35.5979145
"1178","מסחה ",32.1072635,35.050974
"1179","מסילות ",32.4949335,35.4748406
"1180","מסילת ציון ",31.801832,35.01118
"1181","מסלול ",31.3230576,34.588327
"1182","מסעדה ",33.2321154,35.7555991
"1183","מסעודין אל-עזאזמה ",31.1992635,34.817449
"1184","מעברות ",32.3634805,34.9046479
"1185","מעגלים ",31.3965756,34.5987645
"1186","מעגלים גבעולים מלילות ",31.3967565,34.5908514
"1187","מעגן ",32.7059065,35.6015434
"1188","מעגן מיכאל ",32.5556519,34.9155985
"1189","מעוז חיים ",32.4933954,35.5503535
"1190","מעון ",31.413704,35.1648785
"1191","מעון צופיה ",31.855517,34.7374628
"1192","מעונה ",33.017219,35.2592935
"1193","מעיין ברוך ",33.240483,35.6073735
"1194","מעיין צבי ",32.5668855,34.940559
"1195","מעיליא ",33.0268211,35.258061
"1196","מעין ",NA,NA
"1197","מעלה אדומים ",31.786368,35.324426
"1198","מעלה אפרים ",32.0773655,35.4042746
"1199","מעלה גלבוע ",32.4769865,35.4197279
"1200","מעלה גמלא ",32.887397,35.6826449
"1201","מעלה החמישה ",31.81809,35.1104655
"1202","מעלה לבונה ",32.0547589,35.2407845
"1203","מעלה מכמש ",31.8791305,35.305902
"1204","מעלה עירון ",32.5496519,35.1756835
"1205","מעלה עמוס ",31.6012305,35.2250729
"1206","מעלה שביט ",32.4883192,34.9130043
"1207","מעלה שומרון ",32.1663725,35.069552
"1208","מעלות-תרשיחא ",33.0142325,35.273306
"1209","מענית ",32.456388,35.0286855
"1210","מעסרה ",NA,NA
"1211","מעש ",32.0618956,34.887924
"1212","מפלסים ",31.501525,34.5640385
"1213","מפעלי אבשלום ",31.4411991,34.7568468
"1214","מפעלי גלבוע ",32.5684382,35.3771315
"1215","מפעלי מעון ",31.413704,35.1648785
"1216","מפעלי שאן ",32.496991,35.518722
"1217","מצד שמעון ",31.6018675,35.196727
"1218","מצדה ",31.3108796,35.363052
"1219","מצדות יהודה ",31.3654374,35.1125124
"1220","מצובה ",33.0627275,35.1577706
"1221","מצוקי דרגות ",31.5910075,35.393344
"1222","מצליח ",31.9076465,34.8747065
"1223","מצפה ",32.790956,35.5098555
"1224","מצפה אבי""ב ",32.83559,35.199203
"1225","מצפה אילן ",32.4596405,35.067258
"1226","מצפה יריחו ",31.81845,35.397716
"1227","מצפה נטופה ",32.8025641,35.386005
"1228","מצפה רמון ",30.621129,34.81849
"1229","מצפה שלם ",31.5672355,35.4021609
"1230","מצר ",32.4400464,35.048446
"1231","מקווה ישראל ",32.0626431,34.7758849
"1232","מראח אל בקר ",31.6056675,35.081604
"1233","מראח רבאח ",31.6334225,35.186779
"1234","מרג’ נעג’ה ",32.1850585,35.538986
"1235","מרגליות ",33.2151339,35.5453855
"1236","מרדה ",32.1142165,35.195851
"1237","מרום גולן ",33.1330285,35.7763995
"1238","מרחב עם ",30.88742,34.8282805
"1239","מרחביה (מושב) ",32.6046995,35.3081
"1240","מרחביה (קיבוץ) ",32.6058495,35.30725
"1241","מרינה ",NA,NA
"1242","מרכז אזורי דרום השרון ",32.1335385,34.910989
"1243","מרכז אזורי מבואות חרמון ",33.0680505,35.5762141
"1244","מרכז אזורי מישגב ",32.859203,35.2599655
"1245","מרכז אזורי מרום גליל ",33.0006505,35.438202
"1246","מרכז אזורי מרום הגליל ",33.0006505,35.438202
"1247","מרכז אזורי משגב ",32.859203,35.2599655
"1248","מרכז הנגב ",30.829987,33.9683001
"1249","מרכז חבר ",32.547712,35.263746
"1250","מרכז ימי קיסריה ",32.492613,34.89315
"1251","מרכז כ”ח ",33.1211775,35.5698626
"1252","מרכז מיר”ב ",32.646312,34.965267
"1253","מרכז קניות ביל”ו ",31.8648919,34.8166232
"1254","מרכז שוהם ",31.9908536,34.941483
"1255","מרכז שפירא ",31.696969,34.7080585
"1256","מרעית ",31.2885145,35.075736
"1257","משאבי שדה ",31.003775,34.7868229
"1258","משגב דב ",31.8194705,34.739651
"1259","משגב עם ",33.247304,35.549423
"1260","משהד ",32.753298,35.3225836
"1261","משואה ",NA,NA
"1262","משואות יצחק ",31.704484,34.690162
"1263","משכיות ",32.3178645,35.502754
"1264","משמר איילון ",31.8721324,34.9445185
"1265","משמר דוד ",31.8223665,34.9010999
"1266","משמר הירדן ",33.0050745,35.5997525
"1267","משמר הנגב ",31.364078,34.717917
"1268","משמר העמק ",32.6097176,35.1418074
"1269","משמר השבעה ",32.009402,34.824863
"1270","משמר השרון ",32.3570245,34.9043595
"1271","משמרות ",32.4880031,34.9849875
"1272","משמרת ",32.227112,34.920827
"1273","משען ",31.6561331,34.6253065
"1274","מתחם בני דרום ",31.82118,34.6924049
"1275","מתחם פי גלילות ",32.137941,34.804273
"1276","מתחם צומת שוקת ",31.3071363,34.90098
"1277","מתן ",32.1578236,34.9724055
"1278","מתת ",33.0403725,35.3576599
"1279","מתתיהו ",31.9271565,35.0307805
"1280","נאות גולן ",32.7862969,35.690951
"1281","נאות הכיכר ",30.9341985,35.3775974
"1282","נאות מרדכי ",33.15942,35.597509
"1283","נאות סמדר ",30.0503765,35.0337285
"1284","נאעורה ",32.614472,35.3916555
"1285","נאקורה ",32.2653345,35.198634
"1286","נבטים ",31.2237525,34.8808699
"1287","נבי סאלח ",32.0162185,35.12453
"1288","נבי סמואל ",31.8330235,35.180546
"1289","נגבה ",31.661213,34.682415
"1290","נגוהות ",31.494749,34.97744
"1291","נהורה ",31.6242025,34.707256
"1292","נהלל ",32.6916755,35.198956
"1293","נהריה ",33.0154355,35.1367736
"1294","נוב ",32.8325175,35.7833184
"1295","נובא ",31.6073825,35.03913
"1296","נוגה ",31.6242929,34.6943355
"1297","נווה ",31.1610394,34.3280725
"1298","נווה אבות ",NA,NA
"1299","נווה אור ",32.5879536,35.5538404
"1300","נווה אטי""ב ",33.2626711,35.7420415
"1301","נווה אילן ",31.808367,35.080866
"1302","נווה איתן ",32.491369,35.5326065
"1303","נווה אפעל ",32.0472355,34.835859
"1304","נווה דניאל ",31.6774965,35.1437494
"1305","נווה הרצוג ",31.8233,34.687861
"1306","נווה זוהר ",31.15264,35.3650225
"1307","נווה זיו ",33.027252,35.184838
"1308","נווה חריף ",30.0380175,35.0375795
"1309","נווה ים ",32.6790704,34.9313865
"1310","נווה ימין ",32.170906,34.940096
"1311","נווה יער ",32.7072185,35.179287
"1312","נווה ירק ",32.1323245,34.924612
"1313","נווה מבטח ",31.804946,34.741747
"1314","נווה מיכאל ",31.673319,35.005866
"1315","נווה מיכאל - רוגלית ",31.6727535,35.003668
"1316","נווה שלום ",31.8177324,34.9787761
"1317","נועימה ",31.8825285,35.459793
"1318","נועימה מחנה פליטים ",31.8825285,35.459793
"1319","נועם ",31.567545,34.78867
"1320","נוף איילון ",31.8686229,34.9885929
"1321","נוף הגליל ",32.7252,35.349714
"1322","נופי פרת ",31.8235185,35.319875
"1323","נופים ",NA,NA
"1324","נופית ",32.759421,35.144937
"1325","נופך ",32.0431125,34.9203535
"1326","נוקדים ",31.646125,35.2511805
"1327","נורדיה ",32.3149301,34.8960815
"1328","נורית ",32.5418949,35.3557231
"1329","נזלה א שרקיה ",32.4110085,35.105475
"1330","נזלת זיד ",32.4623875,35.175031
"1331","נזלת עיסא ",32.4148316,35.05986
"1332","נח”ל אלישע ",31.8738715,35.477965
"1333","נחאלין ",31.6856075,35.120362
"1334","נחושה ",31.6278261,34.9537935
"1335","נחל עוז ",31.4723415,34.497926
"1336","נחלה ",31.6585819,34.7945885
"1337","נחליאל ",32.4444315,34.927338
"1338","נחלים ",32.0583085,34.9110055
"1339","נחם ",31.767209,35.003968
"1340","נחף ",32.9351165,35.3169566
"1341","נחשולים ",32.616702,34.9198625
"1342","נחשון ",31.8310375,34.9542719
"1343","נחשונים ",32.0656344,34.9552517
"1344","נטועה ",33.0649715,35.3229934
"1345","נטור ",32.8535895,35.7523995
"1346","נטע ",31.4776453,34.9263696
"1347","נטעים ",31.9448125,34.7734194
"1348","נטף ",31.833001,35.0680665
"1349","ניל""י ",31.9626236,35.0480745
"1350","נין ",32.63478,35.3526654
"1351","ניעלין ",31.9468425,35.021461
"1352","ניצן ",31.739369,34.631012
"1353","ניצן ב' ",31.736731,34.6362015
"1354","ניצנה ",30.8854434,34.4220775
"1355","ניצנה כפר נוער ",30.8864847,34.4215222
"1356","ניצני סיני ",30.903967,34.3974601
"1357","ניצני עוז ",32.3061439,35.003506
"1358","ניצנים ",31.7170384,34.634534
"1359","ניר אליהו ",32.1972309,34.9485296
"1360","ניר בנים ",31.672068,34.754475
"1361","ניר גלים ",31.825094,34.6842496
"1362","ניר דוד ",32.503684,35.4575585
"1363","ניר ח""ן ",31.6089264,34.7149321
"1364","ניר יפה ",32.5698615,35.2441356
"1365","ניר יצחק ",31.2369481,34.358141
"1366","ניר ישראל ",31.688192,34.6354599
"1367","ניר משה ",31.477491,34.6304475
"1368","ניר עוז ",31.312319,34.4019695
"1369","ניר עם ",31.5202415,34.5771634
"1370","ניר עציון ",32.6980295,34.992115
"1371","ניר עקיבא ",31.470337,34.649873
"1372","ניר צבי ",31.9530399,34.8611565
"1373","נירים ",31.3350285,34.395472
"1374","נירית ",32.1457201,34.9842675
"1375","נירן ",NA,NA
"1376","נמרוד ",33.244941,35.7514855
"1377","נס הרים ",31.7438754,35.0581699
"1378","נס עמים ",32.965777,35.120825
"1379","נס ציונה ",31.9206812,34.789831
"1380","נעורה ",32.614472,35.3916555
"1381","נעורים ",NA,NA
"1382","נעלה ",31.9627764,35.064501
"1383","נעמי ",NA,NA
"1384","נען ",31.884339,34.8583524
"1385","נצאצרה ",31.2470325,35.032332
"1386","נצר חזני ",31.819461,34.8628011
"1387","נצר סרני ",31.921062,34.8222885
"1388","נצרת ",32.714179,35.2898175
"1389","נצרת עילית ",32.7252,35.349714
"1390","נשר ",32.766861,35.0420564
"1391","נתיב הגדוד ",31.9886349,35.4463625
"1392","נתיב הל""ה ",31.6879955,34.9816795
"1393","נתיב העשרה ",31.5717829,34.5394674
"1394","נתיב השיירה ",32.9938661,35.1349995
"1395","נתיבות ",31.4251425,34.5815646
"1396","נתניה ",32.3047284,34.860388
"1397","נתניה - מזרח ",32.3047284,34.860388
"1398","נתניה - מערב ",32.3047284,34.860388
"1399","סאג'ור ",32.9392365,35.342678
"1400","סאוויה ",32.0851645,35.256761
"1401","סאלם ",32.5446735,35.198599
"1402","סאסא ",33.027665,35.3944125
"1403","סביון ",32.04517,34.878415
"1404","סבסטיה ",32.2782405,35.198633
"1405","סגולה ",31.6701326,34.7800125
"1406","סואעד ",32.7669035,35.168324
"1407","סואעד חמירה ",32.7669245,35.168158
"1408","סובא ",31.5433216,34.992174
"1409","סולם ",32.6078275,35.3430585
"1410","סולם שונם ",32.6078275,35.3430585
"1411","סוסיה ",31.3912906,35.1143225
"1412","סופה ",31.235935,34.3407275
"1413","סורדה ",31.9417515,35.20318
"1414","סוריף ",31.6495515,35.064712
"1415","סח'נין ",32.8593239,35.3092804
"1416","סיט ",NA,NA
"1417","סילואד ",31.9793895,35.261865
"1418","סילת אל ח’רית’יה ",32.5097625,35.227447
"1419","סימיא ",31.4216285,35.033465
"1420","סינג’יל ",31.9793895,35.261865
"1421","סינמה סיטי גלילות ",32.1463519,34.8040703
"1422","סיעיר ",31.5824545,35.143776
"1423","סלמה ",32.892033,35.362631
"1424","סלעית ",32.2424075,35.0488201
"1425","סלפית ",32.0850935,35.180832
"1426","סמוע ",31.3986096,35.065288
"1427","סמר ",29.831908,35.022771
"1428","סניריא ",32.1291665,35.047442
"1429","סנסנה ",31.3635235,34.901895
"1430","סעד ",31.470519,34.5355975
"1431","סעייה-מולדה ",31.2610705,34.975564
"1432","סער ",33.0293455,35.110015
"1433","ספא ",NA,NA
"1434","ספארין ",32.2617755,35.110757
"1435","ספיר ",30.613609,35.184377
"1436","ספסופה - כפר חושן ",33.0106885,35.438397
"1437","סרה ",32.2104795,35.190414
"1438","סרטא ",32.1033345,35.091838
"1439","סרכיס ",32.8061945,35.144518
"1440","סתריה ",31.890449,34.8436625
"1441","ע'ג'ר ",33.269621,35.631424
"1442","עאבוד ",32.0165385,35.068807
"1443","עאטוף ",32.2636175,35.437368
"1444","עאנין ",32.5017095,35.16621
"1445","עבדאללה איברהים ",31.6649555,35.166735
"1446","עבדה ",31.4665226,35.011177
"1447","עבדון ",33.0478246,35.1782645
"1448","עבווין ",NA,NA
"1449","עברון ",32.991333,35.1008106
"1450","עג’ול ",32.0230355,35.180439
"1451","עגור ",31.6976495,34.9118265
"1452","עד הלום ",31.7508697,34.5995159
"1453","עדי ",32.7828161,35.1740971
"1454","עדנים ",32.1390985,34.906199
"1455","עובידייה ",31.7238295,35.291821
"1456","עוג’א אתחתא ",31.9480645,35.471164
"1457","עווד ",31.5124355,35.011952
"1458","עוורתא ",NA,NA
"1459","עוזה ",31.5935736,34.764505
"1460","עוזיז ",31.4293065,35.081549
"1461","עוזייר ",32.792857,35.3298825
"1462","עוטף עזה 216 ",31.4894389,34.4095857
"1463","עולש ",32.333046,34.9849331
"1464","עומר ",31.2744479,34.8590592
"1465","עוסארין ",32.1249285,35.309237
"1466","עופר ",32.622139,34.981089
"1467","עופרים ",32.0182245,35.043034
"1468","עוצם ",31.639199,34.7047254
"1469","עוקבי ",31.2832105,34.930794
"1470","עוריף ",32.1587015,35.224177
"1471","עזאזמה ",31.0986875,34.836807
"1472","עזאזמה דרומית לרמת חובב ",31.0986875,34.836807
"1473","עזאזמה דרומית לשגב שלום ",31.1621495,34.820191
"1474","עזאזמה מזרחית לרמת חובב ",31.1308895,34.817161
"1475","עזוז ",30.792373,34.4727055
"1476","עזון ",32.1771005,35.055957
"1477","עזון עתמה ",32.1236665,35.018481
"1478","עזמוט ",32.2244195,35.309351
"1479","עזר ",31.7365045,34.6707074
"1480","עזריאל ",32.2615839,34.9701744
"1481","עזריה ",31.890195,34.9071711
"1482","עזריקם ",31.7498831,34.696152
"1483","עטארה ליד ביר זית ",32.0020795,35.206358
"1484","עטרת ",32.0009865,35.1779365
"1485","עידן ",30.8061335,35.3007086
"1486","עיזרייה ",31.7691345,35.271533
"1487","עיילבון ",32.842315,35.400515
"1488","עיינות ",31.9157995,34.768097
"1489","עילוט ",32.7204481,35.2634865
"1490","עילת עלי ",31.6769715,35.22177
"1491","עין א סולטאן מחנה פליטים ",31.8795465,35.447437
"1492","עין איוב ",31.9478315,35.095236
"1493","עין איילה ",32.628625,34.9432685
"1494","עין אל-אסד ",32.940309,35.4016665
"1495","עין אל-סהלה ",32.4914805,35.117506
"1496","עין אל מטווי ",32.0825735,35.133017
"1497","עין בוקק ",31.2001555,35.362522
"1498","עין גב ",32.783385,35.6383561
"1499","עין גדי ",31.4526095,35.3846921
"1500","עין דור ",32.6570405,35.417631
"1501","עין הבשור ",31.2814176,34.4424311
"1502","עין הוד ",32.6995071,34.9821209
"1503","עין החורש ",32.3864185,34.9393695
"1504","עין המפרץ ",32.903273,35.0974595
"1505","עין הנצי""ב ",32.4699205,35.502296
"1506","עין העמק ",32.628988,35.0849255
"1507","עין השופט ",32.5939786,35.1019244
"1508","עין השלושה ",31.3509035,34.4029385
"1509","עין ורד ",32.2640975,34.934946
"1510","עין זיוון ",33.0964391,35.7957564
"1511","עין חוד ",32.6915505,34.999556
"1512","עין חצבה ",30.797866,35.2455085
"1513","עין חרוד (איחוד) ",32.5657365,35.3916084
"1514","עין חרוד (מאוחד) ",32.557856,35.391689
"1515","עין יאנון ",32.1535115,35.367206
"1516","עין יברוד ",31.9532585,35.249852
"1517","עין יהב ",30.6551225,35.2362199
"1518","עין יעקב ",33.0102365,35.2291919
"1519","עין כמונים ",32.9198125,35.431325
"1520","עין כרמל ",32.675373,34.9548701
"1521","עין מאהל ",32.7182,35.3567744
"1522","עין מע’ר ",32.0584745,35.34674
"1523","עין נקובא ",31.7937091,35.120836
"1524","עין סיניא ",31.9722385,35.227966
"1525","עין עירון ",32.4844365,35.0095294
"1526","עין עריכ ",31.9072665,35.14305
"1527","עין צורים ",31.6957701,34.7182281
"1528","עין קיניא ",33.2366797,35.7313062
"1529","עין קנייא ",33.2366797,35.7313062
"1530","עין ראפה ",31.7906344,35.113226
"1531","עין שמר ",32.462106,35.0065911
"1532","עין שריד ",32.2734114,34.935973
"1533","עין תמר ",30.943102,35.3708605
"1534","עינאבוס ",32.1459395,35.242889
"1535","עינבר ",32.9097475,35.423727
"1536","עינת ",32.0797105,34.9394815
"1537","עיר אובות ",30.8097619,35.245412
"1538","עיראק בורין ",32.2024085,35.239118
"1539","עכו ",32.916975,35.0880969
"1540","עכו - אזור תעשייה ",32.916975,35.0880969
"1541","עלומים ",31.4522919,34.5126546
"1542","עלי ",32.0711699,35.2687815
"1543","עלי זהב ",32.0723705,35.0642616
"1544","עלמה ",33.0503365,35.4994659
"1545","עלמון ",31.828431,35.2943875
"1546","עמוקה ",32.9980295,35.5248074
"1547","עמוריה ",31.3791312,34.735355
"1548","עמינדב ",31.751761,35.140868
"1549","עמיעד ",32.9283065,35.540727
"1550","עמיעוז ",31.2483075,34.4120905
"1551","עמיקם ",32.5629311,35.0204835
"1552","עמיר ",33.1778901,35.6207559
"1553","עמנואל ",32.1585666,35.1422255
"1554","עמק הירדן 11 ",32.0638782,34.846286
"1555","עמקה ",32.9801254,35.162118
"1556","ענאב אל כביר ",31.3953515,34.927618
"1557","ענאתא ",31.8112005,35.259602
"1558","ענב ",32.2853929,35.1267665
"1559","עסירה אל קיבליה ",32.1782125,35.211919
"1560","עסכר ",32.2145605,35.303685
"1561","עספיא ",32.7183395,35.0633676
"1562","עפולה ",32.607609,35.3106015
"1563","עפרה ",31.9533086,35.2620901
"1564","עץ אפרים ",32.1166985,35.0463491
"1565","עצמון שגב ",32.8656095,35.2530475
"1566","עקאבת ג’בר מחנה פליטים ",31.8420475,35.445564
"1567","עקרבה ",32.1275855,35.342735
"1568","עראבה ",32.8556495,35.3404015
"1569","עראבה ליד ג’נין ",32.4032755,35.205914
"1570","עראמשה ",33.088863,35.2251645
"1571","ערב א שמעה ",31.6546195,35.178852
"1572","ערב אזונר ",32.8704565,35.368934
"1573","ערב אל גנאדי ",32.7604475,35.178547
"1574","ערב אל נעים ",32.8880725,35.290128
"1575","ערב אל סגיראת ",32.8004155,35.188569
"1576","ערב אל סמניה ",32.8011555,35.193919
"1577","ערב אל עיסאת ",32.7066695,35.253379
"1578","ערב אל עראמשה ",33.088863,35.2251645
"1579","ערב אל פמאז ",32.6894105,35.324004
"1580","ערד ",31.2463784,35.1854359
"1581","ערוגות ",31.7341745,34.7724655
"1582","ערוער - ערערה בנגב ",31.1576349,35.0179745
"1583","ערורה ",32.0407085,35.173878
"1584","ערערה-בנגב ",31.1576349,35.0179745
"1585","ערערה ",32.5014405,35.0931265
"1586","ערקה ",32.4714136,35.199766
"1587","עשרת ",31.8241704,34.7470224
"1588","עתלית ",32.6958085,34.9465515
"1589","עתניאל ",31.43886,35.0311099
"1590","פארן ",30.3626064,35.154859
"1591","פארעה אל ג’פתלכ ",32.1436505,35.49702
"1592","פארק צרעה ",31.761916,34.9738314
"1593","פארק תעשיות פלמחים ",31.934509,34.718443
"1594","פארק תעשייה ראם ",31.7905415,34.7528642
"1595","פדואל ",32.0617199,35.051626
"1596","פדויים ",31.3266434,34.610545
"1597","פדיה ",31.8573,34.882367
"1598","פוקיקיס ",31.490128,34.9933688
"1599","פוריה - כפר עבודה ",32.7195801,35.5470385
"1600","פוריה - נווה עובד ",32.7432095,35.536594
"1601","פוריה עילית ",32.7296485,35.5455756
"1602","פוריידיס ",32.597354,34.948224
"1603","פורת ",32.2760995,34.9494485
"1604","פזורה לקיה ",31.324195,34.8699774
"1605","פטיש ",31.3265802,34.5591226
"1606","פיראסין ",32.4251113,35.1087112
"1607","פלאמה ",32.2247805,35.022404
"1608","פלך ",32.933693,35.2334619
"1609","פלמחים ",31.933804,34.7060765
"1610","פני חבר ",31.4871315,35.1653275
"1611","פנימיית עין כרם ",31.7671312,35.1619863
"1612","פסאיל ",32.0253975,35.444264
"1613","פסגות ",31.8999835,35.223923
"1614","פסוטה ",33.0527571,35.3067435
"1615","פעמי תש""ז ",31.4389275,34.6925391
"1616","פצאל ",32.0443941,35.442084
"1617","פקיעין ",32.976773,35.323924
"1618","פקיעין חדשה ",32.9841149,35.3216775
"1619","פרדס חנה-כרכור ",32.47489,34.9782499
"1620","פרדס חנה ",32.47489,34.9782499
"1621","פרדסיה ",32.3079525,34.909346
"1622","פרוד ",32.9316405,35.4335105
"1623","פרוש בית דג’ן ",32.1952773,35.4473388
"1624","פרזון ",32.5447335,35.3112965
"1625","פרח’ה ",32.0687425,35.150876
"1626","פרי גן ",31.221188,34.3556376
"1627","פרעון ",32.2854795,35.021481
"1628","פרעתה ",32.1897605,35.166617
"1629","פתח תקווה ",32.09079,34.8871855
"1630","פתחיה ",31.868493,34.8839354
"1631","צאלים ",31.203217,34.534258
"1632","צביה ",32.8893995,35.3314
"1633","צבעון ",33.0269645,35.41742
"1634","צובה ",31.783538,35.1187709
"1635","צוחר ",31.2351375,34.426986
"1636","צוחר ואוהד ",NA,NA
"1637","צופיה ",31.877958,34.7306943
"1638","צופים ",32.1981344,35.010141
"1639","צופין ",32.1981344,35.010141
"1640","צופית ",32.1925615,34.922165
"1641","צופר ",30.5600055,35.181075
"1642","צוקי ים ",32.3610676,34.8599055
"1643","צוקים ",30.490597,35.166329
"1644","צור הדסה ",31.7166329,35.09407
"1645","צור יגאל ",32.2201335,34.9950665
"1646","צור יצחק ",32.2410095,34.9979679
"1647","צור משה ",32.2957995,34.9133309
"1648","צור נתן ",32.2404895,35.0124589
"1649","צוריאל ",33.0071365,35.314606
"1650","צורית ",32.904188,35.250845
"1651","צורן ",32.28232,34.921187
"1652","ציפורי ",32.7444796,35.278369
"1653","צלפון ",31.8048009,34.9307385
"1654","צנדלה ",32.523028,35.32288
"1655","צפריה ",32.003126,34.8554411
"1656","צפרירים ",31.660294,34.9424186
"1657","צפת ",32.958094,35.496487
"1658","צרופה ",32.648887,34.945574
"1659","צריפין ",31.9573275,34.840566
"1660","צרעה ",31.7618814,34.9697485
"1661","קבועה ",31.2250865,35.214754
"1662","קבוצת גבע ",32.566335,35.3733486
"1663","קבוצת יבנה ",31.816119,34.719815
"1664","קבלאן ",32.1018195,35.287729
"1665","קדומים ",32.2180506,35.161528
"1666","קדימה-צורן ",32.28232,34.921187
"1667","קדימה ",32.28232,34.921187
"1668","קדיתא ",33.0059535,35.468309
"1669","קדמה ",31.7011953,34.7747216
"1670","קדמת צבי ",33.030075,35.6978959
"1671","קדר ",31.7506345,35.3077616
"1672","קדרון ",31.8143475,34.7954529
"1673","קדרים ",32.8965689,35.4735214
"1674","קובסי ",32.9422275,35.299433
"1675","קודייראת א צאנה ",31.2931065,35.10564
"1676","קוואעין ",31.3233025,35.026031
"1677","קוזה ",32.1383905,35.253164
"1678","קוממיות ",31.6627675,34.7301505
"1679","קוסין ",32.2389815,35.184083
"1680","קוסרה ",32.0845745,35.330037
"1681","קורנית ",32.843647,35.2523315
"1682","קטורה ",29.9691415,35.061034
"1683","קיבוץ דן ",33.239794,35.6540716
"1684","קיביא ",31.9786805,35.012721
"1685","קילקיס ",31.4936845,35.092627
"1686","קיסריה ",32.496276,34.9199935
"1687","קירה ",NA,NA
"1688","קלחים ",31.450237,34.676825
"1689","קליה ",31.7510134,35.466779
"1690","קלנדיה ",31.8615965,35.207914
"1691","קלנסווה ",32.292594,34.9782225
"1692","קלע ",33.131223,35.6868805
"1693","קלקיליה ",32.1960145,34.981513
"1694","קסר א סיר ",31.0833285,34.979579
"1695","קפין ",32.4333775,35.0843
"1696","קציעות ",30.8723125,34.467412
"1697","קציר ",32.4843709,35.106577
"1698","קציר חריש ",32.4610003,35.0567529
"1699","קצר-א-סיר ",31.0833285,34.979579
"1700","קצר-א-סיר והפזורה ",31.0833285,34.979579
"1701","קצרין ",32.994181,35.6954075
"1702","קראות בני זיד ",32.0525385,35.125431
"1703","קראות בני חסן ",32.1285045,35.099378
"1704","קריות ",32.8416665,35.071389
"1705","קריית אונו ",32.051768,34.8566409
"1706","קריית אתא ",32.7991306,35.1028235
"1707","קריית ביאליק ",32.8426381,35.0939164
"1708","קריית גת ",31.6095861,34.7769395
"1709","קריית חינוך מרחבים ",31.3165805,34.578694
"1710","קריית טבעון-בית זייד ",32.7023609,35.131828
"1711","קריית ים ",32.8482189,35.0728375
"1712","קריית יערים ",31.8054461,35.09931
"1713","קריית מוצקין ",32.8417945,35.0819335
"1714","קריית מלאכי ",31.7306836,34.7522994
"1715","קריית ענבים ",31.8090964,35.1207425
"1716","קריית עקרון ",31.8616715,34.8197865
"1717","קריית שמונה ",33.2110794,35.5762589
"1718","קרית אונו ",32.051768,34.8566409
"1719","קרית ארבע ",31.524928,35.134732
"1720","קרית אתא ",32.7991306,35.1028235
"1721","קרית ביאליק ",32.8426381,35.0939164
"1722","קרית גת ",31.6095861,34.7769395
"1723","קרית חיים ",32.8340981,35.0667691
"1724","קרית חינוך מרחבים ",31.3165805,34.578694
"1725","קרית חינוך שדות נגב ",31.4310279,34.5906993
"1726","קרית טבעון ",32.7142445,35.1253606
"1727","קרית ים ",32.8482189,35.0728375
"1728","קרית יערים ",31.8054461,35.09931
"1729","קרית מוצקין ",32.8417945,35.0819335
"1730","קרית מלאכי ",31.7306836,34.7522994
"1731","קרית נטפים ",32.116988,35.1124035
"1732","קרית ענבים ",31.8090964,35.1207425
"1733","קרית עקרון ",31.8616715,34.8197865
"1734","קרית שלמה ",32.2342394,34.8533295
"1735","קרית שמואל ",32.8403905,35.073807
"1736","קרית שמונה ",33.2110795,35.5762589
"1737","קרנב אבו סלב ",31.0283755,35.050723
"1738","קרני שומרון ",32.1707625,35.1053194
"1739","קשכר נבארי ",31.2976245,35.118316
"1740","קשת ",32.9791,35.8087065
"1741","ראבוד ",31.4313815,35.021854
"1742","ראם תשלובת חקלאית ",30.979013,34.72362
"1743","ראמה ",32.933685,35.372975
"1744","ראמין ",32.2846815,35.14862
"1745","ראס אל-עין ",32.915618,35.3729765
"1746","ראס כרכר ",31.9426935,35.103905
"1747","ראס סניסיל ",31.6914505,35.265172
"1748","ראס עלי ",32.7719585,35.156188
"1749","ראפאת ליד גבעת זאב ",31.8701815,35.192568
"1750","ראפאת ליד סמוע ",31.3863315,35.061404
"1751","ראפאת ליד פדואל ",32.0786855,35.045287
"1752","ראש הנקרה ",33.086191,35.1156505
"1753","ראש העין ",32.084626,34.9659715
"1754","ראש פינה ",32.9923749,35.5581355
"1755","ראש צורים ",31.6683276,35.1247681
"1756","ראשון לציון ",31.975126,34.7783868
"1757","ראשון לציון - מזרח ",31.975126,34.7783868
"1758","ראשון לציון - מערב ",31.975126,34.7783868
"1759","רבבה ",32.118986,35.1284665
"1760","רבדים ",31.7718645,34.8143065
"1761","רביבים ",31.044355,34.7209294
"1762","רביד ",32.851165,35.4625945
"1763","רגבה ",32.976326,35.0998484
"1764","רגבים ",32.5224645,35.0342945
"1765","רהט ",31.3881151,34.7506795
"1766","רהט והפזורה ",31.3881151,34.7506795
"1767","רוג’ייב ",32.1916275,35.291606
"1768","רוג’ם אום ח’יר ",31.4244755,35.196438
"1769","רוגלית ",31.6727535,35.003668
"1770","רווחה ",31.6491384,34.733272
"1771","רוויה ",32.4488355,35.4735335
"1772","רוח במדבר ",30.9815345,34.733883
"1773","רוחמה ",31.49733,34.7050949
"1774","רומאנה ",32.7877156,35.311368
"1775","רומאנה ממזרח לאום אל פחם ",32.5268915,35.208114
"1776","רומיחאת ",32.7699275,35.121611
"1777","רומת היב ",32.778279,35.3048614
"1778","רועי ",32.8706875,35.419893
"1779","רוקעה ",31.4618115,35.113605
"1780","רותם ",32.3365995,35.518576
"1781","רח’מה ",31.0110476,34.9492791
"1782","רחוב ",32.4509745,35.4891885
"1783","רחובות ",31.893397,34.806349
"1784","רחלים ",32.1024595,35.257756
"1785","רטורנו - גבעת שמש ",31.7741885,34.95055
"1786","ריחאנייה ",33.0499625,35.4869756
"1787","ריחן ",32.4687845,35.1349229
"1788","ריינה ",32.7292385,35.305657
"1789","רימונים ",31.9353815,35.340494
"1790","רינתיה ",32.0448175,34.9282085
"1791","רכסים ",32.749656,35.1080119
"1792","רם-און ",32.5269331,35.2608819
"1793","רמאללה ",31.9073508,35.205882
"1794","רמון ",30.6108887,34.8009348
"1795","רמות ",31.2733476,34.81132
"1796","רמות השבים ",32.161304,34.8787214
"1797","רמות מאיר ",31.8736261,34.8580475
"1798","רמות מנשה ",32.596922,35.057061
"1799","רמות נפתלי ",33.104339,35.5530306
"1800","רמלה ",31.925878,34.8687075
"1801","רמת אפעל ",32.0472355,34.835859
"1802","רמת גן ",32.0717999,34.8263035
"1803","רמת גן - מזרח ",32.0717999,34.8263035
"1804","רמת גן - מערב ",32.0717999,34.8263035
"1805","רמת דוד ",32.6781214,35.2031079
"1806","רמת הכובש ",32.2173385,34.938611
"1807","רמת הנדיב ",32.547972,34.8742092
"1808","רמת השופט ",32.6122165,35.0959071
"1809","רמת השרון ",32.1353895,34.831881
"1810","רמת חובב ",31.1346905,34.7892684
"1811","רמת יוחנן ",32.7921545,35.122295
"1812","רמת ישי ",32.7061594,35.1687169
"1813","רמת מגשימים ",32.845356,35.807777
"1814","רמת צבי ",32.5925854,35.4122204
"1815","רמת רזיאל ",31.7735359,35.073783
"1816","רמת רחל ",31.7403486,35.2202885
"1817","רנן ",31.337221,34.601846
"1818","רנתיס ",32.0299725,35.018973
"1819","רעים ",31.3852205,34.460259
"1820","רעננה ",32.1896376,34.8633049
"1821","רפידא ",31.6676326,35.226739
"1822","רפידיה ",32.2275216,35.223183
"1823","רקפת ",32.8551105,35.2644004
"1824","רשפון ",32.2018725,34.825255
"1825","רשפים ",32.4817394,35.4771789
"1826","רתמים ",31.052487,34.6899969
"1827","שאר ישוב ",33.2261512,35.6461108
"1828","שבות רחל ",32.0545385,35.310703
"1829","שבי דרום ",31.4663765,34.638576
"1830","שבי ציון ",32.9792695,35.087566
"1831","שבי שומרון ",32.2634505,35.183905
"1832","שבלי ",32.687675,35.3975925
"1833","שבתין ",31.9742905,35.050558
"1834","שגב-שלום ",31.2017005,34.8390906
"1835","שגב שלום והפזורה ",31.2017005,34.8390906
"1836","שגור ",32.9275065,35.265491
"1837","שדה אברהם ",31.2113185,34.3387369
"1838","שדה אילן ",32.7484765,35.4233705
"1839","שדה אליהו ",32.440773,35.5137175
"1840","שדה אליעזר ",33.0462815,35.5645789
"1841","שדה בוקר ",30.8735606,34.793967
"1842","שדה דוד ",31.576122,34.6832015
"1843","שדה ורבורג ",32.20704,34.90421
"1844","שדה יואב ",31.645658,34.676654
"1845","שדה יעקב ",32.697437,35.1419005
"1846","שדה יצחק ",32.4054345,34.9931659
"1847","שדה משה ",31.6106876,34.8015805
"1848","שדה נחום ",32.5259385,35.4811185
"1849","שדה נחמיה ",33.1882845,35.624589
"1850","שדה ניצן ",31.224673,34.416935
"1851","שדה עוזיהו ",31.7564395,34.6781615
"1852","שדה צבי ",31.4490305,34.712074
"1853","שדות ים ",32.492799,34.8925865
"1854","שדות מיכה ",31.7217105,34.9217185
"1855","שדי אברהם ",31.2113185,34.3387369
"1856","שדי חמד ",32.1563785,34.9423861
"1857","שדי תרומות ",32.440574,35.4860065
"1858","שדמה ",31.8321615,34.7408986
"1859","שדמות דבורה ",32.6975124,35.4363525
"1860","שדמות מחולה ",32.34686,35.531013
"1861","שדרות ",31.5267045,34.597413
"1862","שהם ",31.9965881,34.9498535
"1863","שואבה ",31.7974055,35.079212
"1864","שובה ",31.451966,34.5453965
"1865","שובל ",31.413716,34.7427845
"1866","שוהם ",31.9965881,34.9498535
"1867","שוויכה בהר חברון ",31.4025896,35.007054
"1868","שומרה ",33.0853974,35.285244
"1869","שומריה ",31.4319075,34.8842014
"1870","שומרת ",32.9522185,35.0951925
"1871","שופה ",32.2765665,35.08026
"1872","שוקבא ",31.9890825,35.039516
"1873","שוקדה ",31.4216514,34.523818
"1874","שורש ",31.7967205,35.06528
"1875","שורשים ",32.893852,35.2578405
"1876","שושנת העמקים ",32.354451,34.8572246
"1877","שזור ",32.9324835,35.352186
"1878","שחר ",31.6190036,34.7258235
"1879","שחרות ",29.9044221,34.9999036
"1880","שיבולים ",31.3957329,34.6072155
"1881","שיבטה ",30.8811206,34.630836
"1882","שיטים ",30.176853,35.016356
"1883","שייח' דנון ",32.9937465,35.1490095
"1884","שייח’ אחמד אל עבד ",31.5035735,35.007181
"1885","שילה ",32.0881787,34.7735754
"1886","שילת ",31.918399,35.0192325
"1887","שכם ",32.2243095,35.2476793
"1888","שכניה ",32.847946,35.2463795
"1889","שלווה ",31.5638924,34.7686099
"1890","שלווה במדבר ",30.767942,35.2772213
"1891","שלוחות ",32.471781,35.481756
"1892","שלומי ",33.0660977,35.1464375
"1893","שלומית ",31.1688778,34.3051442
"1894","שלומציון ",31.7796308,35.2220485
"1895","שמיר ",33.166208,35.6607399
"1896","שמעה ",31.3875105,35.012247
"1897","שמרת ",32.9522185,35.0951925
"1898","שמשית ",32.7328215,35.2467715
"1899","שני ליבנה ",31.3555735,35.0683081
"1900","שניר ",33.2419235,35.678258
"1901","שעב ",32.8931435,35.2232151
"1902","שעורים ",32.6968275,35.417603
"1903","שעל ",33.1171664,35.7180195
"1904","שעלבים ",31.8706875,34.9831209
"1905","שער אפרים ",32.288277,34.9981165
"1906","שער הגולן ",32.6869705,35.6042804
"1907","שער העמקים ",32.72283,35.113553
"1908","שער מנשה ",32.4438777,35.0065985
"1909","שערי תקווה ",32.1234321,35.0253351
"1910","שפיים ",32.2165834,34.8235531
"1911","שפיר ",31.695841,34.729741
"1912","שפר ",32.9426339,35.4362195
"1913","שפרעם ",32.8012879,35.1786884
"1914","שקד ",32.473527,35.1690215
"1915","שקף ",31.5145915,34.936245
"1916","שרונה ",32.0718747,34.7849947
"1917","שריגים ",31.6771235,34.9349875
"1918","שריגים (לי-און) ",31.6771235,34.9349875
"1919","שריד ",32.6642239,35.2251395
"1920","שרשרת ",31.403813,34.6027256
"1921","שתולה ",33.0856725,35.315083
"1922","שתולים ",31.7737875,34.6842756
"1923","תארבין ",31.3445964,34.7375071
"1924","תאשור ",31.372587,34.6451395
"1925","תדהר ",31.3784076,34.6278225
"1926","תובל ",32.928143,35.2450029
"1927","תומר ",32.018984,35.4392885
"1928","תוקוע ",31.6390925,35.21249
"1929","תורמוס עייא ",32.0327255,35.288375
"1930","תושיה ",31.4330525,34.5420729
"1931","תחנת רכבת ראש העין ",32.1176427,34.9291971
"1932","תימורים ",31.7151415,34.7605895
"1933","תיעניכ ",32.5209335,35.220419
"1934","תירוש ",31.7507185,34.8851455
"1935","תל א שמסיה ",32.3804695,35.512321
"1936","תל אביב - דרום העיר ויפו ",32.0879315,34.797246
"1937","תל אביב - יפו ",32.0879315,34.797246
"1938","תל אביב - מזרח ",32.052753,34.789596
"1939","תל אביב - מרכז העיר ",32.0784895,34.773982
"1940","תל אביב - עבר הירקון ",32.1098428,34.8389539
"1941","תל אל בידה ",32.3811315,35.506625
"1942","תל חי ",32.1769088,34.9148474
"1943","תל יוסף ",32.555386,35.398222
"1944","תל יצחק ",32.2527169,34.869547
"1945","תל מונד ",32.2407701,34.9059535
"1946","תל עדשים ",32.6565105,35.3039544
"1947","תל ערד ",31.2782563,35.1265703
"1948","תל קציר ",32.7057485,35.6167419
"1949","תל שבע ",31.2476944,34.8582071
"1950","תל תאומים ",32.4414475,35.497158
"1951","תלם ",31.565164,35.030212
"1952","תלמי אליהו ",31.2287925,34.429544
"1953","תלמי אלעזר ",32.4452695,34.978798
"1954","תלמי ביל""ו ",31.4369745,34.6453209
"1955","תלמי יוסף ",31.2006139,34.3622954
"1956","תלמי יחיאל ",31.754279,34.7612805
"1957","תלמי יפה ",31.6169241,34.6141916
"1958","תלמים ",31.564938,34.671067
"1959","תלפית במרכז השומרון ",32.0872965,35.291506
"1960","תמרת ",32.7030339,35.224277
"1961","תנובות ",32.306917,34.9630831
"1962","תעוז ",31.800845,34.973816
"1963","תעמרה ",31.5695145,35.22993
"1964","תעשיון השרון ",32.11378,34.917535
"1965","תעשיון חצב ",32.07173,34.954425
"1966","תעשיון צריפין ",31.963734,34.8463718
"1967","תעשיון שח”ק ",32.4735311,35.1781932
"1968","תפוח ",31.5384476,35.050973
"1969","תפרח ",31.3264646,34.677233
"1970","תקומה ",31.4514085,34.5808455
"1971","תקומה וחוות יזרעם ",31.4429626,34.571844
"1972","תקוע ",31.6390925,35.21249
"1973","תראבין א-צאנע ופזורה ",31.3445964,34.7375071
"1974","תראבין א צאנה ",31.3445964,34.7375071
"1975","תראבין א צאנה שבט ",31.1669285,34.820923
"1976","תראמה ",31.4813965,35.032693
"1977","תרדיון ",32.8584422,35.266592
"1978","תרום ",31.7835545,34.9830935
"1979","תרקומיא ",31.5773295,35.014174
