"area","alarm","locality","loc","date","lat","long","SEMEL_YISHUV","distance"
104,1,"אביאל","אביאל","2014-07-28",32.5321575,34.9908625,679,113.410404378616
104,1,"אביאל","אביאל","2014-07-28",32.5321575,34.9908625,679,113.410404378616
104,1,"אביאל","אביאל","2014-07-28",32.5321575,34.9908625,679,113.410404378616
104,1,"אביאל","אביאל","2014-07-28",32.5321575,34.9908625,679,113.410404378616
93,1,"אביטל","אביטל","2015-03-11",32.55723,35.3074155,2052,130.684429770734
142,1,"אבן יהודה","אבןיהודה","2014-08-02",32.267805,34.8814773,182,80.9973097900629
142,1,"אבן יהודה","אבןיהודה","2014-08-02",32.267805,34.8814773,182,80.9973097900629
142,1,"אבן יהודה","אבןיהודה","2014-08-02",32.267805,34.8814773,182,80.9973097900629
142,1,"אבן יהודה","אבןיהודה","2014-08-02",32.267805,34.8814773,182,80.9973097900629
142,1,"אבן יהודה","אבןיהודה","2014-08-02",32.267805,34.8814773,182,80.9973097900629
93,1,"אדירים","אדירים","2015-03-11",32.5491954,35.272318,113,128.459556913307
98,1,"אוהלו","אוהלו","2015-03-11",32.7137548,35.5488012,10006,147.332558024847
93,1,"אומן","אומן","2015-03-11",32.5634535,35.24248,1108,128.392824173222
105,1,"אור עקיבא","אורעקיבא","2014-07-28",32.5022664,34.9259461,1020,106.366050120438
105,1,"אור עקיבא","אורעקיבא","2014-07-28",32.5022664,34.9259461,1020,106.366050120438
128,1,"אזור תעשיות צבאים","אזורתעשיותצבאים","2015-03-11",32.542374,35.4856465,10007,126.09629634671
90,1,"אחוזת ברק","אחוזתברק","2015-03-11",32.6437734,35.3389026,1330,140.681971924455
128,1,"אחוזת שושנה","אחוזתשושנה","2015-03-11",32.5910255,35.521247,10007,126.09629634671
139,1,"אייל","אייל","2014-08-02",32.2117115,34.9791535,716,81.9039723036658
139,1,"אייל","אייל","2014-08-02",32.2117115,34.9791535,716,81.9039723036658
139,1,"אייל","אייל","2014-08-02",32.2117115,34.9791535,716,81.9039723036658
139,1,"אייל","אייל","2014-08-02",32.2117115,34.9791535,716,81.9039723036658
139,1,"אייל","אייל","2014-08-02",32.2117115,34.9791535,716,81.9039723036658
139,1,"אילנות","אילנות","2014-08-02",32.5183275,35.018304,9800,108.84539277361
139,1,"אילנות","אילנות","2014-08-02",32.5183275,35.018304,9800,108.84539277361
139,1,"אילנות","אילנות","2014-08-02",32.5183275,35.018304,9800,108.84539277361
139,1,"אילנות","אילנות","2014-08-02",32.5183275,35.018304,9800,108.84539277361
139,1,"אילנות","אילנות","2014-08-02",32.5183275,35.018304,9800,108.84539277361
95,1,"אכסאל","אכסאל","2015-03-11",32.673481,35.3319945,478,141.570010544029
87,1,"אלוני אבא","אלוניאבא","2015-03-11",32.729211,35.170982,429,140.924768875033
104,1,"אלוני יצחק","אלונייצחק","2014-07-28",32.5099965,35.0052,10014,99.8598148281967
104,1,"אלוני יצחק","אלונייצחק","2014-07-28",32.5099965,35.0052,10014,99.8598148281967
104,1,"אלוני יצחק","אלונייצחק","2014-07-28",32.5099965,35.0052,10014,99.8598148281967
104,1,"אלוני יצחק","אלונייצחק","2014-07-28",32.5099965,35.0052,10014,99.8598148281967
103,1,"אליקים","אליקים","2015-03-11",32.6313095,35.067611,682,126.729260919974
103,1,"אליקים","אליקים","2015-03-11",32.6313095,35.067611,682,126.729260919974
103,1,"אליקים","אליקים","2015-03-11",32.6313095,35.067611,682,126.729260919974
126,1,"בורקה","בורקה","2014-08-21",32.3013645,35.192933,3571,98.6011540937461
126,1,"בורקה","בורקה","2014-08-21",32.3013645,35.192933,3571,98.6011540937461
128,1,"ביכורה","ביכורה","2015-03-11",32.4472135,35.487443,854,132.126612414068
126,1,"ביר זית","בירזית","2014-08-21",31.9753135,35.196042,3658,76.8329593986573
126,1,"ביר זית","בירזית","2014-08-21",31.9753135,35.196042,3658,76.8329593986573
82,1,"בית אורן","ביתאורן","2014-07-28",32.7318775,35.0055265,317,134.959939413897
126,1,"בית אל","ביתאל","2014-08-21",31.9413695,35.2279204,3574,75.6176046455226
126,1,"בית אל","ביתאל","2014-08-21",31.9413695,35.2279204,3574,75.6176046455226
128,1,"בית אלפא","ביתאלפא","2015-03-11",32.5169685,35.4320531,95,134.935970959109
139,1,"בית ברל","ביתברל","2014-08-02",32.1997354,34.9260732,1076,78.333770594413
139,1,"בית ברל","ביתברל","2014-08-02",32.1997354,34.9260732,1076,78.333770594413
139,1,"בית ברל","ביתברל","2014-08-02",32.1997354,34.9260732,1076,78.333770594413
139,1,"בית ברל","ביתברל","2014-08-02",32.1997354,34.9260732,1076,78.333770594413
139,1,"בית ברל","ביתברל","2014-08-02",32.1997354,34.9260732,1076,78.333770594413
128,1,"בית השיטה","ביתהשיטה","2015-03-11",32.5512825,35.4399595,242,137.391915994051
104,1,"בית חנניה","ביתחנניה","2014-07-28",32.5289595,34.9259565,800,110.981417216392
104,1,"בית חנניה","ביתחנניה","2014-07-28",32.5289595,34.9259565,800,110.981417216392
104,1,"בית חנניה","ביתחנניה","2014-07-28",32.5289595,34.9259565,800,110.981417216392
104,1,"בית חנניה","ביתחנניה","2014-07-28",32.5289595,34.9259565,800,110.981417216392
142,1,"בית יהושע","ביתיהושע","2014-08-02",32.26148,34.8669499,288,81.2507463604101
142,1,"בית יהושע","ביתיהושע","2014-08-02",32.26148,34.8669499,288,81.2507463604101
142,1,"בית יהושע","ביתיהושע","2014-08-02",32.26148,34.8669499,288,81.2507463604101
142,1,"בית יהושע","ביתיהושע","2014-08-02",32.26148,34.8669499,288,81.2507463604101
142,1,"בית יהושע","ביתיהושע","2014-08-02",32.26148,34.8669499,288,81.2507463604101
128,1,"בית יוסף","ביתיוסף","2015-03-11",32.559236,35.5507225,265,145.115473681693
126,1,"ביתין","ביתין","2014-08-21",31.9264805,35.236911,3574,75.6176046455226
126,1,"ביתין","ביתין","2014-08-21",31.9264805,35.236911,3574,75.6176046455226
98,1,"בית ירח","ביתירח","2015-03-11",32.7123605,35.574715,10006,147.332558024847
87,1,"בית לחם הגלילית","ביתלחםהגלילית","2015-03-11",32.7345175,35.1899475,430,141.740432818893
128,1,"בית שאן","ביתשאן","2015-03-11",32.501214,35.5021999,9200,136.283689921436
87,1,"בית שערים","ביתשערים","2015-03-11",32.697537,35.1774255,248,137.074279793964
95,1,"בלפוריה","בלפוריה","2015-03-11",32.6298995,35.2966354,94,136.960068740042
139,1,"בני דרור","בנידרור","2014-08-02",32.2621054,34.9011449,386,82.7195974706597
139,1,"בני דרור","בנידרור","2014-08-02",32.2621054,34.9011449,386,82.7195974706597
139,1,"בני דרור","בנידרור","2014-08-02",32.2621054,34.9011449,386,82.7195974706597
139,1,"בני דרור","בנידרור","2014-08-02",32.2621054,34.9011449,386,82.7195974706597
139,1,"בני דרור","בנידרור","2014-08-02",32.2621054,34.9011449,386,82.7195974706597
104,1,"בנימינה גבעת עדה","בנימינהגבעתעדה","2014-07-28",32.525651,34.9722554,9800,108.84539277361
104,1,"בנימינה גבעת עדה","בנימינהגבעתעדה","2014-07-28",32.525651,34.9722554,9800,108.84539277361
104,1,"בנימינה גבעת עדה","בנימינהגבעתעדה","2014-07-28",32.525651,34.9722554,9800,108.84539277361
104,1,"בנימינה גבעת עדה","בנימינהגבעתעדה","2014-07-28",32.525651,34.9722554,9800,108.84539277361
142,1,"בני ציון","בניציון","2014-08-02",32.2178798,34.867371,418,77.1031642317786
142,1,"בני ציון","בניציון","2014-08-02",32.2178798,34.867371,418,77.1031642317786
142,1,"בני ציון","בניציון","2014-08-02",32.2178798,34.867371,418,77.1031642317786
142,1,"בני ציון","בניציון","2014-08-02",32.2178798,34.867371,418,77.1031642317786
142,1,"בני ציון","בניציון","2014-08-02",32.2178798,34.867371,418,77.1031642317786
142,1,"בצרה","בצרה","2014-08-02",32.212797,34.8800895,389,77.0220828941202
142,1,"בצרה","בצרה","2014-08-02",32.212797,34.8800895,389,77.0220828941202
142,1,"בצרה","בצרה","2014-08-02",32.212797,34.8800895,389,77.0220828941202
142,1,"בצרה","בצרה","2014-08-02",32.212797,34.8800895,389,77.0220828941202
142,1,"בצרה","בצרה","2014-08-02",32.212797,34.8800895,389,77.0220828941202
93,1,"ברק","ברק","2015-03-11",32.5416905,35.2650905,141,127.551771562139
102,1,"בת שלמה","בתשלמה","2014-07-28",32.5997835,35.004929,33,121.028497726126
102,1,"בת שלמה","בתשלמה","2014-07-28",32.5997835,35.004929,33,121.028497726126
102,1,"בת שלמה","בתשלמה","2014-07-28",32.5997835,35.004929,33,121.028497726126
139,1,"גאולים","גאולים","2014-08-02",32.298462,34.946065,10018,79.6048324873127
139,1,"גאולים","גאולים","2014-08-02",32.298462,34.946065,10018,79.6048324873127
139,1,"גאולים","גאולים","2014-08-02",32.298462,34.946065,10018,79.6048324873127
139,1,"גאולים","גאולים","2014-08-02",32.298462,34.946065,10018,79.6048324873127
139,1,"גאולים","גאולים","2014-08-02",32.298462,34.946065,10018,79.6048324873127
93,1,"גבע","גבע","2015-03-11",32.566335,35.3733486,86,135.699084737101
81,1,"גבע כרמל","גבעכרמל","2014-07-28",32.662945,34.9523665,683,125.341484363084
87,1,"גבעת אלה","גבעתאלה","2015-03-11",32.721788,35.241828,10009,128.256614311215
126,1,"גבעת אסף","גבעתאסף","2014-08-21",31.9416122,35.2051307,3574,75.6176046455226
126,1,"גבעת אסף","גבעתאסף","2014-08-21",31.9416122,35.2051307,3574,75.6176046455226
104,1,"גבעת ניל""י","גבעתנילי","2014-07-28",32.5480851,35.0428094,360,117.371253166817
104,1,"גבעת ניל""י","גבעתנילי","2014-07-28",32.5480851,35.0428094,360,117.371253166817
104,1,"גבעת ניל""י","גבעתנילי","2014-07-28",32.5480851,35.0428094,360,117.371253166817
104,1,"גבעת ניל""י","גבעתנילי","2014-07-28",32.5480851,35.0428094,360,117.371253166817
87,1,"גבת","גבת","2015-03-11",32.6747386,35.2124295,133,136.757465103648
93,1,"גדיש","גדיש","2015-03-11",32.5596795,35.245248,145,128.015304992615
93,1,"גדעונה","גדעונה","2015-03-11",32.5482805,35.359388,10008,125.570029694786
103,1,"ג'ועארה","גועארה","2015-03-11",32.5990645,35.10861,10013,118.101734387505
103,1,"ג'ועארה","גועארה","2015-03-11",32.5990645,35.10861,10013,118.101734387505
103,1,"ג'ועארה","גועארה","2015-03-11",32.5990645,35.10861,10013,118.101734387505
96,1,"גזית","גזית","2015-03-11",32.6379774,35.4475939,457,145.989871551574
87,1,"גיניגר","גיניגר","2015-03-11",32.664113,35.2578845,92,138.547235429307
126,1,"ג'לזון","גלזון","2014-08-21",31.9516115,35.212517,3574,75.6176046455226
126,1,"ג'לזון","גלזון","2014-08-21",31.9516115,35.212517,3574,75.6176046455226
103,1,"גלעד","גלעד","2015-03-11",32.557258,35.0756085,369,119.900140031712
103,1,"גלעד","גלעד","2015-03-11",32.557258,35.0756085,369,119.900140031712
103,1,"גלעד","גלעד","2015-03-11",32.557258,35.0756085,369,119.900140031712
93,1,"גן נר","גןנר","2015-03-11",32.530634,35.33543,1274,130.003292629796
104,1,"ג'סר א זרקא","גסראזרקא","2014-07-28",32.538476,34.907846,541,111.029634650125
104,1,"ג'סר א זרקא","גסראזרקא","2014-07-28",32.538476,34.907846,541,111.029634650125
104,1,"ג'סר א זרקא","גסראזרקא","2014-07-28",32.538476,34.907846,541,111.029634650125
104,1,"ג'סר א זרקא","גסראזרקא","2014-07-28",32.538476,34.907846,541,111.029634650125
142,1,"געש","געש","2014-08-02",32.2292006,34.8242065,842,76.7326325223617
142,1,"געש","געש","2014-08-02",32.2292006,34.8242065,842,76.7326325223617
142,1,"געש","געש","2014-08-02",32.2292006,34.8242065,842,76.7326325223617
142,1,"געש","געש","2014-08-02",32.2292006,34.8242065,842,76.7326325223617
142,1,"געש","געש","2014-08-02",32.2292006,34.8242065,842,76.7326325223617
126,1,"ג'פנא","גפנא","2014-08-21",31.9634625,35.215092,3574,75.6176046455226
126,1,"ג'פנא","גפנא","2014-08-21",31.9634625,35.215092,3574,75.6176046455226
82,1,"דאלית אל כרמל","דאליתאלכרמל","2014-07-28",32.69599,35.0510041,494,131.285248809875
93,1,"דבורה","דבורה","2015-03-11",32.5535275,35.2645125,146,128.260490885297
96,1,"דבוריה","דבוריה","2015-03-11",32.68957,35.3669895,489,145.614246390327
90,1,"דברת","דברת","2015-03-11",32.6475029,35.350178,407,141.534115895847
102,1,"דור","דור","2014-07-28",32.6072055,34.9235706,738,119.086210035334
102,1,"דור","דור","2014-07-28",32.6072055,34.9235706,738,119.086210035334
102,1,"דור","דור","2014-07-28",32.6072055,34.9235706,738,119.086210035334
126,1,"דורא אל קריע","דוראאלקריע","2014-08-21",31.9585185,35.225893,3574,75.6176046455226
126,1,"דורא אל קריע","דוראאלקריע","2014-08-21",31.9585185,35.225893,3574,75.6176046455226
90,1,"דחי","דחי","2015-03-11",32.6210445,35.3441805,475,139.13122584857
103,1,"דליה","דליה","2015-03-11",32.5895405,35.0739136,300,122.736831504219
103,1,"דליה","דליה","2015-03-11",32.5895405,35.0739136,300,122.736831504219
103,1,"דליה","דליה","2015-03-11",32.5895405,35.0739136,300,122.736831504219
102,1,"הבונים","הבונים","2014-07-28",32.637162,34.933407,675,122.712168802811
102,1,"הבונים","הבונים","2014-07-28",32.637162,34.933407,675,122.712168802811
102,1,"הבונים","הבונים","2014-07-28",32.637162,34.933407,675,122.712168802811
95,1,"הושעיה","הושעיה","2015-03-11",32.7583735,35.29276,1186,149.205877916098
103,1,"הזורע","הזורע","2015-03-11",32.6430235,35.119371,250,130.164381626833
103,1,"הזורע","הזורע","2015-03-11",32.6430235,35.119371,250,130.164381626833
103,1,"הזורע","הזורע","2015-03-11",32.6430235,35.119371,250,130.164381626833
89,1,"היוגב","היוגב","2015-03-11",32.6112399,35.2055255,684,130.051577215743
95,1,"הסוללים","הסוללים","2015-03-11",32.7510626,35.2373509,677,145.742227557356
102,1,"זכרון יעקב","זכרוןיעקב","2014-07-28",32.5652884,34.9653615,9300,112.705104017978
102,1,"זכרון יעקב","זכרוןיעקב","2014-07-28",32.5652884,34.9653615,9300,112.705104017978
102,1,"זכרון יעקב","זכרוןיעקב","2014-07-28",32.5652884,34.9653615,9300,112.705104017978
143,1,"חבלה","חבלה","2014-08-02",32.1638435,34.97828,3750,76.99213127594
143,1,"חבלה","חבלה","2014-08-02",32.1638435,34.97828,3750,76.99213127594
143,1,"חבלה","חבלה","2014-08-02",32.1638435,34.97828,3750,76.99213127594
93,1,"חבר","חבר","2015-03-11",32.547712,35.263746,1110,128.233795044364
107,1,"חדרה","חדרה","2014-07-28",32.4406399,34.9238165,6500,97.4413884761851
107,1,"חדרה","חדרה","2014-07-28",32.4406399,34.9238165,6500,97.4413884761851
128,1,"חוות דושן","חוותדושן","2015-03-11",32.5482745,35.538524,10007,126.09629634671
128,1,"חוות עדן","חוותעדן","2015-03-11",32.4658035,35.486637,439,133.187877921999
128,1,"חוות שפעה","חוותשפעה","2015-03-11",32.4496875,35.535572,10007,126.09629634671
143,1,"חורשים","חורשים","2014-08-02",32.138416,34.970238,355,75.0161728337923
143,1,"חורשים","חורשים","2014-08-02",32.138416,34.970238,355,75.0161728337923
143,1,"חורשים","חורשים","2014-08-02",32.138416,34.970238,355,75.0161728337923
128,1,"חמדיה","חמדיה","2015-03-11",32.519864,35.5197915,343,140.517136381856
128,1,"חפצי בה","חפציבה","2015-03-11",32.518864,35.425948,90,134.858741544905
142,1,"חרוצים","חרוצים","2014-08-02",32.2281892,34.8636491,1024,78.2983418472085
142,1,"חרוצים","חרוצים","2014-08-02",32.2281892,34.8636491,1024,78.2983418472085
142,1,"חרוצים","חרוצים","2014-08-02",32.2281892,34.8636491,1024,78.2983418472085
142,1,"חרוצים","חרוצים","2014-08-02",32.2281892,34.8636491,1024,78.2983418472085
142,1,"חרוצים","חרוצים","2014-08-02",32.2281892,34.8636491,1024,78.2983418472085
139,1,"חרות","חרות","2014-08-02",32.2403081,34.91468,162,81.5373630803723
139,1,"חרות","חרות","2014-08-02",32.2403081,34.91468,162,81.5373630803723
139,1,"חרות","חרות","2014-08-02",32.2403081,34.91468,162,81.5373630803723
139,1,"חרות","חרות","2014-08-02",32.2403081,34.91468,162,81.5373630803723
139,1,"חרות","חרות","2014-08-02",32.2403081,34.91468,162,81.5373630803723
139,1,"טייבה","טייבה","2014-08-02",32.2616036,34.999281,2730,84.9832215912789
139,1,"טייבה","טייבה","2014-08-02",32.2616036,34.999281,2730,84.9832215912789
139,1,"טייבה","טייבה","2014-08-02",32.2616036,34.999281,2730,84.9832215912789
139,1,"טייבה","טייבה","2014-08-02",32.2616036,34.999281,2730,84.9832215912789
139,1,"טייבה","טייבה","2014-08-02",32.2616036,34.999281,2730,84.9832215912789
93,1,"טייבה ליד מולדת","טייבהלידמולדת","2015-03-11",32.6030136,35.4457815,10008,125.570029694786
139,1,"טירה","טירה","2014-08-02",32.233012,34.9601645,2720,81.5724293451009
139,1,"טירה","טירה","2014-08-02",32.233012,34.9601645,2720,81.5724293451009
139,1,"טירה","טירה","2014-08-02",32.233012,34.9601645,2720,81.5724293451009
139,1,"טירה","טירה","2014-08-02",32.233012,34.9601645,2720,81.5724293451009
139,1,"טירה","טירה","2014-08-02",32.233012,34.9601645,2720,81.5724293451009
128,1,"טירת צבי","טירתצבי","2015-03-11",32.4209814,35.5277755,268,132.496160822086
90,1,"טמרה יזרעאל","טמרהיזרעאל","2015-03-11",32.6343095,35.4044136,547,143.455540100791
126,1,"יברוד","יברוד","2014-08-21",31.9752865,35.243822,3617,79.8104287417258
126,1,"יברוד","יברוד","2014-08-21",31.9752865,35.243822,3617,79.8104287417258
103,1,"יוקנעם","יוקנעם","2015-03-11",32.6571359,35.1153181,241,130.763432793926
103,1,"יוקנעם","יוקנעם","2015-03-11",32.6571359,35.1153181,241,130.763432793926
103,1,"יוקנעם","יוקנעם","2015-03-11",32.6571359,35.1153181,241,130.763432793926
103,1,"יוקנעם עילית","יוקנעםעילית","2015-03-11",32.655368,35.0884011,240,127.830036978976
103,1,"יוקנעם עילית","יוקנעםעילית","2015-03-11",32.655368,35.0884011,240,127.830036978976
103,1,"יוקנעם עילית","יוקנעםעילית","2015-03-11",32.655368,35.0884011,240,127.830036978976
93,1,"יזרעאל","יזרעאל","2015-03-11",32.5616544,35.321591,452,132.453897345019
81,1,"ימין אורד","ימיןאורד","2014-07-28",32.7017975,34.9878,769,131.11111481826
139,1,"יעף","יעף","2014-08-02",32.2674404,34.967121,1044,86.8511599814999
139,1,"יעף","יעף","2014-08-02",32.2674404,34.967121,1044,86.8511599814999
139,1,"יעף","יעף","2014-08-02",32.2674404,34.967121,1044,86.8511599814999
139,1,"יעף","יעף","2014-08-02",32.2674404,34.967121,1044,86.8511599814999
139,1,"יעף","יעף","2014-08-02",32.2674404,34.967121,1044,86.8511599814999
95,1,"יפיע","יפיע","2015-03-11",32.6835429,35.2709725,499,139.896037201587
87,1,"יפעת","יפעת","2015-03-11",32.6772201,35.2244009,134,137.935502697811
142,1,"יקום","יקום","2014-08-02",32.2499656,34.8412091,417,79.2321364614451
142,1,"יקום","יקום","2014-08-02",32.2499656,34.8412091,417,79.2321364614451
142,1,"יקום","יקום","2014-08-02",32.2499656,34.8412091,417,79.2321364614451
142,1,"יקום","יקום","2014-08-02",32.2499656,34.8412091,417,79.2321364614451
142,1,"יקום","יקום","2014-08-02",32.2499656,34.8412091,417,79.2321364614451
128,1,"ירדנה","ירדנה","2015-03-11",32.5652925,35.5632725,2026,146.825643735759
143,1,"ירחיב","ירחיב","2014-08-02",32.1541555,34.968904,718,76.134853295032
143,1,"ירחיב","ירחיב","2014-08-02",32.1541555,34.968904,718,76.134853295032
143,1,"ירחיב","ירחיב","2014-08-02",32.1541555,34.968904,718,76.134853295032
139,1,"כוכב יאיר","כוכביאיר","2014-08-02",32.2201335,34.9950665,1224,82.4526126720678
139,1,"כוכב יאיר","כוכביאיר","2014-08-02",32.2201335,34.9950665,1224,82.4526126720678
139,1,"כוכב יאיר","כוכביאיר","2014-08-02",32.2201335,34.9950665,1224,82.4526126720678
139,1,"כוכב יאיר","כוכביאיר","2014-08-02",32.2201335,34.9950665,1224,82.4526126720678
139,1,"כוכב יאיר","כוכביאיר","2014-08-02",32.2201335,34.9950665,1224,82.4526126720678
87,1,"כעביה טבאש חג'אג'רה","כעביהטבאשחגאגרה","2015-03-11",32.749939,35.184848,978,142.865134237898
89,1,"כפר ברוך","כפרברוך","2015-03-11",32.6460175,35.1907171,132,133.442890054501
95,1,"כפר גדעון","כפרגדעון","2015-03-11",32.6438401,35.2910261,106,138.279647843538
104,1,"כפר גליקסון","כפרגליקסון","2014-07-28",32.5056829,35.0049105,310,111.693356657192
104,1,"כפר גליקסון","כפרגליקסון","2014-07-28",32.5056829,35.0049105,310,111.693356657192
104,1,"כפר גליקסון","כפרגליקסון","2014-07-28",32.5056829,35.0049105,310,111.693356657192
104,1,"כפר גליקסון","כפרגליקסון","2014-07-28",32.5056829,35.0049105,310,111.693356657192
95,1,"כפר החורש","כפרהחורש","2015-03-11",32.701404,35.273488,192,142.866900838531
139,1,"כפר הס","כפרהס","2014-08-02",32.2462419,34.9341671,187,82.6614700652133
139,1,"כפר הס","כפרהס","2014-08-02",32.2462419,34.9341671,187,82.6614700652133
139,1,"כפר הס","כפרהס","2014-08-02",32.2462419,34.9341671,187,82.6614700652133
139,1,"כפר הס","כפרהס","2014-08-02",32.2462419,34.9341671,187,82.6614700652133
139,1,"כפר הס","כפרהס","2014-08-02",32.2462419,34.9341671,187,82.6614700652133
87,1,"כפר יהושע","כפריהושע","2015-03-11",32.683821,35.1514906,140,133.694477645861
93,1,"כפר יחזקאל","כפריחזקאל","2015-03-11",32.5668535,35.3595726,85,134.417211579985
139,1,"כפר יעבץ","כפריעבץ","2014-08-02",32.2734364,34.964609,170,87.1719236450985
139,1,"כפר יעבץ","כפריעבץ","2014-08-02",32.2734364,34.964609,170,87.1719236450985
139,1,"כפר יעבץ","כפריעבץ","2014-08-02",32.2734364,34.964609,170,87.1719236450985
139,1,"כפר יעבץ","כפריעבץ","2014-08-02",32.2734364,34.964609,170,87.1719236450985
139,1,"כפר יעבץ","כפריעבץ","2014-08-02",32.2734364,34.964609,170,87.1719236450985
95,1,"כפר כנא","כפרכנא","2015-03-11",32.753169,35.3455005,509,149.542725418484
96,1,"כפר מיסר","כפרמיסר","2015-03-11",32.6433485,35.420842,512,145.610788268536
98,1,"כפר נהר הירדן","כפרנהרהירדן","2015-03-11",32.768294,35.435627,10003,147.661110107004
142,1,"כפר נטר","כפרנטר","2014-08-02",32.2757749,34.871533,316,82.3593066374235
142,1,"כפר נטר","כפרנטר","2014-08-02",32.2757749,34.871533,316,82.3593066374235
142,1,"כפר נטר","כפרנטר","2014-08-02",32.2757749,34.871533,316,82.3593066374235
142,1,"כפר נטר","כפרנטר","2014-08-02",32.2757749,34.871533,316,82.3593066374235
142,1,"כפר נטר","כפרנטר","2014-08-02",32.2757749,34.871533,316,82.3593066374235
139,1,"כפר עבודה","כפרעבודה","2014-08-02",32.2557305,34.939669,875,84.5610217487378
139,1,"כפר עבודה","כפרעבודה","2014-08-02",32.2557305,34.939669,875,84.5610217487378
139,1,"כפר עבודה","כפרעבודה","2014-08-02",32.2557305,34.939669,875,84.5610217487378
139,1,"כפר עבודה","כפרעבודה","2014-08-02",32.2557305,34.939669,875,84.5610217487378
139,1,"כפר עבודה","כפרעבודה","2014-08-02",32.2557305,34.939669,875,84.5610217487378
96,1,"כפר קיש","כפרקיש","2015-03-11",32.6678364,35.4511275,388,148.753143608335
128,1,"כפר רופין","כפררופין","2015-03-11",32.457696,35.5567319,295,136.679561477824
96,1,"כפר תבור","כפרתבור","2015-03-11",32.6846205,35.4221325,47,146.428116790743
102,1,"כרם מהר""ל","כרםמהרל","2014-07-28",32.6461645,34.991709,10015,105.543844508831
102,1,"כרם מהר""ל","כרםמהרל","2014-07-28",32.6461645,34.991709,10015,105.543844508831
102,1,"כרם מהר""ל","כרםמהרל","2014-07-28",32.6461645,34.991709,10015,105.543844508831
102,1,"מאיר שפיה","מאירשפיה","2014-07-28",32.5912213,34.9710703,102,118.860460559493
102,1,"מאיר שפיה","מאירשפיה","2014-07-28",32.5912213,34.9710703,102,118.860460559493
102,1,"מאיר שפיה","מאירשפיה","2014-07-28",32.5912213,34.9710703,102,118.860460559493
81,1,"מגדים","מגדים","2014-07-28",32.729338,34.9570295,689,132.483651479756
87,1,"מגדל העמק","מגדלהעמק","2015-03-11",32.6797404,35.2467935,874,137.782974672168
103,1,"מגידו","מגידו","2015-03-11",32.5800195,35.1799315,586,126.768715608991
103,1,"מגידו","מגידו","2015-03-11",32.5800195,35.1799315,586,126.768715608991
103,1,"מגידו","מגידו","2015-03-11",32.5800195,35.1799315,586,126.768715608991
93,1,"מגן שאול","מגןשאול","2015-03-11",32.521065,35.3075854,1155,127.820070263124
103,1,"מדרך עוז","מדרךעוז","2015-03-11",32.5971066,35.158467,2029,126.935949246231
103,1,"מדרך עוז","מדרךעוז","2015-03-11",32.5971066,35.158467,2029,126.935949246231
103,1,"מדרך עוז","מדרךעוז","2015-03-11",32.5971066,35.158467,2029,126.935949246231
128,1,"מולדת","מולדת","2015-03-11",32.5871205,35.4399345,269,141.346771799906
93,1,"מוקייבלה","מוקייבלה","2015-03-11",32.514422,35.2949365,635,126.760953221476
95,1,"מזרע","מזרע","2015-03-11",32.65049,35.285987,104,138.563843113626
93,1,"מיטב","מיטב","2015-03-11",32.546892,35.300938,2054,129.572623595548
128,1,"מירב","מירב","2015-03-11",32.4521545,35.4224056,1282,128.650931450148
93,1,"מלאה","מלאה","2015-03-11",32.5630945,35.235457,164,127.921097617783
128,1,"מלכישוע","מלכישוע","2015-03-11",32.4386115,35.413252,1154,127.27642706427
87,1,"מנשית זבדה","מנשיתזבדה","2015-03-11",32.7056885,35.1937431,994,139.311395253044
128,1,"מסילות","מסילות","2015-03-11",32.4949335,35.4748406,298,135.624398710676
104,1,"מעגן מיכאל","מעגןמיכאל","2014-07-28",32.5556519,34.9155985,694,113.295608227544
104,1,"מעגן מיכאל","מעגןמיכאל","2014-07-28",32.5556519,34.9155985,694,113.295608227544
104,1,"מעגן מיכאל","מעגןמיכאל","2014-07-28",32.5556519,34.9155985,694,113.295608227544
104,1,"מעגן מיכאל","מעגןמיכאל","2014-07-28",32.5556519,34.9155985,694,113.295608227544
128,1,"מעוז חיים","מעוזחיים","2015-03-11",32.4933954,35.5503535,272,140.175954083551
102,1,"מעיין צבי","מעייןצבי","2014-07-28",32.5668855,34.940559,290,115.644929637392
102,1,"מעיין צבי","מעייןצבי","2014-07-28",32.5668855,34.940559,290,115.644929637392
102,1,"מעיין צבי","מעייןצבי","2014-07-28",32.5668855,34.940559,290,115.644929637392
128,1,"מעלה גלבוע","מעלהגלבוע","2015-03-11",32.4769865,35.4197279,1127,130.406076059725
302,1,"מעלה שביט","מעלהשביט","2014-07-29",32.4883192,34.9130043,1167,106.194645197157
302,1,"מעלה שביט","מעלהשביט","2014-07-29",32.4883192,34.9130043,1167,106.194645197157
302,1,"מעלה שביט","מעלהשביט","2014-08-24",32.4883192,34.9130043,1167,106.194645197157
302,1,"מעלה שביט","מעלהשביט","2014-08-21",32.4883192,34.9130043,1167,106.194645197157
302,1,"מעלה שביט","מעלהשביט","2014-07-29",32.4883192,34.9130043,1167,106.194645197157
302,1,"מעלה שביט","מעלהשביט","2014-07-29",32.4883192,34.9130043,1167,106.194645197157
302,1,"מעלה שביט","מעלהשביט","2014-07-29",32.4883192,34.9130043,1167,106.194645197157
302,1,"מעלה שביט","מעלהשביט","2014-07-29",32.4883192,34.9130043,1167,106.194645197157
302,1,"מעלה שביט","מעלהשביט","2014-07-29",32.4883192,34.9130043,1167,106.194645197157
302,1,"מעלה שביט","מעלהשביט","2014-07-29",32.4883192,34.9130043,1167,106.194645197157
302,1,"מעלה שביט","מעלהשביט","2014-07-29",32.4883192,34.9130043,1167,106.194645197157
302,1,"מעלה שביט","מעלהשביט","2014-07-29",32.4883192,34.9130043,1167,106.194645197157
302,1,"מעלה שביט","מעלהשביט","2014-07-29",32.4883192,34.9130043,1167,106.194645197157
302,1,"מעלה שביט","מעלהשביט","2014-07-29",32.4883192,34.9130043,1167,106.194645197157
302,1,"מעלה שביט","מעלהשביט","2014-10-19",32.4883192,34.9130043,1167,106.194645197157
302,1,"מעלה שביט","מעלהשביט","2014-08-24",32.4883192,34.9130043,1167,106.194645197157
302,1,"מעלה שביט","מעלהשביט","2014-07-29",32.4883192,34.9130043,1167,106.194645197157
302,1,"מעלה שביט","מעלהשביט","2014-07-29",32.4883192,34.9130043,1167,106.194645197157
90,1,"מפעלי גלבוע","מפעליגלבוע","2015-03-11",32.5684382,35.3771315,86,135.699084737101
128,1,"מפעלי שאן","מפעלישאן","2015-03-11",32.496991,35.518722,10007,126.09629634671
90,1,"מרחביה מושב","מרחביהמושב","2015-03-11",32.6046995,35.3081,66,135.530167595351
90,1,"מרחביה קיבוץ","מרחביהקיבוץ","2015-03-11",32.6058495,35.30725,66,135.530167595351
102,1,"מרכז מיר""ב","מרכזמירב","2014-07-28",32.646312,34.965267,10015,105.543844508831
102,1,"מרכז מיר""ב","מרכזמירב","2014-07-28",32.646312,34.965267,10015,105.543844508831
102,1,"מרכז מיר""ב","מרכזמירב","2014-07-28",32.646312,34.965267,10015,105.543844508831
95,1,"משהד","משהד","2015-03-11",32.753298,35.3225836,1061,142.624144385357
103,1,"משמר העמק","משמרהעמק","2015-03-11",32.6097176,35.1418074,130,127.968444529141
103,1,"משמר העמק","משמרהעמק","2015-03-11",32.6097176,35.1418074,130,127.968444529141
103,1,"משמר העמק","משמרהעמק","2015-03-11",32.6097176,35.1418074,130,127.968444529141
139,1,"משמרת","משמרת","2014-08-02",32.227112,34.920827,425,79.3773675150477
139,1,"משמרת","משמרת","2014-08-02",32.227112,34.920827,425,79.3773675150477
139,1,"משמרת","משמרת","2014-08-02",32.227112,34.920827,425,79.3773675150477
139,1,"משמרת","משמרת","2014-08-02",32.227112,34.920827,425,79.3773675150477
139,1,"משמרת","משמרת","2014-08-02",32.227112,34.920827,425,79.3773675150477
143,1,"מתן","מתן","2014-08-02",32.1578236,34.9724055,1315,76.5324720437069
143,1,"מתן","מתן","2014-08-02",32.1578236,34.9724055,1315,76.5324720437069
143,1,"מתן","מתן","2014-08-02",32.1578236,34.9724055,1315,76.5324720437069
90,1,"נאעורה","נאעורה","2015-03-11",32.614472,35.3916555,524,140.98120144874
87,1,"נהלל","נהלל","2015-03-11",32.6916755,35.198956,80,136.377516548183
128,1,"נווה אור","נווהאור","2015-03-11",32.5879536,35.5538404,590,148.097790905412
128,1,"נווה איתן","נווהאיתן","2015-03-11",32.491369,35.5326065,296,139.002715166582
81,1,"נווה ים","נווהים","2014-07-28",32.6790704,34.9313865,312,127.117458836954
87,1,"נווה יער","נווהיער","2015-03-11",32.7072185,35.179287,10009,128.256614311215
90,1,"נורית","נורית","2015-03-11",32.5418949,35.3557231,10008,125.570029694786
126,1,"נחליאל","נחליאל","2014-08-21",32.4444315,34.927338,6500,97.4413884761851
126,1,"נחליאל","נחליאל","2014-08-21",32.4444315,34.927338,6500,97.4413884761851
102,1,"נחשולים","נחשולים","2014-07-28",32.616702,34.9198625,10015,105.543844508831
102,1,"נחשולים","נחשולים","2014-07-28",32.616702,34.9198625,10015,105.543844508831
102,1,"נחשולים","נחשולים","2014-07-28",32.616702,34.9198625,10015,105.543844508831
90,1,"נין","נין","2015-03-11",32.63478,35.3526654,10066,137.194583443256
139,1,"ניר אליהו","ניראליהו","2014-08-02",32.1972309,34.9485296,808,79.2126010901937
139,1,"ניר אליהו","ניראליהו","2014-08-02",32.1972309,34.9485296,808,79.2126010901937
139,1,"ניר אליהו","ניראליהו","2014-08-02",32.1972309,34.9485296,808,79.2126010901937
139,1,"ניר אליהו","ניראליהו","2014-08-02",32.1972309,34.9485296,808,79.2126010901937
139,1,"ניר אליהו","ניראליהו","2014-08-02",32.1972309,34.9485296,808,79.2126010901937
128,1,"ניר דוד","נירדוד","2015-03-11",32.503684,35.4575585,256,135.144726854913
93,1,"ניר יפה","ניריפה","2015-03-11",32.5698615,35.2441356,165,128.915434264263
143,1,"נירית","נירית","2014-08-02",32.1457201,34.9842675,1236,76.6021517132812
143,1,"נירית","נירית","2014-08-02",32.1457201,34.9842675,1236,76.6021517132812
143,1,"נירית","נירית","2014-08-02",32.1457201,34.9842675,1236,76.6021517132812
81,1,"ניר עציון","נירעציון","2014-07-28",32.6980295,34.992115,769,131.11111481826
95,1,"נצרת","נצרת","2015-03-11",32.714179,35.2898175,7300,141.184777315672
95,1,"נצרת עילית","נצרתעילית","2015-03-11",32.7252,35.349714,532,147.041546982082
90,1,"סולם שונם","סולםשונם","2015-03-11",32.6078275,35.3430585,10066,137.194583443256
126,1,"סורדה","סורדה","2014-08-21",31.9417515,35.20318,3574,75.6176046455226
126,1,"סורדה","סורדה","2014-08-21",31.9417515,35.20318,3574,75.6176046455226
102,1,"עופר","עופר","2014-07-28",32.622139,34.981089,810,122.612121857486
102,1,"עופר","עופר","2014-07-28",32.622139,34.981089,810,122.612121857486
102,1,"עופר","עופר","2014-07-28",32.622139,34.981089,810,122.612121857486
139,1,"עזריאל","עזריאל","2014-08-02",32.2615839,34.9701744,837,85.9777190005163
139,1,"עזריאל","עזריאל","2014-08-02",32.2615839,34.9701744,837,85.9777190005163
139,1,"עזריאל","עזריאל","2014-08-02",32.2615839,34.9701744,837,85.9777190005163
139,1,"עזריאל","עזריאל","2014-08-02",32.2615839,34.9701744,837,85.9777190005163
139,1,"עזריאל","עזריאל","2014-08-02",32.2615839,34.9701744,837,85.9777190005163
87,1,"עילוט","עילוט","2015-03-11",32.7204481,35.2634865,511,143.17972498965
102,1,"עין איילה","עיןאיילה","2014-07-28",32.628625,34.9432685,687,121.839097679772
102,1,"עין איילה","עיןאיילה","2014-07-28",32.628625,34.9432685,687,121.839097679772
102,1,"עין איילה","עיןאיילה","2014-07-28",32.628625,34.9432685,687,121.839097679772
96,1,"עין דור","עיןדור","2015-03-11",32.6570405,35.417631,436,146.150035159886
81,1,"עין הוד","עיןהוד","2014-07-28",32.6995071,34.9821209,74,130.855452694518
128,1,"עין הנצי""ב","עיןהנציב","2015-03-11",32.4699205,35.502296,383,135.120712513163
103,1,"עין העמק","עיןהעמק","2015-03-11",32.628988,35.0849255,367,127.196734244907
103,1,"עין העמק","עיןהעמק","2015-03-11",32.628988,35.0849255,367,127.196734244907
103,1,"עין העמק","עיןהעמק","2015-03-11",32.628988,35.0849255,367,127.196734244907
103,1,"עין השופט","עיןהשופט","2015-03-11",32.5939786,35.1019244,270,124.673854328272
103,1,"עין השופט","עיןהשופט","2015-03-11",32.5939786,35.1019244,270,124.673854328272
103,1,"עין השופט","עיןהשופט","2015-03-11",32.5939786,35.1019244,270,124.673854328272
139,1,"עין ורד","עיןורד","2014-08-02",32.2640975,34.934946,157,84.2526450849348
139,1,"עין ורד","עיןורד","2014-08-02",32.2640975,34.934946,157,84.2526450849348
139,1,"עין ורד","עיןורד","2014-08-02",32.2640975,34.934946,157,84.2526450849348
139,1,"עין ורד","עיןורד","2014-08-02",32.2640975,34.934946,157,84.2526450849348
139,1,"עין ורד","עיןורד","2014-08-02",32.2640975,34.934946,157,84.2526450849348
81,1,"עין חוד","עיןחוד","2014-07-28",32.6915505,34.999556,1320,130.784598977277
90,1,"עין חרוד איחוד","עיןחרודאיחוד","2015-03-11",32.5657365,35.3916084,10008,125.570029694786
90,1,"עין חרוד מאוחד","עיןחרודמאוחד","2015-03-11",32.557856,35.391689,82,136.001912444944
126,1,"עין יברוד","עיןיברוד","2014-08-21",31.9532585,35.249852,3617,79.8104287417258
126,1,"עין יברוד","עיןיברוד","2014-08-21",31.9532585,35.249852,3617,79.8104287417258
81,1,"עין כרמל","עיןכרמל","2014-07-28",32.675373,34.9548701,426,127.492252147805
95,1,"עין מאהל","עיןמאהל","2015-03-11",32.7182,35.3567744,532,147.041546982082
126,1,"עין סיניא","עיןסיניא","2014-08-21",31.9722385,35.227966,3574,75.6176046455226
126,1,"עין סיניא","עיןסיניא","2014-08-21",31.9722385,35.227966,3574,75.6176046455226
139,1,"עין שריד","עיןשריד","2014-08-02",32.2734114,34.935973,880,85.9724985175445
139,1,"עין שריד","עיןשריד","2014-08-02",32.2734114,34.935973,880,85.9724985175445
139,1,"עין שריד","עיןשריד","2014-08-02",32.2734114,34.935973,880,85.9724985175445
139,1,"עין שריד","עיןשריד","2014-08-02",32.2734114,34.935973,880,85.9724985175445
139,1,"עין שריד","עיןשריד","2014-08-02",32.2734114,34.935973,880,85.9724985175445
104,1,"עמיקם","עמיקם","2014-07-28",32.5629311,35.0204835,773,117.774588728028
104,1,"עמיקם","עמיקם","2014-07-28",32.5629311,35.0204835,773,117.774588728028
104,1,"עמיקם","עמיקם","2014-07-28",32.5629311,35.0204835,773,117.774588728028
104,1,"עמיקם","עמיקם","2014-07-28",32.5629311,35.0204835,773,117.774588728028
82,1,"עספיא","עספיא","2014-07-28",32.7183395,35.0633676,534,134.056224103748
90,1,"עפולה","עפולה","2015-03-11",32.607609,35.3106015,66,135.530167595351
87,1,"ערב אל עיסאת","ערבאלעיסאת","2015-03-11",32.7066695,35.253379,10009,128.256614311215
95,1,"ערב אל פמאז","ערבאלפמאז","2015-03-11",32.6894105,35.324004,1061,142.624144385357
81,1,"עתלית","עתלית","2014-07-28",32.6958085,34.9465515,53,126.367744641123
102,1,"פוריידיס","פוריידיס","2014-07-28",32.597354,34.948224,537,118.576564004602
102,1,"פוריידיס","פוריידיס","2014-07-28",32.597354,34.948224,537,118.576564004602
102,1,"פוריידיס","פוריידיס","2014-07-28",32.597354,34.948224,537,118.576564004602
139,1,"פורת","פורת","2014-08-02",32.2760995,34.9494485,767,86.253145879883
139,1,"פורת","פורת","2014-08-02",32.2760995,34.9494485,767,86.253145879883
139,1,"פורת","פורת","2014-08-02",32.2760995,34.9494485,767,86.253145879883
139,1,"פורת","פורת","2014-08-02",32.2760995,34.9494485,767,86.253145879883
139,1,"פורת","פורת","2014-08-02",32.2760995,34.9494485,767,86.253145879883
139,1,"פרדסיה","פרדסיה","2014-08-02",32.3079525,34.909346,171,87.6552178593734
139,1,"פרדסיה","פרדסיה","2014-08-02",32.3079525,34.909346,171,87.6552178593734
139,1,"פרדסיה","פרדסיה","2014-08-02",32.3079525,34.909346,171,87.6552178593734
139,1,"פרדסיה","פרדסיה","2014-08-02",32.3079525,34.909346,171,87.6552178593734
139,1,"פרדסיה","פרדסיה","2014-08-02",32.3079525,34.909346,171,87.6552178593734
93,1,"פרזון","פרזון","2015-03-11",32.5447335,35.3112965,2053,130.252258556403
139,1,"צור יגאל","צוריגאל","2014-08-02",32.2201335,34.9950665,1224,82.4526126720678
139,1,"צור יגאל","צוריגאל","2014-08-02",32.2201335,34.9950665,1224,82.4526126720678
139,1,"צור יגאל","צוריגאל","2014-08-02",32.2201335,34.9950665,1224,82.4526126720678
139,1,"צור יגאל","צוריגאל","2014-08-02",32.2201335,34.9950665,1224,82.4526126720678
139,1,"צור יגאל","צוריגאל","2014-08-02",32.2201335,34.9950665,1224,82.4526126720678
139,1,"צור יצחק","צוריצחק","2014-08-02",32.2410095,34.9979679,1345,85.7968629549206
139,1,"צור יצחק","צוריצחק","2014-08-02",32.2410095,34.9979679,1345,85.7968629549206
139,1,"צור יצחק","צוריצחק","2014-08-02",32.2410095,34.9979679,1345,85.7968629549206
139,1,"צור יצחק","צוריצחק","2014-08-02",32.2410095,34.9979679,1345,85.7968629549206
139,1,"צור יצחק","צוריצחק","2014-08-02",32.2410095,34.9979679,1345,85.7968629549206
139,1,"צור משה","צורמשה","2014-08-02",32.2957995,34.9133309,276,86.7376037321754
139,1,"צור משה","צורמשה","2014-08-02",32.2957995,34.9133309,276,86.7376037321754
139,1,"צור משה","צורמשה","2014-08-02",32.2957995,34.9133309,276,86.7376037321754
139,1,"צור משה","צורמשה","2014-08-02",32.2957995,34.9133309,276,86.7376037321754
139,1,"צור משה","צורמשה","2014-08-02",32.2957995,34.9133309,276,86.7376037321754
139,1,"צור נתן","צורנתן","2014-08-02",32.2404895,35.0124589,1148,86.6827146821363
139,1,"צור נתן","צורנתן","2014-08-02",32.2404895,35.0124589,1148,86.6827146821363
139,1,"צור נתן","צורנתן","2014-08-02",32.2404895,35.0124589,1148,86.6827146821363
139,1,"צור נתן","צורנתן","2014-08-02",32.2404895,35.0124589,1148,86.6827146821363
139,1,"צור נתן","צורנתן","2014-08-02",32.2404895,35.0124589,1148,86.6827146821363
95,1,"ציפורי","ציפורי","2015-03-11",32.7444796,35.278369,613,146.4485867971
93,1,"צנדלה","צנדלה","2015-03-11",32.523028,35.32288,636,128.997418142922
102,1,"צרופה","צרופה","2014-07-28",32.648887,34.945574,612,123.8663903832
102,1,"צרופה","צרופה","2014-07-28",32.648887,34.945574,612,123.8663903832
102,1,"צרופה","צרופה","2014-07-28",32.648887,34.945574,612,123.8663903832
139,1,"קדימה צורן","קדימהצורן","2014-08-02",32.28232,34.921187,195,83.9179423728472
139,1,"קדימה צורן","קדימהצורן","2014-08-02",32.28232,34.921187,195,83.9179423728472
139,1,"קדימה צורן","קדימהצורן","2014-08-02",32.28232,34.921187,195,83.9179423728472
139,1,"קדימה צורן","קדימהצורן","2014-08-02",32.28232,34.921187,195,83.9179423728472
139,1,"קדימה צורן","קדימהצורן","2014-08-02",32.28232,34.921187,195,83.9179423728472
105,1,"קיסריה","קיסריה","2014-07-28",32.496276,34.9199935,1020,106.366050120438
105,1,"קיסריה","קיסריה","2014-07-28",32.496276,34.9199935,1020,106.366050120438
139,1,"קלנסווה","קלנסווה","2014-08-02",32.292594,34.9782225,638,88.2496275328279
139,1,"קלנסווה","קלנסווה","2014-08-02",32.292594,34.9782225,638,88.2496275328279
139,1,"קלנסווה","קלנסווה","2014-08-02",32.292594,34.9782225,638,88.2496275328279
139,1,"קלנסווה","קלנסווה","2014-08-02",32.292594,34.9782225,638,88.2496275328279
139,1,"קלנסווה","קלנסווה","2014-08-02",32.292594,34.9782225,638,88.2496275328279
104,1,"רגבים","רגבים","2014-07-28",32.5224645,35.0342945,444,114.880783569788
104,1,"רגבים","רגבים","2014-07-28",32.5224645,35.0342945,444,114.880783569788
104,1,"רגבים","רגבים","2014-07-28",32.5224645,35.0342945,444,114.880783569788
104,1,"רגבים","רגבים","2014-07-28",32.5224645,35.0342945,444,114.880783569788
128,1,"רוויה","רוויה","2015-03-11",32.4488355,35.4735335,2016,131.057998834273
128,1,"רחוב","רחוב","2015-03-11",32.4509745,35.4891885,854,132.126612414068
95,1,"ריינה","ריינה","2015-03-11",32.7292385,35.305657,542,145.880120483203
93,1,"רם און","רםאון","2015-03-11",32.5269331,35.2608819,1069,125.660972942478
103,1,"רמות מנשה","רמותמנשה","2015-03-11",32.596922,35.057061,445,122.862760479269
103,1,"רמות מנשה","רמותמנשה","2015-03-11",32.596922,35.057061,445,122.862760479269
103,1,"רמות מנשה","רמותמנשה","2015-03-11",32.596922,35.057061,445,122.862760479269
87,1,"רמת דוד","רמתדוד","2015-03-11",32.6781214,35.2031079,135,135.670012647015
139,1,"רמת הכובש","רמתהכובש","2014-08-02",32.2173385,34.938611,184,80.3313605019196
139,1,"רמת הכובש","רמתהכובש","2014-08-02",32.2173385,34.938611,184,80.3313605019196
139,1,"רמת הכובש","רמתהכובש","2014-08-02",32.2173385,34.938611,184,80.3313605019196
139,1,"רמת הכובש","רמתהכובש","2014-08-02",32.2173385,34.938611,184,80.3313605019196
139,1,"רמת הכובש","רמתהכובש","2014-08-02",32.2173385,34.938611,184,80.3313605019196
103,1,"רמת השופט","רמתהשופט","2015-03-11",32.6122165,35.0959071,10013,118.101734387505
103,1,"רמת השופט","רמתהשופט","2015-03-11",32.6122165,35.0959071,10013,118.101734387505
103,1,"רמת השופט","רמתהשופט","2015-03-11",32.6122165,35.0959071,10013,118.101734387505
87,1,"רמת ישי","רמתישי","2015-03-11",32.7061594,35.1687169,122,137.808906054277
93,1,"רמת צבי","רמתצבי","2015-03-11",32.5925854,35.4122204,339,139.56674326709
128,1,"רשפים","רשפים","2015-03-11",32.4817394,35.4771789,437,134.037211639143
128,1,"שדה אליהו","שדהאליהו","2015-03-11",32.440773,35.5137175,304,133.168916997621
139,1,"שדה ורבורג","שדהורבורג","2014-08-02",32.20704,34.90421,284,77.8084993331871
139,1,"שדה ורבורג","שדהורבורג","2014-08-02",32.20704,34.90421,284,77.8084993331871
139,1,"שדה ורבורג","שדהורבורג","2014-08-02",32.20704,34.90421,284,77.8084993331871
139,1,"שדה ורבורג","שדהורבורג","2014-08-02",32.20704,34.90421,284,77.8084993331871
139,1,"שדה ורבורג","שדהורבורג","2014-08-02",32.20704,34.90421,284,77.8084993331871
87,1,"שדה יעקב","שדהיעקב","2015-03-11",32.697437,35.1419005,142,135.892457428313
128,1,"שדה נחום","שדהנחום","2015-03-11",32.5259385,35.4811185,259,138.77230656889
105,1,"שדות ים","שדותים","2014-07-28",32.492799,34.8925865,327,106.09261053473
105,1,"שדות ים","שדותים","2014-07-28",32.492799,34.8925865,327,106.09261053473
143,1,"שדי חמד","שדיחמד","2014-08-02",32.1563785,34.9423861,2015,75.323175720505
143,1,"שדי חמד","שדיחמד","2014-08-02",32.1563785,34.9423861,2015,75.323175720505
143,1,"שדי חמד","שדיחמד","2014-08-02",32.1563785,34.9423861,2015,75.323175720505
128,1,"שדי תרומות","שדיתרומות","2015-03-11",32.440574,35.4860065,2057,131.462828800854
128,1,"שלוחות","שלוחות","2015-03-11",32.471781,35.481756,439,133.187877921999
87,1,"שמשית","שמשית","2015-03-11",32.7328215,35.2467715,1337,144.423903909102
96,1,"שעורים","שעורים","2015-03-11",32.6968275,35.417603,47,146.428116790743
139,1,"שער אפרים","שעראפרים","2014-08-02",32.288277,34.9981165,661,89.8461182408628
139,1,"שער אפרים","שעראפרים","2014-08-02",32.288277,34.9981165,661,89.8461182408628
139,1,"שער אפרים","שעראפרים","2014-08-02",32.288277,34.9981165,661,89.8461182408628
139,1,"שער אפרים","שעראפרים","2014-08-02",32.288277,34.9981165,661,89.8461182408628
139,1,"שער אפרים","שעראפרים","2014-08-02",32.288277,34.9981165,661,89.8461182408628
142,1,"שפיים","שפיים","2014-08-02",32.2165834,34.8235531,232,75.2632966513731
142,1,"שפיים","שפיים","2014-08-02",32.2165834,34.8235531,232,75.2632966513731
142,1,"שפיים","שפיים","2014-08-02",32.2165834,34.8235531,232,75.2632966513731
142,1,"שפיים","שפיים","2014-08-02",32.2165834,34.8235531,232,75.2632966513731
142,1,"שפיים","שפיים","2014-08-02",32.2165834,34.8235531,232,75.2632966513731
87,1,"שריד","שריד","2015-03-11",32.6642239,35.2251395,126,135.82266569252
93,1,"תל יוסף","תליוסף","2015-03-11",32.555386,35.398222,84,136.375925711462
142,1,"תל יצחק","תליצחק","2014-08-02",32.2527169,34.869547,287,80.907915633692
142,1,"תל יצחק","תליצחק","2014-08-02",32.2527169,34.869547,287,80.907915633692
142,1,"תל יצחק","תליצחק","2014-08-02",32.2527169,34.869547,287,80.907915633692
142,1,"תל יצחק","תליצחק","2014-08-02",32.2527169,34.869547,287,80.907915633692
142,1,"תל יצחק","תליצחק","2014-08-02",32.2527169,34.869547,287,80.907915633692
139,1,"תל מונד","תלמונד","2014-08-02",32.2407701,34.9059535,10018,79.6048324873127
139,1,"תל מונד","תלמונד","2014-08-02",32.2407701,34.9059535,10018,79.6048324873127
139,1,"תל מונד","תלמונד","2014-08-02",32.2407701,34.9059535,10018,79.6048324873127
139,1,"תל מונד","תלמונד","2014-08-02",32.2407701,34.9059535,10018,79.6048324873127
139,1,"תל מונד","תלמונד","2014-08-02",32.2407701,34.9059535,10018,79.6048324873127
95,1,"תל עדשים","תלעדשים","2015-03-11",32.6565105,35.3039544,103,139.22338855956
128,1,"תל תאומים","תלתאומים","2015-03-11",32.4414475,35.497158,1283,132.490735921635
87,1,"תמרת","תמרת","2015-03-11",32.7030339,35.224277,1244,140.752941995203
