locality_code,sub_district,type_of_locality,local_authority_cluster,locality_name
0967,62,460,NA,ABU JUWEI'ID
0472,11,280,NA,ABU GHOSH
0473,24,270,212,ABU SINAN
0935,62,460,NA,
0958,62,460,NA,ABU ABDUN
1042,62,460,NA,ABU AMMAR
0932,62,460,NA,ABU AMRE
1342,62,290,610,
0968,62,460,NA,
0966,62,460,NA,ABU RUBEI'A
0961,62,460,NA,
1375,62,280,610,ABU TULUL
0652,31,290,310,IBTIN
1275,24,370,210,AVTALYON
0679,32,310,320,AVI'EL
1115,21,310,211,AVIVIM
0819,61,310,420,AVIGEDOR
3869,77,510,710,AVIGAYIL
0175,41,310,NA,AVIHAYIL
2052,23,310,213,AVITAL
1070,11,310,NA,AVI'EZER
1220,24,370,212,ABBIRIM
0182,41,170,NA,
1081,24,310,212,
0783,11,310,NA,EVEN SAPPIR
0400,61,190,NA,
4011,29,310,211,AVNE ETAN
3793,73,190,710,AVNE HEFEZ
3786,75,370,710,AVENAT
1311,62,370,620,AVSHALOM
3759,77,370,710,ADORA
0113,23,310,213,ADDIRIM
1068,24,330,212,ADAMIT
1123,11,310,NA,ADDERET
0446,41,310,NA,UDIM
4010,29,320,211,ODEM
1046,62,310,620,OHAD
2710,32,250,320,UMM AL-FAHM
2024,32,450,320,
1358,62,280,610,UMM BATIN
1108,23,350,213,OMEN
0680,41,310,NA,OMEZ
0031,62,160,620,OFAQIM
1294,21,320,211,OR HAGANUZ
0067,61,330,620,OR HANER
2400,52,160,NA,OR YEHUDA
1020,32,160,NA,OR AQIVA
0780,11,310,NA,ORA
2012,61,310,420,OROT
4013,29,330,211,ORTAL
0403,62,330,620,URIM
0882,31,340,310,ORANIM
3760,73,170,710,ORANIT
0278,31,330,310,USHA
0565,53,170,NA,AZOR
1157,61,350,420,AHAWA
0821,61,310,NA,AHUZZAM
1330,23,190,213,
0785,24,310,212,AHIHUD
0850,41,310,NA,AHITUV
0804,43,310,NA,AHISAMAKH
0797,43,191,NA,AHI'EZER
0965,62,460,NA,ATRASH
0338,61,340,620,IBBIM
0716,42,330,410,EYAL
0077,21,330,211,
0294,24,330,212,ELON
1126,62,330,610,ELOT
0049,22,310,214,ILANIYYA
2600,62,150,NA,ELAT
1336,44,370,NA,IRUS
3762,72,370,710,ITAMAR
0037,61,310,NA,ETAN
0886,11,340,NA,ETANIM
0478,23,270,213,IKSAL
1359,62,280,610,AL SAYYID
1339,61,450,420,AL-AZY
1316,32,450,320,AL-ARYAN
4003,29,330,211,EL-ROM
1145,61,350,NA,ALUMMA
0330,22,330,214,ALUMMOT
1182,23,310,213,
3579,72,190,710,ELON MORE
3604,76,190,NA,
0429,23,320,213,ALLONE ABBA
4017,29,320,211,
0868,32,340,320,
0285,23,330,213,ALLONIM
1365,61,370,NA,ELIAV
0041,41,190,NA,ELYAKHIN
4002,29,310,211,ELI-AD
1248,62,330,610,ELIFAZ
0730,21,310,211,ELIFELET
0682,23,310,213,ELYAQIM
0204,41,310,NA,ELYASHIV
0841,42,310,410,ELISHAMA
1125,22,310,214,ALMAGOR
3556,75,330,710,ALMOG
1309,42,150,NA,EL'AD
3618,76,190,NA,EL'AZAR
3750,73,180,710,
0603,24,310,212,ELQOSH
3560,73,190,710,ELQANA
0772,61,310,420,EMUNIM
1064,21,310,211,AMIRIM
1253,21,310,211,AMNUN
0023,61,320,NA,AMAZYA
4012,29,310,211,ANI'AM
0960,62,460,NA,ASAD
3754,77,370,NA,ASFAR
0529,24,270,310,I'BILLIN
0963,62,460,NA,A'SAM
0959,62,460,NA,AFEINISH
4301,29,330,211,AFIQ
0176,22,330,214,AFIQIM
0313,24,330,212,AFEQ
3650,76,170,NA,EFRAT
0701,22,310,214,ARBEL
3598,75,310,710,ARGAMAN
0714,61,330,620,EREZ
3570,73,160,NA,ARI'EL
1324,41,350,NA,ARSUF
0071,62,310,620,ESHBOL
1276,24,330,210,ESHBAL
0070,61,130,NA,ASHDOD
0199,22,330,214,YA'AQOV
0188,22,330,214,YA'AQOV
1188,24,370,210,ESHHAR
3722,77,370,710,ESHKOLOT
2021,62,340,620,
1152,62,370,610,ASHALIM
7100,61,140,NA,ASHQELON
1256,24,370,212,ASHERAT
0740,11,310,NA,ESHTA'OL
6000,32,260,NA,
0021,62,370,610,BE'ER ORA
1376,61,190,620,
0155,61,310,420,
2530,43,160,NA,
1278,62,310,610,BE'ER MILKA
9000,62,130,NA,BE'ER SHEVA
0450,42,330,NA,
0697,41,310,NA,BE'EROTAYIM
0399,62,330,620,BE'ERI
0559,24,310,212,
0482,25,270,214,
4001,29,280,211,BUQ'ATA
0698,41,310,NA,BURGETA
2043,41,330,NA,BAHAN
0762,62,310,620,BITHA
0234,61,310,420,BIZZARON
0998,24,270,310,
1348,62,290,610,BIR HADAGE
0368,21,350,211,BIRIYYA
0317,32,330,320,BET OREN
3574,74,180,710,BET EL
0562,44,310,420,BET EL'AZARI
0095,23,330,213,BET ALFA
3652,74,180,NA,
1076,42,340,410,BET BERL
0619,61,330,420,BET GUVRIN
0571,44,310,420,BET GAMLI'EL
0480,24,270,212,BEIT JANN
0466,43,180,NA,BET DAGAN
0723,62,310,620,BET HAGADDI
0373,41,310,NA,BET HALEWI
0322,21,310,211,BET HILLEL
0572,24,330,212,BET HAEMEQ
3645,75,330,710,BET HAARAVA
0242,23,330,213,
0353,23,350,213,BET ZEID
0710,11,310,NA,BET ZAYIT
0143,22,330,214,BET ZERA
3864,75,370,710,BET HOGLA
3575,74,370,710,BET HORON
0877,41,320,NA,BET HERUT
2033,44,310,420,BET HILQIYYA
0159,44,310,NA,BET HANAN
0800,32,310,320,BET HANANYA
1050,43,190,NA,
0288,41,310,NA,
0265,23,310,214,BET YOSEF
0200,41,310,NA,BET YANNAY
0326,41,191,NA,
3745,77,320,710,BET YATTIR
0430,23,310,213,
0751,11,310,NA,BET ME'IR
0784,43,310,NA,
0016,61,330,420,BET NIR
0672,11,310,NA,BET NEQOFA
0202,44,310,NA,BET OVED
0301,43,310,NA,BET UZZI'EL
0756,61,310,420,BET EZRA
0604,43,310,NA,BET ARIF
0212,32,340,320,BET ZEVI
0598,62,330,620,BET QAMA
0365,22,330,214,BET QESHET
0848,44,340,420,BET RABBAN
1162,23,330,214,BET RIMMON
9200,23,160,214,BET SHE'AN
2610,11,140,NA,
0248,23,310,213,BET SHE'ARIM
0747,61,310,620,BET SHIQMA
0252,41,310,NA,
3780,76,150,NA,BETAR ILLIT
0094,23,310,213,BALFURYA
0760,44,310,420,BEN ZAKKAY
0712,24,310,212,BEN AMMI
1084,43,340,NA,
2013,43,310,NA,
6100,52,130,NA,BENE BERAQ
1368,61,370,NA,BNE DEQALIM
0592,44,320,420,BENE DAROM
0386,41,320,410,BENE DEROR
4015,29,370,211,
1363,62,310,620,
0448,42,310,NA,BENE ATAROT
1066,44,180,420,BENE AYISH
0418,41,310,NA,BENE ZIYYON
0588,44,310,420,BENE RE'EM
0685,44,310,420,BENAYA
9800,32,170,320,
1326,32,270,NA,BASMA
0944,23,280,310,
0483,24,280,210,BI'NE
0389,41,310,NA,BAZRA
0589,24,310,212,BEZET
0864,11,310,NA,BEQOA
3612,75,310,710,BEQA'OT
0823,11,310,NA,BAR GIYYORA
1191,21,370,211,BAR YOHAY
3744,73,190,710,BRUKHIN
0428,61,330,620,BEROR HAYIL
2060,62,310,620,BEROSH
3710,72,190,710,BERAKHA
0746,61,310,620,BEREKHYA
0667,24,330,211,BAR'AM
0141,23,310,213,BARAQ
0617,32,330,320,BARQAY
3654,73,190,710,BARQAN
2038,42,191,NA,BAREQET
1323,61,350,620,BAT HADAR
1361,41,350,NA,BAT HEN
1319,41,190,NA,BAT HEFER
6200,53,140,NA,BAT YAM
3794,76,190,NA,BAT AYIN
0033,32,310,320,
0872,41,310,NA,
0379,41,310,410,GE'ULIM
0853,44,310,NA,GE'ALYA
0352,62,330,620,GEVULOT
0424,61,330,620,GEVIM
0086,23,330,213,GEVA
3763,74,180,710,
0683,32,310,320,
2014,62,310,620,GIV'OLIM
3644,74,370,710,
1344,62,370,620,GEVA'OT BAR
3862,74,510,710,
1362,11,370,NA,GIV'OT EDEN
1293,22,190,214,GIV'AT AVNI
1288,23,370,213,GIV'AT ELA
0147,44,193,420,
0870,42,330,410,
3730,74,160,710,GIV'AT ZE'EV
0207,42,310,410,GIV'AT HEN
2018,41,330,NA,HAYYIM
0173,41,330,NA,HAYYIM
4021,29,310,211,GIV'AT YO'AV
0787,11,310,NA,
0919,11,310,NA,
0802,42,310,NA,GIV'AT KOAH
0360,32,310,320,GIV'AT NILI
0703,23,330,213,GIV'AT OZ
0681,42,160,NA,
0566,11,510,NA,
1077,41,310,NA,
0793,61,310,420,GIV'ATI
6300,52,150,NA,GIV'ATAYIM
0342,61,330,620,GEVAR'AM
0133,23,330,213,GEVAT
0035,21,330,211,GADOT
1292,24,260,212,
0145,23,310,213,GADISH
0442,23,350,213,GID'ONA
2550,44,160,420,GEDERA
0485,24,280,212,JULIS
0852,21,330,211,GONEN
0755,24,310,212,GOREN
1219,24,350,212,
0457,23,330,213,GAZIT
0370,43,330,NA,GEZER
0706,61,310,620,GE'A
0196,44,350,420,GIBBETON
1043,11,350,NA,GIZO
1204,24,370,210,GILON
0736,62,310,620,GILAT
0262,22,330,214,GINNOSAR
0092,23,330,213,GINNEGAR
0863,43,310,NA,GINNATON
1206,24,370,212,GITTA
3613,75,310,710,GITTIT
0393,61,330,420,GAL'ON
0627,42,270,410,JALJULYE
3606,75,330,710,GILGAL
0346,51,330,NA,GELIL YAM
0369,23,330,213,
0745,43,310,NA,GIMZO
1072,44,310,NA,
0225,32,310,320,HASHOMERO
0239,42,310,410,GAN HAYYIM
0734,41,310,NA,
0166,44,160,NA,GAN YAVNE
1274,23,190,213,GAN NER
0311,44,310,NA,GAN SOREQ
0144,44,330,420,
0072,32,330,320,
0976,62,460,NA,JUNNABIB
0836,43,310,NA,GANNOT
0549,41,350,410,
1103,43,350,NA,
1371,44,370,420,GANNE TAL
0862,44,310,NA,
3823,74,190,710,
0218,42,350,410,GANNE AM
0229,42,160,NA,GANNE TIQWA
0541,32,270,320,
0842,41,330,NA,GA'ASH
0463,24,330,212,GA'TON
0039,11,310,NA,GEFEN
1129,62,330,610,GEROFIT
0487,21,290,211,
4022,29,330,211,GESHUR
0305,23,330,214,GESHER
0574,24,330,212,
0628,32,270,NA,JATT
0340,61,330,420,
0128,42,350,410,GAT RIMMON
0494,31,270,310,
0146,23,310,213,DEVORA
0489,23,270,213,DABURIYYA
0849,62,330,620,DVIR
0407,23,330,213,DAVERAT
0062,22,330,214,
0079,22,330,214,DEGANYA BET
1067,24,310,211,DOVEV
3747,74,370,710,DOLEV
0738,32,310,320,DOR
0336,61,330,620,DOROT
0475,23,450,213,DAHI
0490,24,270,210,DEIR AL-ASAD
0492,24,270,NA,DEIR HANNA
0493,11,440,NA,DEIR RAFAT
2200,62,160,610,DIMONA
2063,21,310,211,DISHON
0300,23,330,213,DALIYYA
0431,21,310,211,DALTON
1317,24,450,210,DEMEIDE
0303,21,330,211,DAN
0302,21,330,211,DAFNA
1241,62,310,620,DEQEL
1349,62,450,610,DERIG'AT
0702,22,330,214,HAON
0675,32,320,320,HABONIM
0356,21,330,211,HAGOSHERIM
0191,41,310,NA,HADAR AM
9700,42,150,410,
1322,22,340,214,HODAYOT
0726,61,310,620,HODIYYA
1169,62,460,NA,HAWASHLA
0956,62,460,NA,HUZAYYEL
1186,23,190,213,HOSHA'AYA
0250,23,330,213,HAZOREA
0307,22,310,214,HAZORE'IM
0434,32,330,320,HAHOTERIM
0684,23,310,213,HAYOGEV
1208,24,370,212,HILLA
0377,41,330,NA,HAMA'PIL
0677,23,330,213,HASOLELIM
0423,41,330,NA,HAOGEN
3769,74,190,710,HAR ADAR
3603,76,370,NA,HAR GILLO
1261,62,330,NA,HAR AMASA
0464,11,330,NA,HAR'EL
1249,23,330,213,HARDUF
6400,51,140,NA,HERZLIYYA
1203,24,370,210,HARARIT
3639,75,310,710,
1133,61,350,420,WARDON
2742,62,460,NA,ZABARGA
0815,61,310,NA,ZAVDI'EL
0044,61,310,NA,ZOHAR
0584,61,330,620,ZIQIM
0788,43,310,NA,ZETAN
9300,32,160,320,
0799,11,310,NA,ZEKHARYA
1290,41,280,NA,ZEMER
1065,62,310,620,ZIMRAT
0816,11,310,NA,ZANOAH
2064,62,310,620,ZERU'A
0975,23,280,213,ZARZIR
0818,61,310,NA,ZERAHYA
0235,41,310,NA,
1110,23,350,213,HEVER
0717,42,310,410,HAGOR
3764,77,370,710,HAGGAY
0205,41,310,NA,HOGLA
0618,43,310,NA,HADID
4026,29,370,211,HAD-NES
6500,32,140,NA,HADERA
1321,31,450,310,KHAWALED
0986,25,460,NA,KHAWALED
0948,24,460,210,
0160,43,330,NA,HULDA
6600,53,140,NA,HOLON
1239,62,330,620,HOLIT
0253,21,330,211,HULATA
0662,24,310,212,HOSEN
1332,24,450,210,HUSSNIYYA
0115,41,350,NA,HOFIT
0374,22,330,214,HUQOQ
1303,62,260,610,HURA
0496,24,280,212,HURFEISH
0355,42,330,410,HORESHIM
1047,21,310,211,HAZON
0219,41,310,NA,
3643,71,370,710,HINNANIT
4000,31,130,NA,HAIFA
0162,41,310,410,HERUT
1272,24,370,210,HALUZ
0820,61,310,620,HELEZ
0801,43,310,NA,HEMED
0993,22,450,214,HAMAM
0343,23,330,214,HAMADYA
3646,75,370,710,HEMDAT
3609,75,310,710,HAMRA
0807,41,310,NA,HANNI'EL
0280,24,330,212,HANITA
1257,23,330,213,HANNATON
4005,29,370,211,HASPIN
0363,44,330,420,
0090,23,330,213,HEFZI-BAH
0700,61,310,420,HAZAV
0013,62,310,610,HAZEVA
2034,21,170,211,
0406,61,330,420,
0397,62,330,620,HAZERIM
0422,41,310,NA,HEREV LE'ET
1024,41,350,NA,HARUZIM
1247,32,160,NA,HARISH
3717,71,370,710,HERMESH
1209,24,370,210,HARASHIM
3770,74,190,710,HASHMONA'IM
6700,22,150,214,TIBERIAS
0962,21,280,211,
0498,25,270,214,TUR'AN
2730,41,260,410,TAYIBE
0497,23,290,213,
2720,41,260,410,TIRE
0663,42,310,NA,
2100,31,160,310,
0268,23,330,214,TIRAT ZEVI
0462,11,310,NA,TAL SHAHAR
1181,24,370,210,TAL-EL
1177,62,330,610,TELALIM
3788,74,180,710,TALMON
8900,24,260,310,TAMRA
0547,23,450,213,
3743,77,370,710,TENE
1214,21,310,211,TEFAHOT
1295,24,280,NA,YANUH-JAT
1232,62,310,620,YEVUL
0046,22,190,214,YAVNE'EL
2660,44,150,NA,YAVNE
0096,31,330,310,YAGUR
0798,43,310,NA,YAGEL
0577,44,190,420,
1134,11,320,NA,
0758,41,330,NA,YAD HANNA
0358,61,330,620,
0775,61,310,NA,YAD NATAN
0064,43,310,NA,YAD RAMBAM
1144,11,340,NA,YEDIDA
9400,42,160,NA,
1158,62,330,610,YAHEL
2009,21,310,211,YUVAL
1226,24,370,210,YUVALLIM
1112,24,320,210,YODEFAT
4007,29,320,211,YONATAN
0803,62,310,620,YOSHIVYA
0452,23,330,213,YIZRE'EL
0409,24,330,212,YEHI'AM
0866,62,330,610,YOTVATA
3607,75,320,710,YITAV
0811,61,310,620,YAKHINI
0753,41,310,410,YANUV
2011,61,310,420,YINNON
0029,21,350,211,
0440,44,320,420,YESODOT
0575,24,330,212,YAS'UR
1138,24,310,210,YA'AD
1117,23,510,213,YA'EL
1044,41,350,410,YE'AF
0795,24,310,212,YA'ARA
0499,25,270,213,YAFI
3566,75,310,710,YAFIT
0134,23,330,213,YIF'AT
0453,21,330,211,YIFTAH
3749,72,190,710,YIZHAR
0759,43,310,NA,YAZIZ
0417,41,330,NA,YAQUM
3647,73,190,710,YAQIR
0241,23,310,213,
0240,23,160,310,
0623,24,330,211,YIR'ON
2026,23,310,214,YARDENA
0831,62,170,610,YEROHAM
3000,11,120,NA,JERUSALEM
0718,42,310,410,YARHIV
0502,24,270,212,YIRKA
0183,42,310,410,YARQONA
0916,62,310,620,YESHA
0805,11,310,NA,YISH'I
0828,43,310,NA,YASHRESH
1227,62,310,620,YATED
0504,24,270,310,KABUL
0505,24,290,NA,
0576,24,330,212,KABRI
0371,22,340,214,KADOORIE
1338,21,370,211,KADDITA
3564,74,190,710,
1224,42,180,410,KOKHAV YA'IR
3779,74,190,710,
0824,61,310,620,
1252,21,350,211,KORAZIM
1210,21,310,211,KAHAL
1367,62,450,610,KOCHLEA
0840,62,330,620,KISSUFIM
1153,24,330,210,KISHOR
1183,24,370,212,KELIL
1229,21,310,211,KALLANIT
1331,24,450,210,KAMANE
1291,62,310,610,KEMEHIN
1201,24,370,210,KAMMON
2006,61,340,420,KANNOT
4028,29,310,211,KANAF
0063,22,350,214,
0057,22,330,214,
1059,62,260,610,KUSEIFE
0859,11,310,NA,KESALON
1296,24,280,NA,KISRA-SUMEI
0978,25,280,213,TABBASH-
0857,44,310,NA,KEFAR AVIV
3638,74,180,710,
0364,11,310,NA,
0690,61,310,420,KEFAR AHIM
0220,31,310,310,KEFAR BIALIK
0177,44,310,NA,KEFAR BILU
0357,21,330,211,KEFAR BLUM
2010,43,310,NA,
0633,42,290,410,KAFAR BARA
0132,23,310,213,
0106,23,310,213,KEFAR GID'ON
0427,32,340,320,
0310,32,330,320,
0076,21,330,211,KEFAR GIL'ADI
0707,43,320,NA,
3796,74,190,710,
0192,23,330,213,
0254,31,330,310,
0582,44,310,NA,
0890,31,340,310,HANO'AR
0443,21,330,211,
0187,41,310,410,KEFAR HESS
0217,41,310,NA,
0888,61,310,420,KEFAR HARIF
0190,41,191,NA,KEFAR VITKIN
0320,61,310,420,
1263,24,180,212,
1325,11,340,NA,
0786,22,310,214,KEFAR ZETIM
0696,43,180,NA,KEFAR HABAD
0609,21,310,211,
0255,22,320,214,KEFAR HITTIM
0193,41,310,NA,
1297,21,370,211,
0112,31,310,310,
0889,31,350,310,
4004,29,330,211,KEFAR HARUV
0673,43,310,NA,
0507,24,270,212,KAFAR YASIF
0233,41,310,NA,
0140,23,310,213,
0168,41,160,410,KEFAR YONA
0085,23,310,213,
0170,41,310,410,KEFAR YA'BEZ
0508,22,290,214,KAFAR KAMA
0509,25,260,213,KAFAR KANNA
0387,41,310,NA,
1095,62,310,620,
0098,42,310,410,KEFAR MALAL
0510,24,260,NA,
0274,61,330,420,
0297,24,330,212,
0512,25,290,213,KAFAR MISR
0764,44,310,NA,
0316,41,310,NA,
0345,21,330,211,KEFAR SZOLD
6900,42,150,410,KEFAR SAVA
0107,61,340,620,
0249,42,310,410,KEFAR SIRKIN
0875,41,340,410,KEFAR AVODA
0845,61,330,620,KEFAR AZZA
3488,76,330,NA,KEFAR EZYON
0189,32,310,320,KEFAR PINES
0634,42,260,410,
0388,22,310,214,KEFAR KISCH
0654,32,260,320,KAFAR QARA
0579,24,330,212,
1130,24,310,212,ROZENWALD
0295,23,330,214,
1166,43,310,NA,KEFAR RUT
0605,21,310,211,
0743,43,310,NA,
0267,51,350,NA,
0047,22,190,214,KEFAR TAVOR
3572,73,370,710,
1285,21,370,211,KARKOM
1094,44,340,420,
0664,21,310,211,
0088,43,350,NA,
0580,32,310,320,
1085,62,330,620,
1264,43,350,NA,
3766,77,370,NA,KARME ZUR
1374,61,370,NA,KARME KATIF
1139,24,160,210,KARMI'EL
0768,61,330,620,KARMIYYA
1198,62,330,620,KERAMIM
3656,77,320,710,KARMEL
1207,24,350,210,LAVON
0585,22,330,214,LAVI
1230,21,310,211,LIVNIM
2023,62,330,620,LAHAV
0380,21,330,211,
0715,32,330,320,
1271,62,180,NA,LEHAVIM
7000,43,150,NA,LOD
0052,11,310,NA,LUZIT
0595,24,330,212,
1171,24,330,210,LOTEM
1255,62,330,610,LOTAN
0674,24,310,212,LIMAN
0024,61,310,NA,LAKHISH
1310,43,190,NA,LAPPID
1173,24,310,212,LAPPIDOT
1060,62,270,620,LAQYE
2055,32,310,320,MA'OR
0102,32,340,320,
0771,11,320,NA,MEVO BETAR
3569,71,370,710,MEVO DOTAN
3709,74,192,710,MEVO HORON
4204,29,330,211,MEVO HAMMA
1141,43,370,NA,MEVO MODI'IM
1318,41,340,NA,MEVO'OT YAM
3825,75,370,710,
1080,62,350,620,MABBU'IM
0829,62,310,620,MIVTAHIM
0573,61,310,620,MAVQI'IM
1015,11,160,NA,
0481,22,260,214,MUGHAR
0516,24,270,210,
0689,32,310,320,MEGADIM
0065,22,190,214,MIGDAL
0874,23,160,213,
3561,76,330,NA,MIGDAL OZ
4201,29,270,211,
3751,72,370,710,MIGDALIM
0586,23,330,213,MEGIDDO
0375,32,330,320,MAGGAL
0695,62,330,620,MAGEN
1155,23,310,213,
0722,42,310,410,MAGSHIMIM
2029,23,310,213,MIDRAKH OZ
1140,62,350,610,
0897,41,340,NA,
3797,74,150,710,MODI'IN ILLIT
1200,43,140,NA,MAKKABBIM-
0269,23,320,213,MOLEDET
0208,11,350,NA,MOZA ILLIT
0635,23,290,213,MUQEIBLE
1163,24,330,210,MORAN
1178,24,370,210,MORESHET
0606,42,310,NA,MAZOR
0028,44,170,420,
0104,23,330,213,MIZRA
0517,24,290,212,MAZRA'A
3599,75,310,710,MEHOLA
1411,44,510,NA,
1418,62,510,610,MAHANE TALI
1413,23,510,213,
1416,62,510,610,
1415,62,510,620,
1196,62,350,NA,
1414,61,510,420,
1412,44,510,420,
0308,21,330,211,MAHANAYIM
0776,11,310,NA,MAHSEYA
0043,21,190,211,METULA
0822,11,310,NA,MATTA
1128,32,320,320,ME AMMI
2054,23,310,213,METAV
1154,23,340,214,METAL
0649,32,450,320,MEISER
4019,29,310,211,MEZAR
1282,23,330,214,MERAV
0607,21,310,211,MERON
0731,44,310,NA,MESHAR
1268,62,170,610,METAR
3614,75,310,710,MEKHORA
1343,62,290,610,MAKCHUL
0382,41,310,NA,MIKHMORET
1202,24,370,210,MIKHMANNIM
0164,23,310,213,MELE'A
2044,62,310,620,MELILOT
0596,21,330,211,MALKIYYA
2030,61,310,NA,MENUHA
1174,24,310,210,MANOF
1205,24,310,212,MANOT
0048,23,350,214,MENAHEMYA
0347,21,330,211,MENARA
0994,25,450,213,
1258,22,370,214,MASSAD
0263,22,330,214,MASSADA
0298,23,330,214,MESILLOT
0742,11,310,NA,
0748,62,310,620,MASLUL
4203,29,290,211,MAS'ADE
0939,62,460,NA,
0197,41,330,NA,MA'BAROT
1082,62,370,620,MA'GALIM
0678,22,330,214,MA'AGAN
0694,32,193,320,
0272,23,330,214,
3657,77,320,710,MA'ON
0570,24,310,212,ME'ONA
0416,21,330,211,
0290,32,330,320,MA'YAN ZEVI
0518,24,290,212,MI'ELYA
3616,76,160,710,
3608,75,350,NA,
1127,23,330,214,
4008,29,310,211,
0286,11,330,NA,
3752,74,370,710,
3651,74,190,710,
1327,32,270,NA,MA'ALE IRON
3653,76,370,NA,MA'ALE AMOS
1063,24,160,212,
0344,32,330,320,MA'ANIT
0230,42,310,410,MA'AS
0668,61,330,620,MEFALLESIM
0325,24,330,212,MAZZUVA
0757,43,310,NA,MAZLIAH
0058,22,350,214,MIZPA
1222,24,370,210,MIZPE AVIV
1370,32,370,320,MITSPE ILAN
3576,75,190,710,
1190,23,370,214,
0099,62,180,610,MIZPE RAMON
3610,75,330,710,
0648,32,330,320,MEZER
0022,53,340,NA,
0843,21,310,211,
4101,29,330,211,
1340,62,370,610,MERHAV AM
0097,23,310,213,
0066,23,330,213,
1098,61,190,NA,
0421,62,330,610,
0765,44,310,NA,MISGAV DOV
0378,21,330,211,MISGAV AM
0520,25,280,213,MESHHED
3605,75,310,710,MASSU'A
0620,61,320,NA,
3785,75,370,710,MASKIYYOT
0670,43,310,NA,
0563,43,330,NA,
0732,21,310,211,
0395,62,330,620,
0130,23,330,213,
0729,43,310,NA,
0194,41,330,NA,
3865,76,510,NA,
0213,32,330,320,MISHMAROT
0425,41,310,410,MISHMERET
0791,61,310,620,MASH'EN
1315,42,190,410,MATTAN
1184,24,370,212,MATTAT
3648,74,320,710,MATTITYAHU
4551,29,310,211,NE'OT GOLAN
1124,62,310,NA,
0408,21,330,211,
1197,62,330,610,
0524,23,290,213,NA'URA
0396,62,310,620,NEVATIM
0315,61,330,420,NEGBA
3724,77,370,710,NEGOHOT
0309,61,350,NA,NEHORA
0080,23,310,213,NAHALAL
9100,24,150,212,NAHARIYYA
4304,29,310,211,NOV
0055,61,310,NA,NOGAH
1366,62,310,620,NAVE
0926,32,340,NA,NEWE AVOT
0590,23,330,214,NEWE UR
4303,29,310,211,NEWE ATIV
0405,11,320,NA,NEWE ILAN
0296,23,330,214,NEWE ETAN
3725,76,190,NA,
1057,62,350,NA,NEWE ZOHAR
1314,24,370,212,NEWE ZIV
1279,62,330,610,NEWE HARIF
0312,32,330,320,NEWE YAM
0686,42,310,410,NEWE YAMIN
0858,42,310,410,NEWE YARAQ
0827,61,310,420,NEWE MIVTAH
1071,11,310,NA,
3573,74,370,710,NEVE TSUF
1259,11,350,NA,
0015,61,310,NA,NO'AM
1333,43,370,NA,NOF AYYALON
1061,25,160,213,NOF HAGALIL
3790,73,350,710,NOFIM
1284,31,190,310,NOFIT
0257,42,370,NA,NOFEKH
3726,76,190,NA,NOQEDIM
0447,41,192,410,NORDIYYA
0833,23,370,213,NURIT
0059,11,310,NA,NEHUSHA
0844,61,330,620,NAHAL OZ
2045,61,310,420,NAHALA
3767,74,370,710,NAHALI'EL
0449,42,310,NA,NEHALIM
0809,11,310,NA,NAHAM
0522,24,270,210,NAHEF
0433,32,330,320,NAHSHOLIM
0777,11,330,NA,NAHSHON
0705,42,330,410,NAHSHONIM
1147,24,310,212,NETU'A
4014,29,310,211,NATUR
1369,61,370,NA,NETA
0174,44,310,NA,NETA'IM
1254,11,370,NA,NATAF
0523,23,290,213,NEIN
3655,74,190,710,NILI
0351,61,190,620,NIZZAN
1419,61,350,620,NIZZAN B
1195,62,340,610,
1280,62,310,610,
0851,41,310,410,NIZZANE OZ
0359,61,330,620,NIZZANIM
0808,42,330,410,NIR ELIYYAHU
0553,61,310,420,NIR BANIM
0720,44,320,420,NIR GALLIM
0256,23,330,214,
0011,61,310,NA,NIR HEN
0165,23,310,213,NIR YAFE
0402,62,330,620,NIR YIZHAQ
0699,61,310,620,NIR YISRA'EL
2047,62,310,620,NIR MOSHE
0069,62,330,620,NIR OZ
0348,61,330,620,NIR AM
0769,32,320,320,NIR EZYON
2048,62,310,620,NIR AQIVA
0331,43,310,NA,NIR ZEVI
0602,62,330,620,NIRIM
1236,42,370,410,NIRIT
4035,29,510,211,NIMROD
0825,11,310,NA,NES HARIM
1143,24,350,212,NES AMMIM
7200,44,160,NA,NES ZIYYONA
0186,41,340,NA,NE'URIM
3787,74,190,710,NA'ALE
3713,75,310,710,NA'AMA
0158,43,330,NA,NA'AN
3620,75,330,710,NA'ARAN
1041,62,460,NA,NASASRA
1372,44,310,420,
0435,43,330,NA,
7300,25,250,213,NAZARETH
2500,31,160,310,NESHER
3555,75,310,710,
0693,11,330,NA,
1242,61,310,620,
0792,24,310,212,
0246,62,150,620,NETIVOT
7400,41,130,NA,NETANYA
0525,24,290,210,SAJUR
0578,24,330,211,SASA
0587,42,190,NA,SAVYON
2046,61,310,420,SEGULLA
0942,25,450,213,
0989,24,460,NA,
0526,23,290,213,SULAM
3756,77,370,710,SUSEYA
1238,62,330,620,SUFA
7500,24,260,NA,SAKHNIN
1170,62,460,NA,SAYYID
1245,24,290,210,SALLAMA
3567,73,310,710,SAL'IT
1156,62,330,610,SAMAR
3777,77,370,710,SANSANA
0419,62,330,620,SA'AD
1360,62,280,610,SA'WA
0454,24,330,212,SA'AR
1176,62,350,610,SAPPIR
0610,43,310,NA,SITRIYYA
0892,24,310,212,AVDON
0376,24,330,212,EVRON
0794,11,310,NA,AGUR
4501,29,290,211,GHAJAR
1199,23,370,213,ADI
2035,42,310,410,ADANIM
0826,61,310,NA,UZA
0528,25,290,214,UZEIR
0737,41,310,NA,OLESH
0666,62,180,NA,OMER
0810,32,310,320,OFER
0032,61,310,NA,OZEM
0957,62,460,NA,
0328,62,370,610,EZUZ
1149,61,350,420,EZER
0837,41,310,410,AZRI'EL
0711,43,310,NA,AZARYA
0817,61,310,420,AZRIQAM
0969,62,460,NA,ATAWNE
3658,74,370,710,ATERET
1175,62,310,610,IDDAN
0530,22,280,214,EILABUN
0156,44,340,NA,AYANOT
0511,25,280,213,ILUT
0687,32,310,320,EN AYYALA
0546,21,450,211,EIN AL-ASAD
0273,22,330,214,EN GEV
2042,62,330,NA,EN GEDI
0436,23,330,213,EN DOR
1240,62,310,620,EN HABESOR
0074,32,370,320,EN HOD
0167,41,330,NA,
0289,24,330,212,EN HAMIFRAZ
0383,23,330,214,EN HANAZIV
0367,23,350,213,EN HAEMEQ
0270,23,330,213,EN HASHOFET
0676,62,330,620,
0157,41,310,410,EN WERED
4503,29,330,211,EN ZIWAN
1320,32,450,320,EIN HOD
1053,62,320,NA,EN HAZEVA
0089,23,330,213,
0082,23,330,213,
0806,62,310,610,EN YAHAV
0813,24,310,212,EN YA'AQOV
1056,11,510,NA,
0426,32,330,320,EN KARMEL
0532,25,270,213,EIN MAHEL
0521,11,290,NA,EIN NAQQUBA
0223,32,310,320,EN IRON
0622,61,330,NA,EN ZURIM
4502,29,290,211,EIN QINIYYE
0514,11,450,NA,EIN RAFA
0139,32,330,320,EN SHEMER
0880,41,350,410,EN SARID
1251,62,310,NA,EN TAMAR
0871,42,330,410,ENAT
1187,62,510,610,IR OVOT
7600,24,150,212,AKKO
1146,62,330,620,ALUMIM
3765,72,190,710,ELI
3727,73,180,710,ALE ZAHAV
0688,21,310,211,ALMA
3715,74,370,710,ALMON
1212,21,370,211,AMUQQA
3824,74,370,710,AMMIHAY
0779,11,310,NA,AMMINADAV
0385,21,330,211,AMMI'AD
0318,62,310,620,AMMI'OZ
0773,32,310,320,AMMIQAM
0319,21,330,211,AMIR
3660,73,180,710,IMMANU'EL
0708,24,310,212,AMQA
3712,73,370,710,ENAV
0534,31,270,310,ISIFYA
7700,23,150,213,AFULA
3617,74,190,710,OFRA
0917,24,370,210,
0531,24,260,NA,ARRABE
1246,24,450,212,ARAMSHA
1335,24,450,210,ARAB AL NAIM
2560,62,160,610,ARAD
0593,61,310,420,ARUGOT
0637,32,260,NA,AR'ARA
1192,62,260,610,
3861,77,510,710,ASA'EL
0591,44,350,NA,ASERET
0053,32,170,320,ATLIT
3748,77,370,710,OTNI'EL
1151,62,310,610,PARAN
3768,73,190,710,PEDU'EL
0750,62,310,620,PEDUYIM
0838,43,310,NA,PEDAYA
0537,32,270,320,FUREIDIS
1104,22,350,214,
1105,22,350,214,
1313,22,350,214,PORIYYA ILLIT
0767,41,310,410,PORAT
0749,62,310,620,PATTISH
1185,24,330,210,PELEKH
0597,44,330,NA,PALMAHIM
3723,77,370,710,PENE HEVER
3659,74,190,710,PESAGOT
0535,24,290,212,FASSUTA
2059,62,310,620,
3615,75,310,710,PEZA'EL
0536,24,280,NA,
0281,24,310,212,
7800,32,160,320,HANNA-
0171,41,180,NA,PARDESIYYA
0599,21,330,211,PAROD
2053,23,310,213,PERAZON
1231,62,310,620,PERI GAN
7900,42,130,NA,PETAH TIQWA
0839,43,310,NA,PETAHYA
0413,62,330,620,ZE'ELIM
1180,24,370,210,ZVIYYA
1213,24,330,211,ZIV'ON
0465,11,330,NA,ZOVA
1136,62,350,620,ZOHAR
1111,44,510,420,ZOFIYYA
3791,73,190,710,ZUFIM
0198,42,310,410,ZOFIT
1150,62,310,610,ZOFAR
1102,41,350,NA,ZUQI YAM
1262,62,370,610,ZUQIM
1113,11,170,NA,ZUR HADASSA
1345,42,180,410,ZUR YIZHAQ
0276,41,190,410,ZUR MOSHE
1148,42,320,410,ZUR NATAN
0774,24,310,212,ZURI'EL
1221,24,370,210,ZURIT
0613,23,310,213,ZIPPORI
0796,11,310,NA,ZELAFON
0636,23,450,213,SANDALA
0594,43,310,NA,ZAFRIYYA
1079,11,310,NA,ZAFRIRIM
8000,21,160,211,ZEFAT
0612,32,310,320,ZERUFA
0567,11,330,NA,ZOR'A
1234,62,460,NA,QABBO'A
0334,44,330,420,
3557,73,190,710,QEDUMIM
0195,41,160,410,
0392,61,510,420,QEDMA
4025,29,310,211,QIDMAT ZEVI
3781,76,370,NA,QEDAR
0615,44,310,420,QIDRON
1211,21,330,211,QADDARIM
0964,62,460,NA,
0972,62,460,NA,QAWA'IN
0766,61,310,NA,QOMEMIYYUT
1179,24,370,210,QORANIT
1052,62,330,610,QETURA
1167,32,180,320,QESARYYA
0414,62,310,620,QELAHIM
3601,75,330,710,QALYA
0638,41,260,410,QALANSAWE
4024,29,370,211,QELA
1243,32,190,320,QAZIR
1347,62,290,610,QASR A-SIR
4100,29,180,211,QAZRIN
2620,52,160,NA,QIRYAT ONO
3611,77,180,710,QIRYAT ARBA
6800,31,150,310,QIRYAT ATTA
9500,31,160,310,QIRYAT BIALIK
2630,61,150,NA,QIRYAT GAT
2300,31,170,310,
9600,31,160,310,QIRYAT YAM
1137,11,180,NA,
2039,11,340,NA,YE'ARIM
8200,31,150,310,
1034,61,160,420,
3746,73,370,710,
0078,11,330,NA,
0469,44,170,420,
0412,41,340,NA,
2800,21,160,211,
3640,73,170,710,
4006,29,320,211,QESHET
0543,24,280,210,RAME
1334,24,450,210,RAS AL-EIN
0990,31,450,310,RAS ALI
2640,42,150,NA,ROSH HAAYIN
0026,21,190,211,ROSH PINNA
3602,76,330,NA,ROSH ZURIM
8300,44,130,NA,
3795,72,190,710,REVAVA
0564,61,330,420,REVADIM
0354,62,330,610,REVIVIM
1225,22,330,214,RAVID
0390,24,320,212,REGBA
0444,32,330,320,REGAVIM
1161,62,250,620,RAHAT
2051,61,310,NA,REWAHA
2016,23,310,214,REWAYA
1341,62,340,610,RUAH MIDBAR
0362,61,330,620,RUHAMA
0539,25,450,214,RUMMANE
0997,25,290,214,RUMAT HEIB
3619,75,310,710,RO'I
3782,75,370,710,ROTEM
0854,23,310,214,REHOV
8400,44,140,NA,REHOVOT
3822,72,370,710,REHELIM
0540,21,450,211,REIHANIYYE
3568,71,320,710,REHAN
0542,25,260,213,REINE
3565,74,370,710,RIMMONIM
0616,42,310,NA,RINNATYA
0922,31,170,310,REKHASIM
1069,23,310,213,RAM-ON
4702,29,310,211,RAMOT
0206,42,350,410,
0735,43,310,NA,RAMOT ME'IR
0445,23,330,213,
0372,21,310,211,
8500,43,150,NA,RAMLA
8600,52,140,NA,RAMAT GAN
0135,23,330,213,RAMAT DAWID
0184,42,330,410,
4029,29,370,211,TRUMP
0335,23,330,213,
2650,51,160,NA,
0178,31,330,310,
0122,23,180,213,
4701,29,320,211,
0339,23,310,213,RAMAT ZEVI
0460,11,310,NA,
0127,11,330,NA,RAMAT RAHEL
0789,62,310,620,RANNEN
0713,62,330,620,RE'IM
8700,42,150,410,RA'ANNANA
1228,24,370,210,RAQQEFET
0247,41,310,NA,RISHPON
0437,23,330,214,RESHAFIM
1260,62,320,610,RETAMIM
0324,21,310,211,
1377,62,310,620,
0282,24,320,212,
3571,72,370,710,
0913,23,280,214,
1286,62,270,610,
0721,22,310,214,SEDE ILAN
0304,23,330,214,
0861,21,310,211,
0885,62,330,610,SEDE BOQER
0036,61,310,NA,SEDE DAWID
0284,42,310,410,
0293,61,330,420,SEDE YO'AV
0142,23,310,213,
2008,32,310,320,SEDE YIZHAQ
0018,61,310,NA,SEDE MOSHE
0259,23,330,214,SEDE NAHUM
0329,21,330,211,
1058,62,310,620,SEDE NIZZAN
0739,61,310,420,
2049,62,310,620,SEDE ZEVI
0327,32,330,320,SEDOT YAM
0027,11,310,NA,SEDOT MIKHA
1223,62,310,620,
2015,42,310,410,SEDE HEMED
2057,23,310,214,
0555,44,310,NA,SHEDEMA
0306,22,310,214,
3578,75,320,710,
1031,61,160,620,SEDEROT
0741,11,310,NA,SHO'EVA
0761,62,310,620,SHUVA
0394,62,330,620,SHOVAL
1304,43,160,NA,SHOHAM
0614,24,310,212,SHOMERA
1265,62,330,620,SHOMERIYYA
0415,62,310,620,SHOQEDA
0456,11,320,NA,SHORESH
1235,24,320,210,SHORASHIM
0224,41,350,NA,
0527,24,310,211,SHEZOR
0007,61,310,NA,SHAHAR
1266,62,370,610,SHAHARUT
3868,73,510,710,SHAHARIT
0865,62,310,620,SHIBBOLIM
1378,62,370,610,SHEZAF
1267,62,510,610,SHITTIM
0658,24,290,212,
3641,74,180,710,SHILO
1165,43,310,NA,SHILAT
1160,24,370,210,SHEKHANYA
0873,61,310,NA,SHALWA
1373,62,510,610,
0439,23,330,214,SHELUHOT
0812,24,180,212,SHELOMI
1364,62,370,620,SHLOMIT
0366,21,330,211,SHAMIR
3784,77,370,710,SHIM'A
0432,24,330,212,SHAMERAT
1337,23,190,213,SHIMSHIT
1287,62,370,NA,SHANI
1132,21,330,211,SENIR
0538,24,280,NA,SHA'AB
4009,29,310,211,SHA'AL
0856,43,330,NA,SHA'ALVIM
0661,41,191,410,
0264,22,330,214,
0237,31,330,310,
0921,32,340,320,
3826,73,180,710,
0232,41,330,NA,SHEFAYIM
0692,61,310,NA,SHAFIR
0846,21,310,211,SHEFER
8800,24,260,310,SHEFAR'AM
3649,71,370,710,SHAQED
1233,61,310,NA,SHEQEF
0292,22,310,214,SHARONA
1114,11,350,NA,
0126,23,330,213,SARID
0398,62,310,620,SHARSHERET
1045,24,310,212,SHETULA
0763,61,191,420,SHETULIM
2062,62,310,620,TE'ASHUR
2061,62,310,620,TIDHAR
1172,24,330,210,TUVAL
3558,75,310,710,TOMER
1083,62,350,620,TUSHIYYA
0163,61,320,420,TIMMORIM
0010,11,310,NA,TIROSH
5000,51,130,NA,
0084,23,330,213,TEL YOSEF
0287,41,330,NA,TEL YIZHAQ
0154,41,170,410,TEL MOND
0103,23,310,213,TEL ADASHIM
3815,74,180,710,TEL TSIYON
0719,22,330,214,TEL QAZIR
1054,62,260,610,TEL SHEVA
1283,23,370,214,TEL TE'OMIM
3719,77,320,710,TELEM
1051,62,310,620,
2003,32,310,320,
2050,62,310,620,TALME BILU
1237,62,310,620,TALME YOSEF
0727,61,310,420,
0744,61,320,620,TALME YAFE
0814,61,310,NA,TELAMIM
1244,23,370,213,TIMRAT
2002,41,310,410,TENUVOT
0752,11,310,NA,TA'OZ
0709,62,191,620,TIFRAH
0665,62,310,620,TEQUMA
3563,76,190,NA,TEQOA
1346,62,450,610,
0970,62,460,NA,
0778,11,310,NA,TARUM
