"District","year","month","מקלט","חירום","בתי חולים","אזעקה","מרחב מוגן","פיקוד העורף","צבע אדום","התקף חרדה","מד""א","שלום","מלחמה","בחירות","טרור","הפסקת אש","נתניהו","חמאס","ליכוד","ממשלה","סיפוח","ריבונות","התנחלויות","מדינה פלסטינית","alert"
"Center District",2014,1,20,19,69,5,0,0,0,0,0,71,32,2,32,0,16,0,0,25,0,0,100,0,0
"Center District",2014,2,26,20,0,11,0,2,0,0,0,65,44,1,0,0,12,0,0,17,0,0,0,0,0
"Center District",2014,3,0,22,79,9,0,1,0,0,0,72,47,2,0,0,15,0,0,0,0,0,0,0,0
"Center District",2014,4,0,17,0,5,0,0,0,0,0,62,58,0,0,0,10,0,0,15,0,0,0,0,0
"Center District",2014,5,30,15,0,5,0,1,0,0,0,72,50,1,0,0,18,0,0,24,0,0,0,0,0
"Center District",2014,6,30,20,0,0,0,0,0,0,0,65,49,1,0,0,5,5,0,20,0,0,0,0,0
"Center District",2014,7,55,29,0,100,100,100,100,0,0,73,100,2,100,69,22,100,0,15,0,0,0,0,0.547222155211927
"Center District",2014,8,23,16,0,26,44,19,39,0,0,60,68,1,47,33,16,41,0,23,0,0,0,0,0.768306274576026
"Center District",2014,9,28,23,0,12,0,2,6,0,0,75,33,1,45,18,10,8,0,15,0,0,0,0,0.0454104648638217
"Center District",2014,10,0,28,0,7,0,2,3,0,11,67,35,2,39,0,9,5,0,19,0,0,0,0,0
"Center District",2014,11,0,24,0,5,0,2,0,0,0,63,41,4,0,0,12,0,0,33,0,0,0,0,0
"Center District",2014,12,0,18,80,5,0,0,0,0,0,68,28,12,0,0,20,5,36,16,0,0,0,0,0
"Center District",2015,1,32,21,81,4,0,1,0,0,10,75,37,17,43,0,22,0,33,19,0,0,0,0,0
"Center District",2015,2,0,21,0,6,0,0,0,0,0,66,37,24,0,0,48,0,31,24,0,0,0,0,0
"Center District",2015,3,0,13,0,6,0,0,0,0,0,72,41,61,0,0,67,4,56,51,0,0,0,0,0.257291440749088
"Center District",2015,4,24,20,0,8,0,0,0,0,0,72,37,3,0,0,18,0,0,19,0,0,0,0,0
"Center District",2015,5,27,14,0,10,0,5,3,0,0,74,33,3,0,0,20,3,0,28,0,0,0,0,0.000975963941196994
"Center District",2015,6,25,20,0,9,0,4,3,0,0,64,33,3,0,0,9,5,0,16,0,0,0,0,0
"Center District",2015,7,35,16,0,8,0,1,0,0,0,64,44,1,0,0,12,4,0,18,0,0,0,0,0
"Center District",2015,8,0,15,58,6,0,1,0,0,9,70,24,1,0,0,9,4,0,11,0,0,0,0,0
"Center District",2015,9,0,26,0,5,0,1,4,0,0,78,29,1,0,0,14,0,0,21,0,0,0,0,0.000975963941196994
"Center District",2015,10,22,24,0,8,0,1,5,0,9,69,32,3,74,0,22,10,0,20,0,0,0,0,0
"Center District",2015,11,0,17,0,7,0,1,0,0,11,62,25,2,81,0,14,3,12,15,0,75,0,0,0
"Center District",2015,12,18,17,61,6,0,1,3,0,7,77,33,1,56,0,17,0,0,26,0,0,0,0,0
"Center District",2016,1,23,19,48,4,0,1,1,58,10,70,27,2,41,0,15,3,6,17,0,0,0,0,0
"Center District",2016,2,21,20,52,9,0,1,3,0,5,78,33,2,34,0,14,3,0,18,0,0,0,0,0
"Center District",2016,3,15,19,57,7,0,1,2,47,8,73,35,2,45,0,14,4,0,15,0,0,0,0,0
"Center District",2016,4,27,23,32,4,0,1,2,45,4,70,32,1,23,0,9,4,0,16,0,0,0,0,0
"Center District",2016,5,14,20,51,4,0,1,2,49,3,82,36,2,28,0,21,3,7,28,0,0,0,0,0
"Center District",2016,6,14,25,75,6,0,1,1,46,4,74,24,2,38,0,15,3,9,16,0,0,0,0,0.00165687464520268
"Center District",2016,7,16,22,64,6,0,1,2,36,7,73,23,1,34,0,22,2,0,17,0,0,0,0,0
"Center District",2016,8,15,20,62,5,0,0,1,52,6,64,46,1,33,0,11,2,0,13,0,0,0,0,0
"Center District",2016,9,20,21,41,11,0,4,1,46,9,90,51,2,20,0,21,3,7,23,0,0,0,0,0.896087652822456
"Center District",2016,10,13,25,57,6,0,0,0,57,6,73,44,3,26,0,14,2,7,14,0,0,0,0,0
"Center District",2016,11,13,23,40,6,0,1,1,34,6,74,26,8,27,0,24,1,6,26,0,39,0,0,0
"Center District",2016,12,12,21,50,6,0,1,1,39,3,66,27,2,22,0,26,1,6,22,0,0,50,0,0.123421007693621
"Center District",2017,1,12,23,73,7,0,1,2,46,7,71,26,2,23,0,30,3,10,31,0,0,0,0,0
"Center District",2017,2,14,22,61,8,0,1,2,55,7,69,22,1,21,0,26,4,6,19,0,0,0,0,0.196899406601675
"Center District",2017,3,16,25,58,4,0,0,2,44,6,65,26,2,23,0,18,3,0,17,0,100,0,0,0.04156051943066
"Center District",2017,4,17,27,61,4,0,0,2,58,5,63,30,3,24,0,15,2,0,19,0,0,0,0,0
"Center District",2017,5,13,24,61,5,0,1,1,32,5,72,23,5,23,0,21,3,6,20,0,0,0,0,0
"Center District",2017,6,14,25,67,4,0,1,1,0,6,68,25,3,23,0,13,2,7,16,0,0,0,0,0
"Center District",2017,7,13,24,60,5,0,1,2,51,8,63,28,2,19,0,20,3,6,15,0,0,0,0,0
"Center District",2017,8,14,22,58,9,0,1,2,31,6,70,22,1,21,0,31,2,9,18,0,0,0,0,0.310466800343897
"Center District",2017,9,14,31,59,5,0,1,1,0,7,72,23,2,18,0,36,1,0,16,0,0,0,0,0
"Center District",2017,10,13,26,48,5,0,1,2,76,8,78,25,2,38,0,24,3,0,24,0,0,0,0,0
"Center District",2017,11,13,20,60,17,0,1,4,52,9,72,22,2,19,0,26,2,5,25,0,28,0,0,0
"Center District",2017,12,14,24,52,5,0,1,4,32,8,72,24,2,19,0,23,3,9,20,0,30,0,0,0
"Center District",2018,1,27,26,66,7,0,1,2,48,10,71,18,2,21,0,89,2,6,23,0,0,0,0,0
"Center District",2018,2,15,26,48,5,0,1,3,34,5,70,23,2,21,0,52,3,7,33,0,0,0,0,0.0448113585139936
"Center District",2018,3,23,23,54,9,0,3,3,30,5,63,24,4,22,0,37,2,10,21,0,0,0,0,0
"Center District",2018,4,22,23,49,7,0,1,1,39,5,77,37,2,22,0,32,3,5,30,0,0,0,0,0
"Center District",2018,5,19,22,44,6,0,3,5,48,5,71,34,3,35,0,26,4,0,21,0,0,0,0,0
"Center District",2018,6,15,22,62,5,0,1,3,53,3,71,18,3,34,0,27,3,8,16,0,0,0,0,0
"Center District",2018,7,12,24,50,7,0,3,6,34,4,63,20,4,26,0,23,5,6,16,0,0,0,0,0
"Center District",2018,8,13,23,62,5,0,2,4,38,6,70,19,7,33,4,23,5,6,20,0,0,0,0,0
"Center District",2018,9,19,31,46,3,0,1,3,47,3,70,21,9,23,0,28,3,10,18,0,0,0,0,0
"Center District",2018,10,15,24,31,5,0,1,3,47,4,78,20,95,28,0,45,5,16,21,0,25,0,0,0.0821429651463753
"Center District",2018,11,21,24,52,6,0,7,7,41,4,77,26,30,11,9,35,15,10,26,0,42,0,0,0.000230809871369081
"Center District",2018,12,98,24,59,6,0,1,4,41,4,74,20,6,34,0,43,4,13,25,0,26,0,100,0.2670772621591
"Center District",2019,1,100,23,83,4,0,1,2,41,2,79,23,12,33,0,43,4,34,29,0,0,0,0,0
"Center District",2019,2,90,22,46,4,0,1,2,65,3,72,21,20,22,0,52,2,100,33,0,0,0,0,0
"Center District",2019,3,43,24,65,31,9,9,14,53,5,74,21,34,24,7,87,7,30,35,9,0,0,0,0.22996390491318
"Center District",2019,4,18,27,56,4,0,1,2,36,0,63,20,100,29,0,90,2,65,77,12,0,0,0,0
"Center District",2019,5,26,25,55,21,0,23,18,27,3,75,43,8,31,22,43,9,9,43,0,0,0,0,0.184758502101977
"Center District",2019,6,18,26,46,5,0,2,2,58,0,71,23,10,21,0,41,4,7,30,0,0,0,0,0
"Center District",2019,7,15,32,63,4,0,1,3,61,4,70,18,11,19,0,35,4,8,18,9,0,0,0,0
"Center District",2019,8,22,26,59,5,0,1,3,45,2,74,18,17,24,0,51,5,18,19,0,0,0,0,0
"Center District",2019,9,14,26,54,6,9,1,3,51,5,82,25,100,26,0,100,4,49,83,14,61,0,0,0
"Center District",2019,10,20,32,30,4,0,1,3,66,3,75,22,5,21,0,59,2,12,42,0,0,0,0,0
"Center District",2019,11,28,31,61,23,18,38,25,75,3,78,30,6,39,16,69,7,12,44,0,27,21,0,0.288818390748328
"Center District",2019,12,16,24,65,4,0,1,3,67,3,70,19,11,19,0,51,4,36,33,0,95,0,0,0
"Center District",2020,1,16,28,60,4,0,1,3,65,2,75,21,12,19,0,45,4,10,23,25,70,0,0,0
"Center District",2020,2,19,26,75,5,0,2,6,58,0,77,19,27,22,0,55,4,24,27,9,26,20,0,0
"Center District",2020,3,19,100,100,2,0,3,3,54,6,62,23,53,27,0,80,2,26,83,5,26,0,0,0
"Center District",2020,4,19,45,95,4,0,4,2,69,3,72,36,4,18,0,56,2,8,48,15,34,0,0,0
"Center District",2020,5,18,33,61,3,0,2,2,67,2,69,25,2,24,0,63,2,10,50,22,28,0,0,0
"Center District",2020,6,30,29,60,5,0,1,2,57,3,70,20,2,18,0,34,2,9,27,100,61,0,0,0
"Center District",2020,7,14,29,82,4,7,2,3,74,5,69,19,2,18,0,58,3,11,47,26,30,0,0,0
"Center District",2020,8,17,24,51,4,0,1,3,68,3,100,17,4,16,0,53,4,10,32,18,36,0,0,0
"Center District",2020,9,18,42,83,4,0,9,2,78,5,94,22,3,22,0,48,3,8,32,5,19,0,0,0
"Center District",2020,10,20,27,60,3,0,5,2,68,3,82,31,5,26,0,58,3,16,38,6,42,0,0,0
"Center District",2020,11,17,29,55,5,0,5,4,65,2,68,26,25,22,0,41,2,10,27,6,35,0,0,0.000320551710369267
"Center District",2020,12,18,30,70,3,0,18,4,44,6,65,23,7,18,0,41,2,13,29,0,0,0,0,0
"Center District",2021,1,15,27,97,4,0,20,2,72,4,69,31,11,14,0,42,2,13,27,5,32,0,0,0
"Center District",2021,2,13,27,73,4,0,19,4,100,3,67,20,18,15,0,49,2,14,42,0,0,0,0,0
"Center District",2021,3,25,22,67,3,0,13,2,65,5,94,21,75,20,0,75,2,31,56,8,0,0,0,0
"Center District",2021,4,13,27,72,6,0,5,3,66,3,76,28,6,24,0,50,3,11,68,9,31,0,0,0
"Center District",2021,5,69,40,68,50,82,85,71,82,2,86,59,5,60,100,46,48,8,58,0,18,0,0,0.91608000284238
"Center District",2021,6,27,25,55,6,0,4,2,67,2,65,32,3,23,0,68,12,16,100,0,0,0,0,0
"Center District",2021,7,17,25,63,4,0,15,2,59,7,66,19,2,10,0,35,5,8,26,0,0,23,0,0
"Center District",2021,8,19,27,94,7,0,31,3,65,24,68,18,1,16,0,29,6,7,25,0,0,0,0,0.04305824848491
"Center District",2021,9,18,29,42,4,0,31,4,74,30,72,21,1,20,0,22,6,4,18,0,0,0,0,0
"Center District",2021,10,15,28,59,4,0,12,3,73,18,80,20,2,16,0,33,4,9,28,0,30,0,0,0
"Center District",2021,11,11,25,70,10,0,10,3,56,20,63,22,2,17,0,30,4,6,22,0,34,0,0,0.203532164573795
"Center District",2021,12,18,27,48,6,0,19,3,51,30,70,21,1,18,0,28,4,0,22,0,0,0,0,0
"Center District",2022,1,18,28,57,4,0,29,2,70,100,72,27,1,14,0,41,4,8,26,0,23,0,0,0
"Center District",2022,2,17,26,65,4,0,8,4,61,19,84,70,1,17,0,25,4,7,29,9,18,0,0,0
"Center District",2022,3,21,27,64,4,0,5,2,69,12,71,53,1,49,0,24,3,4,26,5,21,0,0,0
"Center District",2022,4,18,26,58,6,0,4,4,73,9,67,38,3,42,0,29,7,9,33,0,0,0,0,0
"Center District",2022,5,20,30,60,7,0,3,3,69,6,73,33,4,43,0,32,11,9,29,0,20,0,0,0
"Center District",2022,6,27,29,55,4,0,4,4,81,10,72,26,4,21,0,32,4,13,38,0,0,0,0,0
"Center District",2022,7,15,28,69,6,0,4,1,78,8,77,24,5,18,0,36,3,31,35,4,0,0,0,0
"Center District",2022,8,24,27,67,16,17,18,23,70,3,82,29,8,27,48,23,8,63,20,0,0,0,0,0.29353395635321
"Center District",2022,9,16,29,68,5,0,2,2,74,4,80,29,12,28,0,26,2,21,23,8,0,0,0,0
"Center District",2022,10,18,30,49,3,0,1,2,74,2,77,28,31,41,0,49,3,37,40,5,20,0,0,0
"Center District",2022,11,21,25,51,3,0,2,2,65,1,77,20,48,30,0,49,2,37,58,0,33,0,0,0
"Center District",2022,12,13,28,51,4,0,2,2,54,2,67,20,3,25,0,34,2,16,48,4,26,0,0,0
"Haifa District",2014,1,0,17,65,8,0,0,0,0,0,51,37,2,0,0,14,0,0,22,0,0,0,NA,0
"Haifa District",2014,2,0,18,0,0,0,0,0,0,0,64,62,0,0,0,11,0,0,26,0,0,0,NA,0
"Haifa District",2014,3,0,13,0,0,0,0,0,0,0,72,64,2,0,0,19,0,0,21,0,0,0,NA,0
"Haifa District",2014,4,0,20,0,0,0,0,0,0,0,63,78,0,0,0,14,0,0,24,0,0,0,NA,0
"Haifa District",2014,5,0,11,0,0,0,0,0,0,0,67,49,2,0,0,16,0,0,23,0,0,0,NA,0
"Haifa District",2014,6,0,19,0,10,0,0,0,0,0,72,37,2,0,0,10,9,0,0,0,0,0,NA,0
"Haifa District",2014,7,36,24,0,100,0,100,100,0,0,69,100,0,76,75,16,100,0,0,0,0,0,NA,0.230806699000953
"Haifa District",2014,8,0,18,0,22,0,19,31,0,0,65,50,0,100,0,15,30,0,0,0,0,0,NA,0.109936575052854
"Haifa District",2014,9,0,20,100,12,0,4,0,0,0,69,44,0,71,0,12,0,0,0,0,0,0,NA,0
"Haifa District",2014,10,0,18,0,16,0,6,0,0,0,68,39,2,0,0,14,0,0,23,0,0,0,NA,0.00493305144467935
"Haifa District",2014,11,0,18,0,0,0,6,0,0,0,66,34,2,0,87,12,0,0,21,0,0,0,NA,0
"Haifa District",2014,12,0,14,0,0,0,0,0,0,0,75,34,13,0,0,23,6,0,22,0,0,0,NA,0
"Haifa District",2015,1,0,14,0,0,0,0,0,0,0,58,34,15,0,0,21,0,50,26,0,0,0,NA,0
"Haifa District",2015,2,0,0,0,0,0,0,0,0,0,61,37,19,0,0,42,0,0,41,0,0,0,NA,0
"Haifa District",2015,3,0,13,0,0,0,4,0,0,0,67,36,55,0,0,82,0,70,42,0,0,0,NA,0
"Haifa District",2015,4,0,12,0,14,0,0,0,0,0,75,49,3,0,0,15,0,0,0,0,0,0,NA,0
"Haifa District",2015,5,0,12,0,0,0,9,0,0,0,68,33,4,0,0,25,0,0,26,0,0,0,NA,0
"Haifa District",2015,6,0,17,72,11,0,0,0,0,0,61,31,2,0,0,9,0,0,0,0,0,0,NA,0
"Haifa District",2015,7,0,17,0,0,0,4,15,0,0,72,37,0,0,0,6,0,0,0,0,0,0,NA,0
"Haifa District",2015,8,0,18,0,0,0,0,0,0,0,66,17,1,0,0,16,0,0,0,0,0,0,NA,0
"Haifa District",2015,9,0,15,0,0,0,0,0,0,0,67,33,0,0,0,15,0,0,0,0,0,0,NA,0
"Haifa District",2015,10,0,23,0,0,0,3,0,0,0,77,32,2,79,0,25,5,0,28,0,0,0,NA,0
"Haifa District",2015,11,0,18,0,0,0,3,0,0,0,60,30,2,0,0,12,0,0,22,0,0,0,NA,0
"Haifa District",2015,12,0,24,0,0,0,4,0,0,0,73,18,1,0,0,23,0,0,0,0,0,0,NA,0
"Haifa District",2016,1,18,12,39,5,0,3,8,0,0,57,26,1,29,0,18,4,0,18,0,0,0,NA,0
"Haifa District",2016,2,0,15,0,8,0,3,0,0,0,66,44,2,33,0,16,0,0,15,0,0,0,NA,0
"Haifa District",2016,3,0,12,0,6,0,0,0,0,0,68,30,1,29,0,18,0,0,19,0,0,0,NA,0
"Haifa District",2016,4,26,17,0,0,0,0,0,0,0,71,27,2,0,0,12,4,0,13,0,0,0,NA,0
"Haifa District",2016,5,0,20,37,8,0,0,0,0,0,63,37,2,0,0,25,0,0,14,0,0,0,NA,0
"Haifa District",2016,6,19,18,82,10,0,2,0,0,0,58,29,3,46,0,20,0,0,13,0,100,0,NA,0.363417775005533
"Haifa District",2016,7,0,19,0,7,0,3,0,0,0,67,25,1,44,0,22,0,0,14,0,0,0,NA,0
"Haifa District",2016,8,0,22,0,0,0,2,0,0,0,58,47,1,0,0,14,0,0,0,0,0,0,NA,0
"Haifa District",2016,9,0,23,0,11,0,8,0,0,8,76,52,3,0,0,30,0,0,16,0,0,0,NA,0.852824000482907
"Haifa District",2016,10,20,24,0,0,0,0,0,0,0,68,46,3,0,0,19,0,0,15,0,0,0,NA,0
"Haifa District",2016,11,0,26,55,7,0,4,0,0,0,68,33,8,31,0,28,0,0,20,0,0,0,NA,0
"Haifa District",2016,12,0,21,44,0,0,2,0,0,9,68,21,2,42,0,25,0,0,21,0,0,0,NA,0.00500010060564599
"Haifa District",2017,1,0,16,43,5,0,2,7,0,9,66,26,2,0,0,38,3,0,26,0,0,0,NA,0
"Haifa District",2017,2,0,20,47,10,0,0,0,0,0,63,29,1,37,0,29,0,0,12,0,0,0,NA,0.0188961979272204
"Haifa District",2017,3,0,21,43,7,0,0,0,0,0,67,35,1,0,0,21,5,0,11,0,0,0,NA,0
"Haifa District",2017,4,0,20,36,9,0,0,6,0,8,59,32,3,30,0,16,0,0,16,0,0,0,NA,0
"Haifa District",2017,5,0,22,39,6,0,0,0,0,8,61,32,6,0,0,22,0,0,16,28,0,0,NA,0
"Haifa District",2017,6,0,23,0,0,0,0,0,0,0,73,27,2,0,0,19,0,0,12,0,0,0,NA,0
"Haifa District",2017,7,0,25,0,5,0,0,6,0,0,60,27,2,0,0,21,3,0,21,0,0,0,NA,0
"Haifa District",2017,8,0,22,34,8,0,2,0,0,0,65,20,1,0,0,35,0,0,0,0,0,0,NA,0
"Haifa District",2017,9,0,24,51,0,0,2,0,0,0,73,16,1,0,0,30,0,0,16,0,0,0,NA,0
"Haifa District",2017,10,0,27,44,9,0,2,0,0,0,70,28,2,37,0,26,0,0,12,26,0,0,NA,0.323436642828548
"Haifa District",2017,11,0,19,35,9,0,3,5,0,0,67,23,2,26,0,27,0,0,16,0,0,0,NA,0.0050677829561573
"Haifa District",2017,12,0,21,0,4,0,3,7,0,9,70,28,1,0,0,21,3,0,19,0,0,0,NA,0
"Haifa District",2018,1,21,22,53,4,0,2,4,0,0,63,25,2,0,0,87,0,0,23,0,0,0,NA,0
"Haifa District",2018,2,18,21,0,10,0,5,5,0,0,71,30,2,0,0,65,0,0,28,0,0,0,NA,0
"Haifa District",2018,3,18,26,28,10,0,7,0,0,7,66,24,3,0,0,42,3,17,20,0,0,100,NA,0
"Haifa District",2018,4,28,24,29,9,0,2,0,0,0,68,51,3,22,0,37,0,0,18,0,0,0,NA,0
"Haifa District",2018,5,21,21,50,11,0,8,8,0,0,62,58,3,24,0,30,5,0,10,0,0,0,NA,0
"Haifa District",2018,6,18,21,0,7,0,2,8,72,0,68,19,3,0,0,32,3,0,14,0,0,0,NA,0
"Haifa District",2018,7,0,23,30,7,0,5,8,0,0,66,23,3,24,0,25,4,0,22,0,0,0,NA,0
"Haifa District",2018,8,15,26,52,5,0,4,7,49,9,83,15,7,0,0,28,4,0,17,0,0,0,NA,0
"Haifa District",2018,9,23,32,32,6,0,0,10,100,0,70,23,10,0,0,30,4,0,23,0,0,0,NA,0.413766764176636
"Haifa District",2018,10,12,25,29,6,0,3,4,0,5,68,27,90,0,0,47,6,18,23,0,0,0,NA,0.411081195975627
"Haifa District",2018,11,0,23,0,9,0,7,11,0,0,74,31,24,0,0,35,14,18,21,0,0,0,NA,0.275288696155183
"Haifa District",2018,12,91,26,65,4,0,2,8,0,0,69,27,5,44,0,46,4,0,21,0,0,0,NA,0
"Haifa District",2019,1,100,25,41,6,0,2,6,0,0,71,33,11,27,0,42,3,29,28,0,0,0,NA,0
"Haifa District",2019,2,76,24,50,0,0,2,0,0,0,72,23,20,28,0,48,0,100,23,0,0,0,NA,0
"Haifa District",2019,3,26,19,32,12,0,9,11,0,6,65,19,33,0,0,78,6,37,28,0,0,0,NA,0.0150811446670651
"Haifa District",2019,4,0,24,44,5,0,2,0,0,0,62,21,100,31,0,86,3,84,61,19,0,0,NA,0
"Haifa District",2019,5,19,24,36,14,0,14,14,0,0,68,40,7,25,24,47,6,0,36,0,0,0,NA,0
"Haifa District",2019,6,22,27,30,7,0,5,4,43,0,67,23,10,20,0,39,3,16,25,0,0,0,NA,0
"Haifa District",2019,7,0,28,28,9,0,2,4,48,0,68,23,11,19,0,34,5,0,19,0,0,0,NA,0.390171083337457
"Haifa District",2019,8,14,20,43,6,0,2,7,0,0,69,21,18,0,0,48,4,23,21,0,0,71,NA,0
"Haifa District",2019,9,0,27,41,7,0,2,5,57,0,72,27,99,24,0,100,2,66,72,0,0,0,NA,0
"Haifa District",2019,10,17,29,46,4,0,2,9,0,0,64,28,5,25,0,54,2,14,33,0,0,0,NA,0
"Haifa District",2019,11,17,30,35,17,0,21,19,47,0,76,32,6,20,0,65,7,20,42,0,0,0,NA,0
"Haifa District",2019,12,0,26,44,4,0,0,0,38,0,62,20,11,0,0,47,4,40,26,0,84,0,NA,0
"Haifa District",2020,1,0,27,42,0,0,2,4,0,0,70,27,12,0,0,37,3,0,17,19,0,0,NA,0
"Haifa District",2020,2,19,27,37,0,0,3,6,50,0,69,24,29,23,0,50,4,27,19,0,0,0,NA,0
"Haifa District",2020,3,9,100,66,3,0,6,6,0,5,60,34,57,19,0,68,2,38,66,0,0,0,NA,0
"Haifa District",2020,4,13,46,44,5,0,8,4,37,0,68,41,3,25,0,51,2,0,46,0,0,0,NA,0
"Haifa District",2020,5,0,37,46,4,0,4,3,36,0,63,30,2,19,0,58,0,22,48,0,0,0,NA,0
"Haifa District",2020,6,23,32,29,4,0,2,3,41,0,69,27,2,15,0,29,2,0,23,100,52,0,NA,0
"Haifa District",2020,7,9,30,55,4,0,4,0,0,4,62,26,2,23,0,57,3,12,46,30,0,0,NA,0
"Haifa District",2020,8,12,23,40,6,0,2,7,36,0,100,21,4,0,0,49,3,12,27,19,0,0,NA,0
"Haifa District",2020,9,13,35,59,3,0,18,6,33,0,75,28,3,20,32,45,2,0,25,0,0,0,NA,0
"Haifa District",2020,10,17,29,43,4,0,12,3,51,0,72,23,5,0,0,48,2,19,37,0,0,0,NA,0
"Haifa District",2020,11,16,24,43,5,0,12,6,63,0,63,34,28,19,0,37,3,0,24,0,0,0,NA,0
"Haifa District",2020,12,18,34,38,5,0,59,6,42,0,65,31,5,0,0,35,0,13,24,0,0,0,NA,0
"Haifa District",2021,1,21,27,48,4,0,46,0,0,0,56,29,11,18,0,37,2,17,24,0,0,0,NA,0
"Haifa District",2021,2,17,26,43,4,0,46,7,43,0,60,22,20,0,0,45,0,15,41,0,0,0,NA,0
"Haifa District",2021,3,15,23,42,5,0,35,5,36,0,96,20,71,0,0,64,2,47,47,0,0,0,NA,0
"Haifa District",2021,4,18,24,30,6,0,15,5,39,0,70,26,6,0,0,46,3,0,61,0,0,0,NA,0
"Haifa District",2021,5,39,32,50,45,100,85,66,49,0,76,67,4,51,100,40,41,15,46,0,0,0,NA,0.142980617043239
"Haifa District",2021,6,17,22,46,6,0,9,5,0,0,61,39,3,18,0,64,6,22,100,0,0,0,NA,0
"Haifa District",2021,7,11,23,63,6,0,33,6,0,0,75,20,1,0,0,35,3,0,28,0,0,0,NA,0
"Haifa District",2021,8,10,27,43,8,0,85,5,36,23,65,22,1,0,0,28,3,0,20,0,0,0,NA,0
"Haifa District",2021,9,17,40,33,4,0,97,5,52,25,69,25,1,0,0,24,3,0,11,0,0,0,NA,0
"Haifa District",2021,10,10,23,44,4,0,35,4,0,20,67,20,2,19,0,29,2,15,24,0,0,0,NA,0
"Haifa District",2021,11,17,22,51,9,0,25,5,0,20,60,25,2,0,0,27,3,0,22,0,0,0,NA,0.223368734946668
"Haifa District",2021,12,15,31,32,19,0,42,4,52,19,54,21,1,17,0,26,2,0,20,0,0,0,NA,0
"Haifa District",2022,1,15,29,45,5,0,94,4,55,100,67,23,2,25,0,38,2,0,25,0,0,0,NA,0
"Haifa District",2022,2,17,27,33,14,0,31,12,57,25,72,78,1,17,0,27,0,12,27,0,0,0,NA,0.0523227034957613
"Haifa District",2022,3,16,24,45,4,0,16,6,32,15,69,62,1,34,0,24,3,0,24,0,0,0,NA,0
"Haifa District",2022,4,13,28,45,7,0,10,6,46,8,60,45,2,30,0,26,3,0,29,0,0,0,NA,0
"Haifa District",2022,5,21,29,37,10,0,6,5,59,5,69,35,4,35,0,29,5,8,26,0,0,0,NA,0
"Haifa District",2022,6,23,29,34,4,0,11,8,42,10,67,23,4,24,0,29,2,18,32,0,0,0,NA,0
"Haifa District",2022,7,13,28,38,8,0,11,5,40,11,62,26,5,20,0,30,3,30,23,0,0,0,NA,0
"Haifa District",2022,8,15,26,28,11,0,16,20,62,4,78,28,9,19,39,23,5,67,18,0,0,0,NA,0
"Haifa District",2022,9,13,29,29,5,0,3,0,53,0,67,31,12,17,0,22,2,23,22,0,0,0,NA,0
"Haifa District",2022,10,16,26,55,4,0,4,5,35,0,72,28,30,31,0,41,3,37,28,0,0,0,NA,0
"Haifa District",2022,11,17,26,37,8,0,5,5,46,0,71,26,46,21,0,44,2,47,55,0,38,44,NA,0
"Haifa District",2022,12,21,30,40,4,0,2,4,50,4,54,24,3,21,0,32,2,16,35,0,0,0,NA,0
"Jerusalem District",2014,1,0,20,0,10,0,0,0,0,37,64,39,2,0,0,24,0,0,0,0,0,NA,0,0
"Jerusalem District",2014,2,0,21,0,18,0,4,0,0,0,55,28,2,0,0,13,0,0,0,0,0,NA,0,0
"Jerusalem District",2014,3,0,0,0,0,0,3,0,0,0,57,47,4,0,0,16,0,0,0,0,0,NA,0,0
"Jerusalem District",2014,4,0,0,0,0,0,0,0,0,0,54,46,2,0,0,15,0,0,0,0,0,NA,0,0
"Jerusalem District",2014,5,0,17,0,0,0,5,0,0,0,59,36,2,0,0,11,0,0,26,0,0,NA,0,0
"Jerusalem District",2014,6,0,19,0,0,0,0,0,0,0,45,24,2,54,0,8,12,0,27,0,0,NA,0,0
"Jerusalem District",2014,7,0,28,0,100,100,100,100,0,0,69,84,0,100,80,16,100,0,23,0,0,NA,0,0.954159494013655
"Jerusalem District",2014,8,0,16,0,15,0,19,40,0,0,59,67,0,0,0,14,47,0,0,0,0,NA,0,0.160993017543181
"Jerusalem District",2014,9,0,32,0,0,0,0,0,0,0,52,28,0,0,0,12,11,0,0,0,0,NA,0,0
"Jerusalem District",2014,10,0,16,0,0,0,0,0,0,0,66,33,2,0,0,10,0,0,23,0,0,NA,0,0
"Jerusalem District",2014,11,0,22,0,0,0,0,0,0,0,42,24,3,0,0,16,0,0,28,0,0,NA,0,0
"Jerusalem District",2014,12,0,18,0,0,0,0,0,0,0,46,20,17,0,0,20,0,0,21,0,0,NA,0,0
"Jerusalem District",2015,1,0,30,0,0,0,0,0,0,0,59,31,19,0,0,25,10,62,37,0,0,NA,0,0
"Jerusalem District",2015,2,0,0,0,0,0,0,0,0,0,53,34,23,0,0,56,0,41,30,0,0,NA,0,0
"Jerusalem District",2015,3,0,18,0,0,0,0,0,0,0,59,17,62,0,0,70,0,61,32,0,0,NA,0,0
"Jerusalem District",2015,4,0,15,0,13,0,5,0,0,0,58,46,4,0,0,15,0,0,0,0,0,NA,0,0
"Jerusalem District",2015,5,0,0,0,0,0,4,0,0,0,61,35,2,0,0,22,0,0,36,0,0,NA,0,0
"Jerusalem District",2015,6,0,28,0,13,0,4,0,0,33,49,20,2,0,0,12,0,0,34,0,0,NA,0,0
"Jerusalem District",2015,7,14,16,0,8,0,2,5,0,22,56,26,1,0,0,13,6,0,27,0,0,NA,0,0
"Jerusalem District",2015,8,18,17,0,8,0,2,5,0,26,54,20,1,34,0,10,6,0,21,0,0,NA,0,0
"Jerusalem District",2015,9,19,19,48,7,0,2,4,0,15,56,19,1,35,0,12,4,0,16,0,0,NA,0,0
"Jerusalem District",2015,10,0,31,0,9,0,3,6,0,30,63,21,2,74,0,27,19,0,37,0,0,NA,0,0
"Jerusalem District",2015,11,0,21,0,0,0,3,0,0,32,59,23,2,88,0,16,0,0,49,0,0,NA,0,0
"Jerusalem District",2015,12,0,15,0,0,0,0,0,0,37,68,35,2,95,0,21,0,0,69,0,0,NA,0,0
"Jerusalem District",2016,1,0,32,0,6,0,0,0,0,22,53,18,2,59,0,12,0,0,47,0,0,NA,0,0
"Jerusalem District",2016,2,0,15,0,7,0,0,0,0,27,60,28,2,29,0,18,5,0,37,0,0,NA,0,0
"Jerusalem District",2016,3,0,14,0,0,0,0,0,0,34,56,26,2,42,0,13,8,0,50,0,0,NA,0,0
"Jerusalem District",2016,4,0,23,0,0,0,0,0,0,30,55,32,3,0,0,12,0,0,31,0,0,NA,0,0
"Jerusalem District",2016,5,0,16,79,0,0,0,0,0,52,65,34,2,45,0,25,5,0,63,0,0,NA,0,0
"Jerusalem District",2016,6,0,22,62,6,0,2,0,0,46,57,14,2,33,0,20,0,0,39,0,0,NA,0,0
"Jerusalem District",2016,7,0,20,57,6,0,0,0,0,42,56,18,1,28,0,25,0,0,42,0,0,NA,0,0.173620470027877
"Jerusalem District",2016,8,0,14,66,0,0,0,0,0,30,54,41,1,0,0,17,0,0,38,0,0,NA,0,0
"Jerusalem District",2016,9,0,14,0,0,0,6,0,0,31,60,31,2,0,0,26,0,0,28,0,0,NA,0,0.174091236361622
"Jerusalem District",2016,10,0,23,71,0,0,0,0,0,0,60,28,3,0,0,13,0,0,27,0,0,NA,0,0
"Jerusalem District",2016,11,0,18,0,0,0,0,0,0,68,55,19,8,0,0,23,0,0,36,0,0,NA,0,0
"Jerusalem District",2016,12,0,22,0,7,0,0,0,0,27,53,19,2,53,0,25,0,0,43,0,0,NA,0,0
"Jerusalem District",2017,1,18,17,90,0,0,2,0,0,40,49,19,2,34,0,42,7,0,44,0,0,NA,0,0
"Jerusalem District",2017,2,0,18,0,0,0,2,0,0,44,52,26,2,34,0,28,8,0,45,0,0,NA,0,0
"Jerusalem District",2017,3,0,17,0,6,0,0,0,0,38,54,19,2,26,0,22,0,0,42,0,100,NA,0,0.812825278642783
"Jerusalem District",2017,4,0,15,0,6,0,0,0,0,39,51,27,3,39,0,18,0,0,31,0,0,NA,0,0
"Jerusalem District",2017,5,0,22,80,0,0,0,0,0,38,56,19,5,0,0,26,0,0,41,0,0,NA,0,0
"Jerusalem District",2017,6,33,10,0,0,0,0,0,0,42,54,20,2,0,0,16,4,0,38,0,0,NA,0,0
"Jerusalem District",2017,7,0,20,0,0,0,0,0,0,44,55,17,2,0,0,19,0,0,36,0,0,NA,0,0
"Jerusalem District",2017,8,0,17,0,0,0,0,0,0,23,54,18,1,0,0,34,0,0,29,0,0,NA,0,0
"Jerusalem District",2017,9,0,27,0,0,0,0,0,0,39,61,17,2,0,0,33,0,0,29,0,0,NA,0,0
"Jerusalem District",2017,10,20,30,57,6,0,0,0,0,52,55,19,2,0,0,24,0,0,35,0,0,NA,0,0
"Jerusalem District",2017,11,19,21,0,6,0,0,0,0,54,54,14,2,30,0,28,0,0,43,0,0,NA,0,0
"Jerusalem District",2017,12,0,26,0,6,0,0,0,0,45,54,22,2,0,0,24,5,0,46,0,0,NA,0,0.175202032363055
"Jerusalem District",2018,1,26,22,54,0,0,0,0,0,58,53,14,2,0,0,77,5,0,50,0,0,NA,0,0
"Jerusalem District",2018,2,0,16,0,0,0,0,0,0,51,52,15,2,0,0,58,0,0,42,0,0,NA,0,0
"Jerusalem District",2018,3,18,15,0,10,0,3,0,0,27,49,17,3,0,0,39,0,0,32,0,0,NA,0,0
"Jerusalem District",2018,4,0,19,77,9,0,0,0,0,37,56,24,2,0,0,36,0,0,42,0,0,NA,0,0
"Jerusalem District",2018,5,0,25,0,7,0,3,4,0,36,49,30,2,29,0,30,11,24,31,0,0,NA,0,0
"Jerusalem District",2018,6,19,23,0,0,0,2,0,0,29,55,15,3,33,0,27,5,0,27,0,0,NA,0,0
"Jerusalem District",2018,7,0,18,0,8,0,2,5,0,26,54,17,3,37,0,25,4,0,34,0,0,NA,0,0
"Jerusalem District",2018,8,0,23,0,0,0,2,0,0,32,57,10,8,0,0,20,10,0,25,0,0,NA,0,0
"Jerusalem District",2018,9,20,24,0,0,0,0,0,0,30,61,14,9,0,0,29,5,0,21,0,0,NA,0,0
"Jerusalem District",2018,10,0,22,59,6,0,0,0,0,40,54,17,85,26,0,41,0,24,29,0,0,NA,0,0.811020961897403
"Jerusalem District",2018,11,0,19,0,5,0,8,9,0,23,57,17,38,0,0,32,16,0,43,0,0,NA,0,0.811020961897403
"Jerusalem District",2018,12,65,23,49,0,0,0,0,0,27,56,18,6,27,0,43,9,0,32,0,0,NA,0,0
"Jerusalem District",2019,1,95,21,75,0,0,0,0,0,0,56,20,14,32,0,41,5,29,44,0,0,NA,0,0
"Jerusalem District",2019,2,100,26,0,15,0,0,0,0,0,57,19,19,35,0,51,0,100,37,0,0,NA,0,0.000469840952371921
"Jerusalem District",2019,3,25,22,0,15,0,5,8,0,0,54,14,31,30,0,71,8,36,45,0,0,NA,0,0
"Jerusalem District",2019,4,0,21,0,0,0,0,0,0,0,47,18,100,27,0,77,0,69,59,0,0,NA,0,0
"Jerusalem District",2019,5,32,20,55,19,0,23,14,0,31,56,34,8,27,32,42,10,23,52,0,0,NA,0,0.127335519027696
"Jerusalem District",2019,6,21,22,0,0,0,2,0,0,22,57,18,11,0,0,37,0,0,32,0,0,NA,0,0
"Jerusalem District",2019,7,15,25,50,6,0,2,0,100,0,55,16,9,23,0,37,4,0,28,0,0,NA,0,0
"Jerusalem District",2019,8,21,24,0,5,0,0,0,0,0,54,16,14,0,0,53,0,18,21,0,0,NA,0,0
"Jerusalem District",2019,9,19,24,0,0,0,3,0,0,0,59,10,95,0,0,100,0,63,69,0,0,NA,0,0
"Jerusalem District",2019,10,15,26,0,0,0,0,4,0,26,54,18,5,0,0,61,0,0,28,0,0,NA,0,0
"Jerusalem District",2019,11,20,27,0,15,0,34,25,0,0,59,20,5,22,24,66,7,21,55,0,0,NA,0,0.00530877171505741
"Jerusalem District",2019,12,29,24,100,0,0,3,0,0,0,53,12,10,0,0,49,4,31,45,0,0,NA,0,0
"Jerusalem District",2020,1,15,27,62,0,0,2,5,0,15,49,17,10,0,0,42,0,0,31,25,0,NA,0,0
"Jerusalem District",2020,2,0,29,55,0,0,3,5,86,0,54,12,24,0,0,52,0,23,32,34,0,NA,0,0
"Jerusalem District",2020,3,17,100,75,0,0,6,6,0,23,47,19,58,0,0,81,0,22,61,0,0,NA,0,0
"Jerusalem District",2020,4,0,53,82,5,0,10,0,0,20,55,27,3,0,0,53,4,0,42,0,0,NA,0,0
"Jerusalem District",2020,5,0,42,0,4,0,4,4,0,0,51,22,2,0,0,67,0,0,59,0,44,NA,0,0
"Jerusalem District",2020,6,0,39,56,0,0,2,0,0,21,55,21,2,0,0,38,0,0,50,100,48,NA,0,0
"Jerusalem District",2020,7,21,30,0,0,0,4,4,0,16,57,15,3,0,0,57,0,16,54,46,0,NA,0,0
"Jerusalem District",2020,8,21,26,60,0,0,3,6,0,0,72,11,4,24,0,54,0,0,38,0,0,NA,0,0
"Jerusalem District",2020,9,0,52,0,0,0,16,4,0,0,81,18,3,0,0,52,0,0,45,0,0,NA,0,0
"Jerusalem District",2020,10,21,29,0,0,0,13,0,0,0,59,18,5,0,0,49,0,20,38,0,0,NA,0,0
"Jerusalem District",2020,11,0,19,0,0,0,9,0,0,15,51,25,36,21,0,42,0,0,47,0,0,NA,0,0
"Jerusalem District",2020,12,20,24,67,0,0,44,0,0,26,58,17,7,0,0,48,0,15,42,0,0,NA,0,0
"Jerusalem District",2021,1,0,32,56,0,0,46,0,0,24,53,19,9,0,0,46,0,17,32,0,0,NA,0,0
"Jerusalem District",2021,2,17,27,0,0,0,36,6,0,0,53,15,15,0,0,63,9,0,34,0,0,NA,0,0
"Jerusalem District",2021,3,21,24,63,0,0,28,0,0,0,70,15,75,22,0,86,0,40,55,0,0,NA,0,0
"Jerusalem District",2021,4,0,24,0,6,0,14,0,0,0,58,14,7,22,0,53,0,0,82,0,0,NA,0,0
"Jerusalem District",2021,5,25,27,0,58,37,88,69,0,0,61,49,4,40,100,49,45,0,62,0,0,NA,0,0.960858596295739
"Jerusalem District",2021,6,18,25,48,0,0,3,0,0,15,53,18,4,0,0,72,5,16,100,0,0,NA,0,0
"Jerusalem District",2021,7,16,28,0,0,0,16,0,0,0,53,10,2,0,0,44,4,0,46,0,0,NA,0,0
"Jerusalem District",2021,8,20,26,62,0,0,52,3,0,20,54,14,1,33,0,38,0,0,37,0,0,NA,0,0
"Jerusalem District",2021,9,0,27,68,0,0,47,0,0,34,58,15,2,0,0,28,0,0,28,0,0,NA,0,0
"Jerusalem District",2021,10,18,27,0,5,0,20,0,0,19,46,12,2,0,0,39,5,0,46,0,0,NA,0,0
"Jerusalem District",2021,11,21,27,60,8,0,15,0,0,31,49,16,1,0,0,38,5,0,51,0,0,NA,0,0.798688480684311
"Jerusalem District",2021,12,0,26,0,5,0,31,0,0,41,50,19,2,22,0,34,4,0,41,0,0,NA,0,0
"Jerusalem District",2022,1,13,34,39,0,0,49,3,62,100,52,16,1,18,0,55,0,0,47,0,38,NA,0,0
"Jerusalem District",2022,2,13,22,0,4,0,10,5,60,22,60,100,2,0,0,35,6,0,48,0,0,NA,100,0
"Jerusalem District",2022,3,12,24,0,12,0,8,3,0,15,56,65,2,29,0,27,6,7,34,0,0,NA,0,0
"Jerusalem District",2022,4,15,21,40,5,0,5,5,60,14,54,36,4,34,0,34,10,0,36,0,0,NA,0,0
"Jerusalem District",2022,5,15,24,39,5,25,4,3,56,12,58,31,4,41,0,38,8,8,46,0,0,NA,0,0
"Jerusalem District",2022,6,18,27,35,8,0,4,4,0,16,54,21,4,14,0,33,3,0,46,0,0,NA,0,0
"Jerusalem District",2022,7,0,22,33,3,0,3,3,0,12,51,26,5,19,0,41,2,26,38,0,0,NA,0,0
"Jerusalem District",2022,8,11,27,28,10,0,19,24,60,0,100,22,8,13,32,26,6,68,34,0,0,NA,0,0.0113614631757065
"Jerusalem District",2022,9,0,24,0,0,0,2,0,59,0,53,19,9,0,0,27,3,11,35,0,0,NA,0,0
"Jerusalem District",2022,10,9,25,31,0,0,3,2,0,13,52,19,27,35,0,49,3,25,36,0,0,NA,0,0
"Jerusalem District",2022,11,15,22,35,3,0,2,2,46,0,50,19,49,27,0,45,3,29,54,0,0,NA,0,0
"Jerusalem District",2022,12,10,24,0,0,0,2,3,0,10,48,20,3,25,0,30,3,10,64,0,0,NA,0,0
"North District",2014,1,0,0,0,0,0,0,0,0,0,76,41,0,0,0,15,0,0,0,0,0,NA,NA,0
"North District",2014,2,0,0,0,0,0,0,0,0,0,78,50,0,0,0,21,0,0,0,0,0,NA,NA,0
"North District",2014,3,0,0,0,0,0,0,0,0,0,86,100,0,0,0,19,0,0,0,0,0,NA,NA,0
"North District",2014,4,0,28,0,0,0,0,0,0,0,65,54,0,0,0,15,0,0,0,0,0,NA,NA,0
"North District",2014,5,0,0,0,0,0,0,0,0,0,73,0,0,0,0,27,0,0,0,0,0,NA,NA,0
"North District",2014,6,0,0,0,0,0,0,0,0,0,57,41,0,0,0,0,0,0,0,0,0,NA,NA,0
"North District",2014,7,0,0,0,100,0,81,100,0,0,84,61,0,0,0,18,100,0,0,0,0,NA,NA,0.00678666490198674
"North District",2014,8,0,0,0,0,0,34,53,0,0,65,67,0,0,0,15,51,0,0,0,100,NA,NA,0.0815502713195394
"North District",2014,9,0,27,0,0,0,0,0,0,0,82,46,0,0,0,0,0,0,0,0,0,NA,NA,0.021654093322157
"North District",2014,10,0,0,100,0,0,0,0,0,0,72,57,0,0,0,0,0,0,0,0,0,NA,NA,0
"North District",2014,11,0,0,0,0,0,0,0,0,0,77,51,3,0,0,0,0,0,0,0,0,NA,NA,0
"North District",2014,12,0,0,0,0,0,0,0,100,0,75,39,8,0,0,22,0,0,0,0,0,NA,NA,0
"North District",2015,1,0,22,0,0,0,9,0,0,0,87,37,22,100,0,21,0,0,0,0,0,NA,NA,0.00895757812556528
"North District",2015,2,0,26,0,0,0,0,0,0,0,60,24,28,0,0,68,0,0,0,0,0,NA,NA,0
"North District",2015,3,0,26,0,0,0,0,0,0,0,83,29,87,0,0,98,0,79,89,0,0,NA,NA,0.367832309506754
"North District",2015,4,0,21,0,0,0,0,0,0,0,78,35,4,0,0,36,0,0,0,0,0,NA,NA,0.0194129096210756
"North District",2015,5,0,34,0,22,0,15,0,0,0,100,36,2,0,0,32,0,0,0,0,0,NA,NA,0
"North District",2015,6,0,25,0,22,0,10,20,0,0,93,33,4,0,0,15,0,0,56,0,0,NA,NA,0
"North District",2015,7,0,0,0,0,0,7,0,0,0,59,32,2,0,0,0,0,0,0,0,0,NA,NA,0
"North District",2015,8,0,0,0,0,0,0,0,0,0,84,0,0,0,0,16,0,0,0,0,0,NA,NA,0
"North District",2015,9,0,0,0,0,0,0,0,0,0,78,35,4,0,0,0,0,0,0,0,0,NA,NA,0
"North District",2015,10,0,0,0,0,0,0,0,92,0,83,41,2,0,0,36,0,0,0,0,0,NA,NA,0
"North District",2015,11,0,0,0,0,0,0,0,0,0,71,24,0,75,0,16,0,0,0,0,0,NA,NA,0
"North District",2015,12,0,0,0,0,0,0,0,0,0,76,31,2,61,0,14,0,0,38,0,0,NA,NA,0.0099126672310375
"North District",2016,1,0,19,0,9,0,0,0,0,0,58,30,1,36,0,15,0,0,25,0,0,NA,NA,0
"North District",2016,2,0,12,0,0,0,3,11,0,0,69,23,3,0,0,12,0,0,18,0,0,NA,NA,0
"North District",2016,3,19,12,0,0,0,0,0,0,10,64,27,1,25,0,15,5,0,27,0,0,NA,NA,0
"North District",2016,4,19,13,29,9,0,0,0,0,0,55,21,1,0,0,7,9,0,26,0,0,NA,NA,0
"North District",2016,5,21,13,0,0,0,0,7,0,0,64,27,1,0,0,20,7,0,24,0,0,NA,NA,0.326073162558907
"North District",2016,6,18,11,0,0,0,3,0,0,0,61,24,2,0,0,16,0,0,0,0,0,NA,NA,0.0231351104710437
"North District",2016,7,0,18,0,0,0,0,0,0,8,64,16,1,0,0,24,6,0,21,0,0,NA,NA,0
"North District",2016,8,0,20,0,0,0,0,0,0,0,65,34,0,0,0,9,0,0,18,0,0,NA,NA,0
"North District",2016,9,0,20,0,15,0,6,0,0,13,80,30,2,0,0,25,0,0,21,0,0,NA,NA,0.921240811903353
"North District",2016,10,0,22,0,0,0,0,8,0,0,69,24,3,0,0,12,0,0,21,0,0,NA,NA,0.00896886563099321
"North District",2016,11,0,22,33,0,0,0,0,0,0,69,22,7,23,0,24,0,0,35,0,0,NA,NA,0.0286960923408169
"North District",2016,12,0,20,0,0,0,2,0,0,0,62,27,1,0,0,21,0,0,20,0,0,NA,NA,0.0865944689618788
"North District",2017,1,19,23,0,0,0,0,8,0,0,57,22,1,25,0,37,6,0,22,0,0,NA,NA,0
"North District",2017,2,0,22,41,0,0,3,0,0,0,59,21,0,0,0,20,6,0,28,0,0,NA,NA,0
"North District",2017,3,0,16,0,8,0,2,0,0,0,57,23,2,0,0,16,6,0,27,0,0,NA,NA,0.00925291943869967
"North District",2017,4,0,20,28,7,0,0,7,0,0,57,24,2,0,0,14,0,0,20,0,0,NA,NA,0.00643772763492352
"North District",2017,5,0,15,26,0,0,0,0,0,8,70,19,7,0,0,19,0,0,25,0,0,NA,NA,0
"North District",2017,6,0,13,0,8,0,0,0,0,0,67,27,1,0,0,14,0,0,0,0,0,NA,NA,0.0107071198352233
"North District",2017,7,0,17,0,15,0,3,0,0,10,57,26,2,0,0,17,6,0,25,0,0,NA,NA,0.161005563805758
"North District",2017,8,0,13,20,0,0,0,0,0,0,67,16,1,0,0,35,5,0,30,0,0,NA,NA,0
"North District",2017,9,0,22,0,8,0,0,0,0,12,68,17,2,0,0,40,7,0,18,0,0,NA,NA,0
"North District",2017,10,0,16,0,8,0,0,10,0,12,63,28,2,26,0,25,4,0,29,0,0,NA,NA,0.0226743130742778
"North District",2017,11,0,18,0,9,0,0,9,0,7,63,18,1,18,0,34,0,0,28,0,0,NA,NA,0.0544179308865857
"North District",2017,12,13,11,27,8,0,2,7,0,10,59,20,2,0,0,28,4,0,19,0,0,NA,NA,0.00231340506454197
"North District",2018,1,26,21,31,7,0,3,6,0,6,53,15,2,0,0,87,4,0,28,0,0,NA,NA,0
"North District",2018,2,15,21,23,36,0,6,12,0,10,63,25,2,0,0,65,4,0,42,0,0,NA,NA,0.269465618857802
"North District",2018,3,18,16,20,12,0,7,0,0,6,56,19,4,18,0,43,5,0,27,0,0,NA,NA,0
"North District",2018,4,18,15,24,10,0,2,7,0,0,63,37,2,0,0,37,0,0,29,0,0,NA,NA,0
"North District",2018,5,15,20,0,15,0,8,13,0,0,56,41,2,16,0,32,9,0,21,0,0,NA,NA,0.0227518564045007
"North District",2018,6,0,21,29,9,0,3,5,0,0,59,13,3,20,0,38,4,0,13,0,0,NA,NA,0.325527621492721
"North District",2018,7,0,24,22,20,0,10,13,0,0,61,22,3,0,0,26,5,0,23,0,0,NA,NA,0.0829854693389056
"North District",2018,8,0,15,23,8,0,5,9,0,0,60,18,7,0,0,27,9,17,23,0,0,NA,NA,0
"North District",2018,9,24,26,19,0,0,2,8,15,0,62,21,10,26,0,35,5,0,16,0,0,NA,NA,0.0931625163131265
"North District",2018,10,19,14,26,6,0,3,7,0,0,71,17,100,15,0,54,6,0,39,0,19,NA,NA,0.0035800978822063
"North District",2018,11,20,19,17,7,0,8,11,0,0,68,18,30,0,0,39,16,0,24,0,0,NA,NA,0
"North District",2018,12,67,16,18,0,0,2,7,0,0,58,17,5,14,0,48,5,0,29,0,0,NA,NA,0
"North District",2019,1,98,21,25,5,0,2,6,0,0,54,24,12,15,0,51,5,35,25,0,0,NA,NA,0
"North District",2019,2,100,16,21,0,0,3,7,0,0,66,12,21,0,0,57,4,100,24,0,0,NA,NA,0
"North District",2019,3,27,20,23,14,0,9,19,14,0,65,18,34,17,0,87,6,31,37,0,0,NA,NA,0
"North District",2019,4,0,17,19,0,0,1,0,0,0,60,15,100,20,0,99,4,88,70,0,0,NA,NA,0
"North District",2019,5,16,25,0,16,0,16,18,0,0,61,29,8,0,0,46,8,20,42,0,0,NA,NA,0.499940205286124
"North District",2019,6,11,20,24,7,0,5,8,0,0,60,21,10,17,0,38,0,0,24,0,0,NA,NA,0.000226268633187969
"North District",2019,7,0,25,16,0,0,3,6,0,0,62,13,11,0,0,34,5,0,26,0,0,NA,NA,0.00680164870333804
"North District",2019,8,16,24,14,10,0,3,10,0,0,63,17,14,17,0,47,5,0,22,0,0,NA,NA,0
"North District",2019,9,16,24,26,9,0,5,11,0,0,63,19,98,18,0,100,4,73,97,0,0,NA,NA,0
"North District",2019,10,0,25,31,7,0,2,7,15,0,63,20,5,0,0,57,0,0,54,0,0,NA,NA,0
"North District",2019,11,12,21,16,17,0,19,21,0,0,62,23,5,0,0,66,9,0,44,0,0,NA,NA,0.00598762521216931
"North District",2019,12,15,20,16,6,0,2,6,0,4,55,13,10,17,0,53,4,34,30,0,18,NA,NA,0
"North District",2020,1,17,22,16,5,0,3,9,15,0,57,23,11,0,0,44,4,15,21,44,0,NA,NA,0
"North District",2020,2,12,26,20,9,0,3,9,17,0,62,17,27,13,0,49,4,25,36,0,0,NA,NA,0
"North District",2020,3,12,100,31,6,0,8,7,0,0,60,24,61,16,0,79,0,33,100,0,0,NA,NA,0
"North District",2020,4,11,41,13,7,0,9,5,16,0,63,32,3,14,0,52,4,16,57,0,0,NA,NA,0
"North District",2020,5,11,30,26,5,0,4,0,0,0,63,17,2,0,0,58,4,0,46,0,11,NA,NA,0
"North District",2020,6,12,29,19,6,0,3,0,10,0,52,21,2,0,0,29,0,0,34,100,0,NA,NA,0
"North District",2020,7,10,28,18,6,0,6,6,11,0,59,20,2,0,0,57,0,15,40,30,0,NA,NA,0
"North District",2020,8,9,20,18,8,0,7,6,14,4,78,13,3,0,0,52,5,13,38,35,0,NA,NA,0.0122339833914245
"North District",2020,9,13,45,31,0,0,27,8,0,6,79,26,2,0,0,47,0,0,39,0,0,NA,NA,0
"North District",2020,10,13,23,23,4,0,12,0,0,0,73,22,4,16,0,47,0,17,41,0,0,NA,NA,0
"North District",2020,11,10,31,27,7,0,21,7,13,0,60,20,29,13,0,37,2,0,37,0,0,NA,NA,0
"North District",2020,12,11,32,24,4,0,70,12,0,0,58,24,5,0,0,40,3,0,31,0,0,NA,NA,0
"North District",2021,1,16,30,39,0,0,60,4,11,4,61,22,10,0,0,43,0,11,35,0,0,NA,NA,0
"North District",2021,2,13,26,18,6,0,53,10,0,5,61,14,17,0,0,49,0,21,42,0,0,NA,NA,0
"North District",2021,3,16,22,20,0,0,41,0,24,0,83,17,73,0,0,68,0,41,62,0,0,NA,NA,0
"North District",2021,4,0,20,17,10,0,22,9,15,0,60,25,6,0,0,49,2,0,74,0,0,NA,NA,0
"North District",2021,5,20,28,24,52,100,68,72,0,0,75,40,4,34,100,47,44,0,66,0,0,NA,NA,0.0872920639800094
"North District",2021,6,19,18,19,0,0,10,7,13,0,62,20,3,0,0,70,9,14,98,0,0,NA,NA,0
"North District",2021,7,15,21,26,7,0,28,5,16,0,60,16,1,0,0,33,3,0,27,0,0,NA,NA,0.0100790877564712
"North District",2021,8,14,22,21,10,0,87,8,12,18,61,14,1,0,0,28,6,0,34,0,0,NA,NA,0.0171375496318715
"North District",2021,9,0,28,18,6,0,100,0,16,19,53,16,1,0,0,22,6,0,14,0,0,NA,NA,0
"North District",2021,10,15,23,23,8,0,46,9,0,21,67,16,2,0,0,37,3,0,32,0,15,NA,NA,0
"North District",2021,11,0,21,25,6,0,32,5,12,21,58,16,1,0,0,25,5,0,21,0,0,NA,NA,0.0995065013711227
"North District",2021,12,11,26,17,6,0,47,0,0,22,58,16,1,17,0,27,6,0,30,0,0,NA,NA,0
"North District",2022,1,0,27,23,0,0,95,0,11,100,62,22,1,0,0,41,3,0,29,0,0,NA,NA,0
"North District",2022,2,20,22,26,12,0,27,11,18,33,65,62,2,0,0,30,3,0,39,0,0,NA,NA,0.0208038250502989
"North District",2022,3,17,28,22,4,0,12,5,22,13,59,45,1,24,0,25,3,0,29,0,0,NA,NA,0
"North District",2022,4,15,25,22,8,0,8,7,14,8,53,36,2,34,0,31,6,9,34,0,0,NA,NA,0
"North District",2022,5,13,22,24,9,0,6,6,23,5,59,32,4,15,0,32,8,10,37,0,0,NA,NA,0.0027013835123035
"North District",2022,6,23,23,19,5,0,9,10,13,11,56,19,4,18,0,30,5,20,32,0,0,NA,NA,0
"North District",2022,7,14,21,20,0,0,9,4,0,10,62,25,5,12,0,31,3,27,31,0,0,NA,NA,0
"North District",2022,8,12,22,22,11,0,15,18,18,5,85,20,8,0,50,20,7,67,21,0,0,NA,NA,0
"North District",2022,9,11,29,19,5,0,4,0,15,4,62,22,12,11,0,27,6,20,25,0,0,NA,NA,0
"North District",2022,10,9,21,26,5,0,3,6,11,0,58,21,32,18,0,48,0,19,37,0,0,NA,NA,0
"North District",2022,11,0,21,25,6,0,4,6,13,3,54,18,51,16,0,47,3,39,63,0,0,NA,NA,0
"North District",2022,12,7,23,33,4,0,4,4,9,0,47,12,2,11,0,27,3,11,49,0,0,NA,NA,0
"South District",2014,1,0,22,0,0,0,0,9,0,0,73,17,4,0,0,23,0,0,0,0,0,NA,NA,0
"South District",2014,2,0,21,0,0,0,0,0,0,0,71,29,0,0,0,14,0,0,0,0,0,NA,NA,0
"South District",2014,3,0,31,0,0,0,0,10,0,0,70,58,0,0,0,22,0,0,0,0,0,NA,NA,0
"South District",2014,4,0,0,0,14,0,2,5,0,0,61,47,0,0,0,0,0,0,0,0,0,NA,NA,0
"South District",2014,5,0,0,0,19,0,0,0,0,0,76,38,2,0,0,20,0,0,32,0,0,NA,NA,0
"South District",2014,6,0,0,0,0,0,0,14,0,0,57,44,0,0,0,0,0,0,35,0,0,NA,NA,0
"South District",2014,7,0,50,0,100,0,100,100,0,0,75,100,0,0,38,32,100,0,0,0,0,NA,NA,0.8130079160304
"South District",2014,8,0,28,0,45,0,32,35,0,0,67,76,0,93,34,27,41,0,0,87,0,NA,NA,0.818765029048848
"South District",2014,9,0,27,0,0,0,4,0,0,0,56,39,0,0,0,0,14,0,0,0,0,NA,NA,0.00232566303336668
"South District",2014,10,0,0,0,0,0,0,0,0,0,74,43,3,0,0,21,10,0,46,0,0,NA,NA,0.00841626735471188
"South District",2014,11,0,0,0,0,0,0,0,0,0,71,30,3,0,0,0,9,0,0,0,0,NA,NA,0.000201849999122391
"South District",2014,12,0,0,0,17,0,0,0,100,0,60,46,10,0,0,21,0,0,0,0,0,NA,NA,0.0007986239095712
"South District",2015,1,0,24,0,0,0,0,0,0,0,82,34,21,0,0,27,0,92,0,0,0,NA,NA,0
"South District",2015,2,0,0,0,26,0,0,0,0,0,65,28,21,0,0,59,0,0,0,0,0,NA,NA,0
"South District",2015,3,0,0,0,0,0,3,0,0,0,72,34,62,0,0,82,0,100,40,0,0,NA,NA,0
"South District",2015,4,0,0,0,0,0,0,0,0,0,53,38,3,0,0,30,0,0,0,0,0,NA,NA,0.0277503159306414
"South District",2015,5,0,19,0,12,0,4,7,0,0,69,27,2,0,0,26,0,0,32,0,0,NA,NA,0.203020898704469
"South District",2015,6,0,23,0,16,0,4,19,0,0,73,30,3,0,0,19,13,0,0,0,0,NA,NA,0.153125349243056
"South District",2015,7,0,0,0,12,0,0,7,0,0,77,20,0,0,0,15,12,0,0,0,0,NA,NA,0
"South District",2015,8,61,35,0,0,0,0,0,0,0,62,20,0,0,0,16,0,0,0,0,0,NA,NA,0
"South District",2015,9,0,28,0,0,0,0,5,0,0,89,24,0,0,0,13,0,0,0,0,0,NA,NA,0.306757906862787
"South District",2015,10,0,21,0,0,0,2,9,0,0,80,33,3,100,0,38,9,0,0,0,0,NA,NA,0.120767174161602
"South District",2015,11,0,32,0,0,0,0,0,0,0,75,20,2,88,0,18,9,0,26,0,0,NA,NA,0.00176233419014296
"South District",2015,12,0,0,0,0,0,0,0,0,0,76,16,2,69,0,29,0,0,25,0,0,NA,NA,0.0218013634448905
"South District",2016,1,0,17,0,5,0,1,3,0,0,72,22,2,0,0,15,7,0,20,0,0,NA,NA,0.0220604938790964
"South District",2016,2,0,28,0,11,0,1,3,0,0,75,21,1,0,0,16,6,0,0,0,0,NA,NA,0
"South District",2016,3,0,15,0,8,0,1,4,0,0,72,20,1,52,0,12,6,0,17,0,0,NA,NA,0.0232299861175382
"South District",2016,4,0,15,0,5,0,0,3,0,0,67,22,1,0,0,12,4,0,0,0,0,NA,NA,0.000816120482941399
"South District",2016,5,0,20,0,10,0,1,3,0,0,71,23,1,0,0,18,9,0,28,0,0,NA,NA,0.0010348744268226
"South District",2016,6,0,23,0,6,0,0,3,0,0,74,22,1,50,0,15,9,0,15,0,0,NA,NA,0.000647848218417399
"South District",2016,7,0,27,83,5,0,0,0,0,10,77,16,1,0,0,19,6,0,13,0,0,NA,NA,0.0212191325564764
"South District",2016,8,0,27,0,5,0,1,0,0,10,65,28,2,0,0,11,6,0,14,0,0,NA,NA,0.0212191325564764
"South District",2016,9,0,33,0,11,0,5,3,0,0,78,25,2,0,0,24,6,0,18,0,0,NA,NA,0.98678221362164
"South District",2016,10,23,33,0,6,0,0,4,0,8,68,26,3,0,0,14,5,0,0,0,0,NA,NA,0.0013545917294182
"South District",2016,11,0,31,0,0,0,1,0,0,0,75,24,9,39,0,31,7,0,24,0,0,NA,NA,0
"South District",2016,12,19,21,0,6,0,1,2,0,0,70,19,1,38,0,17,5,0,16,0,0,NA,NA,0.00687392200580539
"South District",2017,1,22,30,0,0,0,0,2,0,7,72,17,2,35,0,30,7,25,20,0,0,NA,NA,0.000632844636641704
"South District",2017,2,0,27,0,8,0,1,5,0,0,67,22,2,0,0,26,9,0,0,0,0,NA,NA,0.0448932404282249
"South District",2017,3,19,24,71,6,0,1,6,0,7,68,18,1,0,0,19,8,0,0,0,0,NA,NA,0.51954484627149
"South District",2017,4,0,27,0,6,0,1,3,0,7,61,14,2,0,0,14,10,0,21,0,0,NA,NA,0.00344603681046303
"South District",2017,5,0,34,0,8,0,1,0,0,0,71,20,6,45,0,20,6,0,22,0,0,NA,NA,0.000191995833772809
"South District",2017,6,0,31,0,7,0,1,0,0,0,70,19,2,0,0,13,6,0,15,0,0,NA,NA,0.172148573462715
"South District",2017,7,0,29,80,6,0,1,3,0,7,69,25,2,0,0,15,9,0,13,0,0,NA,NA,0.00232125435080688
"South District",2017,8,0,29,0,0,0,1,6,0,0,71,18,1,0,0,26,6,0,20,0,0,NA,NA,0.116681553897268
"South District",2017,9,0,31,0,7,0,0,0,0,9,76,15,1,0,0,34,8,0,19,0,0,NA,NA,0
"South District",2017,10,24,27,0,7,0,1,6,0,9,73,14,2,0,0,25,8,0,22,0,0,NA,NA,0.00698683551313153
"South District",2017,11,0,29,48,7,0,1,4,0,13,65,16,2,0,0,28,5,0,16,0,0,NA,NA,0.200899331557853
"South District",2017,12,13,23,44,13,0,3,9,22,8,61,20,1,0,0,24,8,0,22,0,0,NA,NA,0.155699557008754
"South District",2018,1,19,23,47,5,0,1,4,0,6,61,16,2,0,0,87,7,14,22,0,0,NA,NA,0.000858819944509486
"South District",2018,2,24,32,100,10,0,3,7,0,9,65,19,2,0,0,55,5,0,28,0,0,NA,NA,0.316015267910125
"South District",2018,3,0,25,0,10,0,3,6,0,7,60,18,3,0,0,38,6,0,18,0,0,NA,NA,0.13985213221497
"South District",2018,4,23,29,0,6,0,1,5,0,6,62,22,2,25,0,37,5,18,24,0,0,NA,NA,0.00124853655798438
"South District",2018,5,30,24,0,13,0,5,11,0,0,64,32,3,34,0,34,8,0,20,0,0,NA,NA,0.2367841162414
"South District",2018,6,21,24,40,4,0,2,7,0,0,63,17,2,30,0,24,4,0,22,0,0,NA,NA,0.155575513608006
"South District",2018,7,19,28,60,10,0,7,11,0,4,61,14,3,46,6,24,7,0,14,0,0,NA,NA,0.372232290346896
"South District",2018,8,21,29,56,15,0,6,10,0,5,66,20,7,0,6,23,7,0,10,0,0,NA,NA,0.406666078616907
"South District",2018,9,21,39,57,5,0,0,3,0,0,61,14,9,31,0,31,4,0,23,0,0,NA,NA,0.000125896107645181
"South District",2018,10,12,23,52,24,0,4,9,0,6,66,16,91,47,0,48,8,0,24,0,0,NA,NA,0.344572835308646
"South District",2018,11,19,31,77,21,0,26,14,0,0,71,22,25,0,21,37,20,0,18,0,0,NA,NA,0.534565297579908
"South District",2018,12,98,26,48,3,0,1,3,0,0,70,20,6,26,0,44,6,0,23,0,0,NA,NA,0
"South District",2019,1,97,27,47,9,0,3,4,26,0,71,17,11,30,0,49,7,35,37,0,0,NA,NA,0.161687525232136
"South District",2019,2,100,29,0,5,0,2,4,0,0,64,14,18,35,0,55,5,86,31,0,0,NA,NA,0.00429947737079968
"South District",2019,3,33,28,61,20,0,20,15,22,0,71,21,31,31,16,90,9,44,27,0,0,NA,NA,0.187451401139511
"South District",2019,4,22,27,0,4,0,1,2,0,0,59,14,100,34,0,100,7,93,68,0,0,NA,NA,0.000576510118773651
"South District",2019,5,26,48,60,34,0,43,27,0,0,64,35,8,38,42,51,16,37,39,0,0,NA,NA,0.885818793601523
"South District",2019,6,13,29,0,8,0,5,5,0,0,71,18,9,0,0,47,5,0,22,0,0,NA,NA,0.199811024067334
"South District",2019,7,12,38,58,6,0,2,4,25,0,69,14,9,31,0,41,7,0,25,0,0,NA,NA,0.0236235624555247
"South District",2019,8,18,30,0,5,0,2,7,0,0,68,16,16,24,0,52,9,16,24,0,0,NA,NA,0.0262406356377506
"South District",2019,9,14,33,42,8,0,3,7,20,0,65,18,97,28,0,100,7,60,69,0,100,NA,NA,0.31782830052043
"South District",2019,10,21,34,44,5,0,1,4,27,0,68,14,5,27,0,60,4,0,30,0,0,NA,NA,0.001881119529241
"South District",2019,11,33,43,36,34,0,50,35,0,0,76,25,6,19,38,72,14,13,38,0,0,NA,NA,0.58898048819568
"South District",2019,12,21,27,84,8,0,3,7,0,0,59,18,10,18,0,50,6,46,26,0,0,NA,NA,0.144990723999315
"South District",2020,1,16,30,73,4,0,2,5,0,0,69,15,11,37,0,46,7,0,27,28,88,NA,NA,0.0279628096787234
"South District",2020,2,24,29,64,9,0,10,12,23,0,67,13,26,24,0,52,6,32,28,0,0,NA,NA,0.183202756549693
"South District",2020,3,27,100,55,4,0,3,3,21,9,72,18,58,33,0,79,3,40,69,0,0,NA,NA,0.0238218252516892
"South District",2020,4,22,42,32,5,0,4,2,0,0,80,24,3,0,0,53,3,0,40,14,0,NA,NA,0
"South District",2020,5,16,38,55,5,0,2,2,21,0,65,16,2,27,0,60,2,0,47,16,62,NA,NA,0.00172091859323567
"South District",2020,6,28,39,56,6,0,1,3,0,4,59,16,2,25,0,37,5,0,21,100,76,NA,NA,0.000481241217347783
"South District",2020,7,14,33,37,5,0,2,2,0,5,66,18,2,0,0,60,5,12,38,39,0,NA,NA,0.00258946274230495
"South District",2020,8,17,31,31,7,0,2,6,22,0,83,12,3,28,0,54,10,13,30,27,0,NA,NA,0.138906234961212
"South District",2020,9,18,44,67,7,0,9,5,19,5,100,20,3,17,0,46,5,0,24,0,0,NA,NA,0.313863211996381
"South District",2020,10,16,32,61,6,0,4,4,22,0,90,24,4,36,0,51,4,16,33,0,0,NA,NA,0.116678280621379
"South District",2020,11,21,30,37,9,0,5,5,19,0,66,28,30,0,0,39,4,0,19,0,0,NA,NA,0.286948353192554
"South District",2020,12,15,31,68,6,0,15,5,16,5,67,21,5,16,0,45,3,13,29,0,0,NA,NA,0.115179117981097
"South District",2021,1,17,30,68,6,46,15,3,36,0,83,21,10,0,0,46,3,0,23,0,0,NA,NA,0
"South District",2021,2,18,27,54,5,0,18,3,43,0,76,18,17,0,0,53,3,20,30,0,0,NA,NA,0
"South District",2021,3,14,30,0,5,0,14,4,21,0,92,16,78,0,0,81,3,37,45,0,0,NA,NA,0.113359966034241
"South District",2021,4,20,32,75,9,0,7,8,0,4,74,23,6,33,0,56,4,0,58,0,0,NA,NA,0.14439149465961
"South District",2021,5,53,55,0,64,100,77,79,25,0,82,54,4,55,100,48,47,0,53,0,0,NA,NA,0.899441408309826
"South District",2021,6,21,30,44,8,0,4,3,0,0,66,25,4,24,0,75,16,15,100,0,0,NA,NA,0.000577931624267387
"South District",2021,7,25,32,55,5,0,8,2,18,5,66,11,2,0,0,43,8,0,30,0,0,NA,NA,0
"South District",2021,8,15,41,53,12,0,28,5,37,23,74,13,2,20,0,35,10,12,25,0,0,NA,NA,0.0246010005394029
"South District",2021,9,0,36,48,6,0,27,4,0,24,66,13,1,0,0,27,10,0,15,0,0,NA,NA,0.0264171412253359
"South District",2021,10,19,28,0,6,0,11,3,0,17,77,13,2,0,0,36,7,0,28,0,0,NA,NA,0.140906529191968
"South District",2021,11,16,30,41,11,0,10,2,0,15,64,19,2,30,0,36,4,0,23,0,0,NA,NA,0.130023283467529
"South District",2021,12,14,27,66,6,0,13,2,35,17,60,11,1,19,0,36,6,0,21,0,0,NA,NA,0
"South District",2022,1,18,27,56,3,0,20,2,32,100,71,23,2,0,0,49,6,0,26,0,0,NA,NA,0
"South District",2022,2,18,28,71,6,0,5,3,28,17,84,59,2,15,0,33,4,0,26,0,0,NA,NA,0
"South District",2022,3,18,29,44,2,0,3,2,24,10,80,42,1,37,0,33,4,0,23,0,0,NA,NA,0
"South District",2022,4,24,29,26,10,0,4,9,27,5,67,35,2,35,0,36,9,10,30,0,0,NA,NA,0.027922614888085
"South District",2022,5,16,31,58,8,0,3,5,19,5,74,31,4,50,0,37,14,11,31,0,0,NA,NA,0
"South District",2022,6,22,36,61,8,0,3,5,25,9,64,19,3,29,0,32,5,13,32,0,0,NA,NA,0.114998906511521
"South District",2022,7,12,30,54,8,0,2,5,20,6,75,19,4,0,0,39,3,28,26,0,0,NA,NA,0.113884800068334
"South District",2022,8,18,32,52,20,0,21,28,34,3,92,24,8,36,50,26,12,70,21,0,0,NA,NA,0.540960900239242
"South District",2022,9,21,34,46,4,0,2,2,24,4,73,21,12,23,0,27,3,19,23,0,0,NA,NA,0
"South District",2022,10,14,31,61,3,0,1,3,28,0,86,21,33,28,0,48,2,35,34,0,0,NA,NA,0
"South District",2022,11,15,31,60,3,46,2,3,29,0,75,16,52,24,0,58,2,50,68,11,0,NA,NA,0.000782746298154913
"South District",2022,12,25,33,41,4,0,2,3,19,0,65,18,3,18,0,35,1,13,43,0,0,NA,NA,0
"Tel Aviv District",2014,1,19,19,56,6,0,1,3,30,10,66,24,2,19,0,16,1,3,23,4,21,62,0,0
"Tel Aviv District",2014,2,16,21,69,11,0,2,3,38,9,67,43,1,22,0,12,1,0,18,2,18,30,0,0
"Tel Aviv District",2014,3,15,18,60,8,0,1,5,38,9,82,47,2,22,0,16,2,3,19,3,26,35,0,0
"Tel Aviv District",2014,4,16,18,57,7,0,1,2,40,8,64,47,1,27,0,11,2,3,19,2,24,0,0,0
"Tel Aviv District",2014,5,22,19,53,5,0,1,2,34,9,68,42,2,27,0,18,2,3,20,3,41,27,0,0
"Tel Aviv District",2014,6,22,19,57,6,0,1,3,41,9,66,33,1,31,0,10,6,2,17,3,0,36,0,0
"Tel Aviv District",2014,7,47,29,57,100,80,100,100,47,10,78,100,1,96,61,20,100,5,22,2,0,55,0,0.876341560365699
"Tel Aviv District",2014,8,23,20,58,27,18,20,34,34,8,66,61,1,69,34,16,43,3,18,2,0,36,0,0.975116539587323
"Tel Aviv District",2014,9,19,21,46,10,0,3,4,31,11,70,31,1,50,11,10,8,3,18,3,42,0,0,0
"Tel Aviv District",2014,10,15,20,56,7,0,2,3,29,11,71,31,2,33,1,10,4,3,17,0,0,36,58,0
"Tel Aviv District",2014,11,17,21,65,6,0,2,2,39,12,68,28,2,41,0,12,8,7,26,4,43,25,0,0
"Tel Aviv District",2014,12,17,18,60,7,0,1,2,39,10,75,28,11,28,0,23,5,26,30,2,33,22,0,0
"Tel Aviv District",2015,1,17,22,45,6,3,1,2,23,11,74,32,18,51,1,26,4,29,23,3,0,25,70,0
"Tel Aviv District",2015,2,15,20,64,6,0,1,2,39,14,68,28,24,30,0,48,3,25,25,4,26,60,0,0
"Tel Aviv District",2015,3,15,16,48,6,0,1,2,39,10,72,28,71,26,0,68,4,50,59,6,0,51,100,0.308496843785178
"Tel Aviv District",2015,4,16,21,52,9,0,1,2,33,10,68,35,3,28,0,18,3,8,24,5,23,0,0,0
"Tel Aviv District",2015,5,18,21,58,7,0,5,3,40,9,73,31,2,20,0,20,4,8,33,2,0,24,0,0
"Tel Aviv District",2015,6,20,20,44,13,3,4,5,29,12,70,27,3,26,0,11,5,7,20,5,0,31,0,0
"Tel Aviv District",2015,7,16,19,56,10,0,2,3,40,10,68,29,1,24,0,11,5,4,14,2,0,24,0,0
"Tel Aviv District",2015,8,19,19,52,7,0,1,2,38,12,68,27,1,29,0,9,4,5,14,2,19,0,0,0
"Tel Aviv District",2015,9,14,24,60,7,0,2,3,47,10,73,30,1,24,0,12,4,4,13,0,27,0,0,0
"Tel Aviv District",2015,10,13,24,54,6,0,2,4,43,15,75,28,2,89,0,24,10,5,21,3,48,37,52,0
"Tel Aviv District",2015,11,18,21,57,5,0,1,2,40,11,65,26,2,100,0,14,4,4,19,3,40,43,0,0
"Tel Aviv District",2015,12,17,19,56,6,0,1,3,34,12,86,25,2,53,0,20,3,10,18,3,27,48,0,0
"Tel Aviv District",2016,1,16,19,42,4,0,1,1,29,10,73,28,3,47,0,14,3,7,19,0,24,68,0,0
"Tel Aviv District",2016,2,16,21,69,8,0,1,2,38,10,74,33,2,34,3,14,3,4,16,3,43,0,0,0
"Tel Aviv District",2016,3,18,18,50,6,4,1,2,25,9,73,28,2,41,0,14,5,7,19,0,0,0,0,0
"Tel Aviv District",2016,4,17,20,49,4,0,1,2,33,9,66,26,1,28,0,10,3,3,15,5,35,0,0,0
"Tel Aviv District",2016,5,16,19,69,6,0,1,1,36,10,75,35,2,31,0,22,4,5,24,3,22,60,0,0
"Tel Aviv District",2016,6,12,20,58,5,0,1,1,49,8,71,29,2,41,0,17,3,6,16,0,0,0,0,0.416218760758524
"Tel Aviv District",2016,7,13,20,49,5,0,1,2,33,10,70,21,1,34,0,22,3,4,18,0,0,0,0,0
"Tel Aviv District",2016,8,16,20,68,6,0,1,1,25,10,66,48,1,22,0,13,3,5,16,0,0,0,0,0
"Tel Aviv District",2016,9,14,22,57,9,0,4,1,34,9,80,47,2,23,0,21,2,5,20,3,34,0,0,0.974741619768283
"Tel Aviv District",2016,10,10,26,44,5,0,0,2,39,9,74,41,3,24,0,14,3,4,15,0,30,0,0,0
"Tel Aviv District",2016,11,14,21,54,5,0,1,1,32,8,71,24,8,30,0,26,3,7,22,0,0,0,0,0
"Tel Aviv District",2016,12,15,21,66,6,0,1,2,39,9,64,26,1,27,0,25,3,5,21,4,37,100,0,0.0983987802907348
"Tel Aviv District",2017,1,13,21,64,4,0,1,2,33,12,68,26,2,33,0,35,3,9,22,5,50,60,0,0
"Tel Aviv District",2017,2,14,20,46,5,0,1,2,37,10,67,24,1,24,0,25,5,6,18,5,0,0,0,0
"Tel Aviv District",2017,3,14,18,43,5,0,1,2,39,10,64,21,2,30,0,19,5,5,18,0,75,45,0,0
"Tel Aviv District",2017,4,13,21,48,6,0,1,2,30,9,61,31,2,25,0,16,2,6,17,0,0,0,0,0
"Tel Aviv District",2017,5,8,23,58,4,0,1,2,31,10,68,26,5,34,0,20,3,5,18,0,0,0,0,0
"Tel Aviv District",2017,6,15,22,62,5,0,1,1,46,11,69,22,2,30,0,16,3,4,17,0,0,0,0,0
"Tel Aviv District",2017,7,15,23,59,7,0,1,1,55,11,67,26,2,28,0,19,3,8,15,0,0,0,0,0.335154734753795
"Tel Aviv District",2017,8,15,25,63,4,0,1,2,53,9,70,20,1,35,0,37,2,9,19,0,0,0,0,0
"Tel Aviv District",2017,9,13,23,56,4,0,1,1,51,12,73,24,1,25,0,35,2,6,18,0,0,0,0,0
"Tel Aviv District",2017,10,14,25,62,5,0,1,2,75,12,69,24,2,31,0,21,3,5,21,0,0,0,0,0
"Tel Aviv District",2017,11,16,24,47,13,0,1,3,43,11,72,21,2,30,0,26,3,6,20,0,0,0,0,0.53942652205479
"Tel Aviv District",2017,12,13,23,45,6,0,2,4,47,12,69,20,2,29,0,23,4,12,20,0,0,0,0,0
"Tel Aviv District",2018,1,31,25,63,6,0,1,2,51,15,69,22,2,30,0,95,3,7,25,5,58,0,0,0
"Tel Aviv District",2018,2,21,23,58,6,0,2,3,55,9,70,24,2,29,0,58,3,11,31,7,0,96,0,0
"Tel Aviv District",2018,3,25,25,52,12,0,4,2,60,8,70,21,4,29,0,40,3,7,22,0,0,0,0,0
"Tel Aviv District",2018,4,21,26,63,7,0,1,2,80,5,75,30,2,37,0,29,3,6,28,0,0,0,0,0
"Tel Aviv District",2018,5,23,28,81,7,0,3,5,46,6,71,37,3,37,0,28,6,4,22,0,0,0,0,0
"Tel Aviv District",2018,6,11,27,66,7,0,2,2,44,8,77,19,3,43,0,27,5,4,20,0,0,0,0,0
"Tel Aviv District",2018,7,18,26,64,7,0,3,5,57,7,70,24,3,45,0,21,6,8,22,0,0,0,0,0.0273226172148069
"Tel Aviv District",2018,8,14,27,78,5,0,3,4,42,8,71,19,9,33,0,22,7,6,23,0,0,0,0,0
"Tel Aviv District",2018,9,18,37,55,4,0,1,2,62,9,74,21,9,20,0,26,4,4,21,0,0,0,0,0
"Tel Aviv District",2018,10,16,26,52,6,0,2,3,79,8,75,20,96,34,0,44,5,12,24,0,0,0,0,0.308545219601162
"Tel Aviv District",2018,11,18,30,48,9,0,8,7,37,4,77,24,27,28,9,32,15,9,28,0,0,0,0,0
"Tel Aviv District",2018,12,91,23,75,10,0,2,4,38,8,71,21,6,40,0,44,4,10,18,0,0,0,0,0.974617381541517
"Tel Aviv District",2019,1,95,28,65,5,0,2,3,71,8,77,26,12,29,0,50,4,32,29,0,0,0,0,0
"Tel Aviv District",2019,2,81,21,57,5,0,1,2,50,5,69,18,22,30,0,60,3,100,33,0,0,0,0,0
"Tel Aviv District",2019,3,38,23,74,39,8,9,13,52,8,77,24,34,46,6,93,9,34,41,5,44,86,0,0.824522966773905
"Tel Aviv District",2019,4,17,26,45,4,0,1,2,45,6,68,17,100,36,0,85,4,68,67,6,0,93,0,0
"Tel Aviv District",2019,5,17,25,63,21,8,16,14,56,7,77,37,9,32,17,46,9,15,42,0,0,0,0,0
"Tel Aviv District",2019,6,20,27,52,4,0,3,4,61,4,76,24,12,34,0,40,3,11,25,0,0,0,0,0
"Tel Aviv District",2019,7,14,31,55,4,0,2,4,78,5,80,14,13,35,0,38,4,7,20,0,0,0,0,0.109799246418473
"Tel Aviv District",2019,8,15,28,59,4,0,2,5,55,5,73,17,18,24,0,53,4,11,18,0,0,0,0,0
"Tel Aviv District",2019,9,16,29,65,5,0,2,4,65,5,74,23,99,23,0,100,3,49,71,9,100,0,0,0
"Tel Aviv District",2019,10,16,31,48,4,0,1,4,40,9,69,21,5,18,0,63,2,13,40,0,0,0,0,0
"Tel Aviv District",2019,11,31,33,65,21,21,36,20,70,6,78,30,6,29,14,72,7,16,46,0,0,0,0,0.527846919517224
"Tel Aviv District",2019,12,16,29,45,4,0,2,3,53,6,76,19,11,24,0,52,3,36,29,0,96,0,0,0
"Tel Aviv District",2020,1,16,24,60,4,0,1,3,73,4,74,22,12,29,0,45,3,11,21,22,87,60,0,0
"Tel Aviv District",2020,2,16,29,70,4,0,2,5,44,5,77,18,30,31,0,53,5,23,28,6,68,0,0,0
"Tel Aviv District",2020,3,15,100,94,3,0,3,2,60,12,71,25,67,35,0,89,2,28,80,0,0,0,0,0
"Tel Aviv District",2020,4,14,59,80,5,0,5,2,90,0,77,34,4,21,0,66,3,9,57,8,0,76,0,0
"Tel Aviv District",2020,5,16,42,67,4,0,2,2,60,4,70,26,3,27,0,72,2,14,49,19,59,0,0,0
"Tel Aviv District",2020,6,18,38,80,5,0,1,2,66,4,74,22,2,20,0,37,3,8,30,100,96,0,0,0
"Tel Aviv District",2020,7,17,32,61,5,0,3,2,53,8,77,19,3,18,0,67,3,13,43,32,57,0,0,0
"Tel Aviv District",2020,8,17,27,59,5,0,2,2,53,6,93,15,5,31,0,62,4,12,33,14,56,0,0,0
"Tel Aviv District",2020,9,14,42,90,4,0,9,3,78,5,93,28,2,20,0,56,3,12,35,6,0,0,0,0
"Tel Aviv District",2020,10,15,31,98,4,0,6,2,70,9,84,34,6,25,0,63,2,18,41,0,61,0,0,0
"Tel Aviv District",2020,11,17,26,49,5,0,5,2,62,7,74,29,26,17,0,43,2,11,29,0,46,0,0,0
"Tel Aviv District",2020,12,16,30,74,4,0,20,3,42,13,74,27,7,29,0,41,3,17,32,0,0,0,0,0
"Tel Aviv District",2021,1,17,30,100,5,0,20,2,74,10,73,30,12,21,0,46,2,14,33,0,0,0,0,0
"Tel Aviv District",2021,2,15,28,65,4,0,17,5,66,4,73,21,21,22,0,52,2,15,34,0,0,0,0,0
"Tel Aviv District",2021,3,19,26,46,4,0,13,2,78,5,100,19,82,26,0,82,2,33,57,5,0,0,0,0
"Tel Aviv District",2021,4,15,26,74,7,0,8,3,51,5,79,25,7,29,0,58,2,13,63,0,0,0,0,0
"Tel Aviv District",2021,5,100,40,71,52,100,73,63,79,6,93,64,5,70,100,52,53,11,58,0,0,0,0,0.974615653515751
"Tel Aviv District",2021,6,23,28,45,4,0,5,2,50,0,78,32,4,32,0,78,10,16,100,0,0,0,0,0
"Tel Aviv District",2021,7,18,30,79,5,0,13,3,68,4,80,16,2,21,0,40,6,8,27,0,0,0,0,0
"Tel Aviv District",2021,8,16,32,83,6,0,35,3,82,37,83,16,1,29,0,33,4,4,26,0,0,0,0,0
"Tel Aviv District",2021,9,19,33,71,5,0,33,3,69,39,79,18,1,23,0,27,6,4,16,0,0,92,0,0
"Tel Aviv District",2021,10,17,27,79,4,0,14,2,54,30,86,21,2,31,0,34,5,6,26,0,0,75,0,0
"Tel Aviv District",2021,11,13,30,68,10,0,13,2,54,36,73,20,1,36,0,34,4,4,25,0,56,0,0,0.179739790534211
"Tel Aviv District",2021,12,15,29,54,5,0,19,2,69,42,72,18,1,29,0,30,6,5,23,0,0,0,0,0
"Tel Aviv District",2022,1,17,32,66,5,0,30,2,54,100,84,27,2,34,0,52,3,11,27,0,57,0,0,0
"Tel Aviv District",2022,2,15,30,58,5,0,8,4,59,26,94,77,2,35,0,31,4,8,35,9,0,0,0,0
"Tel Aviv District",2022,3,20,29,67,3,0,6,2,49,17,89,55,2,62,0,26,3,6,27,5,0,0,0,0
"Tel Aviv District",2022,4,13,33,60,5,0,4,4,59,9,82,41,3,56,0,26,7,6,33,0,0,0,0,0
"Tel Aviv District",2022,5,18,32,81,15,0,5,4,51,7,81,35,4,51,0,32,12,7,29,0,0,0,0,0
"Tel Aviv District",2022,6,23,30,64,5,0,4,3,61,14,81,25,5,35,0,36,4,13,41,0,0,0,0,0
"Tel Aviv District",2022,7,21,30,74,4,0,4,2,84,10,82,22,6,22,0,42,3,33,34,0,0,0,0,0
"Tel Aviv District",2022,8,37,31,63,17,29,19,25,100,0,100,31,10,37,38,26,8,63,25,0,0,0,0,0.52683743988927
"Tel Aviv District",2022,9,13,36,64,4,0,1,2,68,0,84,26,13,27,0,30,2,18,24,6,0,0,0,0
"Tel Aviv District",2022,10,19,31,57,3,0,2,1,77,5,80,28,36,46,0,52,2,34,39,0,50,0,0,0
"Tel Aviv District",2022,11,18,29,58,3,0,2,2,73,5,76,22,46,43,0,49,2,37,54,0,55,0,0,0
"Tel Aviv District",2022,12,19,27,53,4,0,1,1,64,4,69,22,3,30,0,36,3,14,47,0,0,0,0,0
