"","location"
"1","אבו+ג’אבר+Israel"
"2","אבו+ג’אבר+דרומית+ממיתר+Israel"
"3","אבו+ג’ודה+Israel"
"4","אבו+ג’ווייעד+Israel"
"5","אבו+גוש+Israel"
"6","אבו+דיאב+Israel"
"7","אבו+דיס+Israel"
"8","אבו+טראש+Israel"
"9","אבו+כף+אום+בטין+Israel"
"10","אבו+נוג’ים+Israel"
"11","אבו+סלמאן+Israel"
"12","אבו+סריחאן+Israel"
"13","אבו+עבדון+Israel"
"14","אבו+עמרה+Israel"
"15","אבו+עסא+Israel"
"16","אבו+עפאש+Israel"
"17","אבו+קוידר+אל+עפאוי+דרומית+לנבטים+Israel"
"18","אבו+קרינאת+Israel"
"19","אבו+קרינאת+והפזורה+Israel"
"20","אבו+קרינאת+מערבית+לכסיפה+Israel"
"21","אבו+קש+Israel"
"22","אבו+רביעה+Israel"
"23","אבו+רביעה+צפונית+לכסיפה+Israel"
"24","אבו+רוקייק+Israel"
"25","אבו+שח’ידם+Israel"
"26","אבו+תלול+Israel"
"27","אבו-תלול+והפזורה+Israel"
"28","אבטין+Israel"
"29","אבטליון+Israel"
"30","אביאל+Israel"
"31","אביבים+Israel"
"32","אביגדור+Israel"
"33","אביחיל+Israel"
"34","אביטל+Israel"
"35","אביעזר+Israel"
"36","אבירים+Israel"
"37","אבני+איתן+Israel"
"38","אבן+יהודה+Israel"
"39","אבני+חפץ+Israel"
"40","אבן+מנחם+Israel"
"41","אבן+ספיר+Israel"
"42","אבן+שמואל+Israel"
"43","אבנת+Israel"
"44","אבשלום+Israel"
"45","א+דהאבשה+Israel"
"46","אדורה+Israel"
"47","א+דיראת+Israel"
"48","א+דיר+במזרח+הר+חברון+Israel"
"49","א+דיר+במערב+הר+חברון+Israel"
"50","אדירים+Israel"
"51","אדמית+Israel"
"52","א+דנפירי+Israel"
"53","אדרת+Israel"
"54","אודים+Israel"
"55","אודלה+Israel"
"56","אודם+Israel"
"57","אוהד+Israel"
"58","אוהלו+Israel"
"59","אום+א+טלע+Israel"
"60","אום+אל-פחם+Israel"
"61","אום+אל-קוטוף+Israel"
"62","אום+א+סח’אלי+Israel"
"63","אום+א+ריחאן+Israel"
"64","אום+בטין+Israel"
"65","אום+בטין+והפזורה+Israel"
"66","אום+דאר+Israel"
"67","אומן+Israel"
"68","אום+סלמונה+Israel"
"69","אום+ספא+Israel"
"70","אום+עלאס+Israel"
"71","אום+עסלה+Israel"
"72","אומץ+Israel"
"73","אופקים+Israel"
"74","אורה+Israel"
"75","אור+הגנוז+Israel"
"76","אור+הנר+Israel"
"77","אורון+Israel"
"78","אורות+Israel"
"79","אורטל+Israel"
"80","אור+יהודה+Israel"
"81","אורים+Israel"
"82","אורנים+Israel"
"83","אורנית+Israel"
"84","אור+עקיבא+Israel"
"85","אושה+Israel"
"86","אזור+Israel"
"87","אזור+תעשיות+צבאים+Israel"
"88","אזור+תעשייה+אכזיב+מילואות+Israel"
"89","אזור+תעשייה+אלון+התבור+Israel"
"90","אזור+תעשייה+אפק+ולב+הארץ+Israel"
"91","אזור+תעשייה+באר+טוביה+Israel"
"92","אזור+תעשייה+בני+יהודה+Israel"
"93","אזור+תעשייה+ברוש+Israel"
"94","אזור+תעשייה+דימונה+Israel"
"95","אזור+תעשייה+הדרומי+אשקלון+Israel"
"96","אזור+תעשייה+הר+טוב+-+צרעה+Israel"
"97","אזור+תעשייה+חבל+מודיעין+Israel"
"98","אזור+תעשייה+חצור+הגלילית+Israel"
"99","אזור+תעשייה+כנות+Israel"
"100","אזור+תעשייה+כרמיאל+Israel"
"101","אזור+תעשייה+מבואות+הגלבוע+Israel"
"102","אזור+תעשייה+ניר+עציון+Israel"
"103","אזור+תעשייה+נ.ע.מ+Israel"
"104","אזור+תעשייה+נעמן+Israel"
"105","אזור+תעשייה+נשר+-+רמלה+Israel"
"106","אזור+תעשייה+עד+הלום+Israel"
"107","אזור+תעשייה+עידן+הנגב+Israel"
"108","אזור+תעשייה+צ.ח.ר+Israel"
"109","אזור+תעשייה+צמח+Israel"
"110","אזור+תעשייה+צפוני+אשקלון+Israel"
"111","אזור+תעשייה+קיסריה+Israel"
"112","אזור+תעשייה+קריית+גת+Israel"
"113","אזור+תעשייה+רגבים+Israel"
"114","אזור+תעשייה+רמת+דלתון+Israel"
"115","אזור+תעשייה+שחורת+Israel"
"116","אזור+תעשייה+שער+בנימין+Israel"
"117","אזור+תעשייה+שער+נעמן+Israel"
"118","אזור+תעשייה+תימורים+Israel"
"119","א+זיאדנה+דרומית+לרהט+Israel"
"120","א+זיאדנה+צפונית+לרהט+Israel"
"121","א+זעיים+Israel"
"122","אחווה+Israel"
"123","אחוזם+Israel"
"124","אחוזת+ברק+Israel"
"125","אחוזת+שושנה+Israel"
"126","אחיהוד+Israel"
"127","אחיטוב+Israel"
"128","אחיסמך+Israel"
"129","אחיעזר+Israel"
"130","א+טבקה+Israel"
"131","א+טוואני+Israel"
"132","איבים+Israel"
"133","אידמית+Israel"
"134","אייל+Israel"
"135","איילת+השחר+Israel"
"136","אילון+Israel"
"137","אילות+Israel"
"138","אילנות+Israel"
"139","אילניה+Israel"
"140","אילת+Israel"
"141","אימאתין+Israel"
"142","אימריש+Israel"
"143","איסכאכא+Israel"
"144","אירוס+Israel"
"145","איתמר+Israel"
"146","איתן+Israel"
"147","איתנים+Israel"
"148","אכסאל+Israel"
"149","אל+אסד+Israel"
"150","אל+בירה+Israel"
"151","אל+בירה+בהר+חברון+Israel"
"152","אל+ג’וויני+Israel"
"153","אל+ג’נאמי+Israel"
"154","אל+ג’רג’אווי+Israel"
"155","אל+הג’רה+Israel"
"156","אל+הייל+Israel"
"157","א+לובאן+Israel"
"158","אל+ולג’ה+Israel"
"159","אל+ולידי+Israel"
"160","אלומה+Israel"
"161","אלומות+Israel"
"162","אלון+Israel"
"163","אלון+הגליל+Israel"
"164","אלוני+אבא+Israel"
"165","אלוני+הבשן+Israel"
"166","אלוני+יצחק+Israel"
"167","אלונים+Israel"
"168","אלון+מורה+Israel"
"169","אלון+שבות+Israel"
"170","אל+חדב+Israel"
"171","אל+ח’דר+Israel"
"172","אל+ח’וואלד+מערב+Israel"
"173","אל+חוקוק+Israel"
"174","אל+חמידי+Israel"
"175","אליאב+Israel"
"176","אליכין+Israel"
"177","אלי-עד+Israel"
"178","אליפז+Israel"
"179","אליפלט+Israel"
"180","אליקים+Israel"
"181","אלישיב+Israel"
"182","אלישמע+Israel"
"183","אל+כלאב+Israel"
"184","אל+מאג’ור+Israel"
"185","אלמגור+Israel"
"186","אלמוג+Israel"
"187","אל+מודוור+Israel"
"188","אל+מועלקה+Israel"
"189","אל+מחד’י+צפונית+לדימונה+Israel"
"190","אל+מראג’ם+Israel"
"191","אל+סייד+Israel"
"192","+אל-סייד+והפזורה+Israel"
"193","אל+עביד+Israel"
"194","אלעד+Israel"
"195","אל+ע’ול+צפונית+לדימונה+Israel"
"196","אל+עזי+Israel"
"197","אלעזר+Israel"
"198","אל+עטאונה+Israel"
"199","אל+עלקה+אל+פוקא+Israel"
"200","אל+עמראני+דרום+מערב+לדימונה+Israel"
"201","אל+ערוב+Israel"
"202","אל-עריאן+Israel"
"203","אל+עתאיקה+Israel"
"204","אל+עת’אמין+Israel"
"205","אל+פוואר+Israel"
"206","אל+פונדוק+Israel"
"207","אל+פורעה+Israel"
"208","אלפי+מנשה+Israel"
"209","אל+קוסור+Israel"
"210","אל+קורעאן+ב+Israel"
"211","אלקוש+Israel"
"212","אל+קילא+Israel"
"213","אלקנה+Israel"
"214","אל+קרישי+Israel"
"215","אל+קרעאן+Israel"
"216","אל+קרעאן+דרומית+לערד+Israel"
"217","אל+קשכר+Israel"
"218","אל-רום+Israel"
"219","אמונים+Israel"
"220","אמירים+Israel"
"221","אמנון+Israel"
"222","אמציה+Israel"
"223","א+נבארי+Israel"
"224","א+נוואקיר+Israel"
"225","אניעם+Israel"
"226","א+סייד+Israel"
"227","א+סלבה+Israel"
"228","אספר+Israel"
"229","אעבלין+Israel"
"230","אעצם+Israel"
"231","אפיניש+Israel"
"232","אפיק+Israel"
"233","אפיקים+Israel"
"234","אפק+Israel"
"235","אפרת+Israel"
"236","אפרתה+Israel"
"237","א+ראם+Israel"
"238","א+ראס+Israel"
"239","ארבל+Israel"
"240","ארגמן+Israel"
"241","ארז+Israel"
"242","ארטאס+Israel"
"243","אריאל+Israel"
"244","א+ריחייה+Israel"
"245","ארסוף+Israel"
"246","ארצי-היכנסו+למרחב+מוגן+Israel"
"247","אשבול+Israel"
"248","אשבל+Israel"
"249","אשדוד+Israel"
"250","אשדות+יעקב++(איחוד)+Israel"
"251","אשדות+יעקב++(מאוחד)+Israel"
"252","א+שויוח+Israel"
"253","אשחר+Israel"
"254","א+שייח’+אחמד+Israel"
"255","אשכולות+Israel"
"256","אשל+הנשיא+Israel"
"257","אשלים+Israel"
"258","אשקלון+Israel"
"259","אשקלון+-+דרום+Israel"
"260","אשקלון+-+צפון+Israel"
"261","אשרת+Israel"
"262","אשתאול+Israel"
"263","א.ת+אשקלון+Israel"
"264","אתגר+Israel"
"265","אתר+דודאים+Israel"
"266","באקה+Israel"
"267","באקה+אל+גרבייה+Israel"
"268","באקה+אל+ע’רביה+Israel"
"269","באקה+ג’ת+Israel"
"270","באר+אורה+Israel"
"271","באר+גנים+Israel"
"272","בארותיים+Israel"
"273","בארות+יצחק+Israel"
"274","באר+טוביה+Israel"
"275","בארי+Israel"
"276","באר+יעקב+Israel"
"277","באר+מילכה+Israel"
"278","באר+שבע+Israel"
"279","באר+שבע+-+דרום+Israel"
"280","באר+שבע+-+מזרח+Israel"
"281","באר+שבע+-+מערב+Israel"
"282","באר+שבע+-+צפון+Israel"
"283","בד+פלוח+Israel"
"284","בודרוס+Israel"
"285","בווידיעה+Israel"
"286","בוסתן+הגליל+Israel"
"287","בועיינה-נוג'ידאת+Israel"
"288","בועיינה+נוג’יידאת+Israel"
"289","בוקעתא+Israel"
"290","בורג’+Israel"
"291","בורגתה+Israel"
"292","בורהאם+Israel"
"293","בורוקין+Israel"
"294","בורין+Israel"
"295","בורקה+Israel"
"296","בורקין+Israel"
"297","בחן+Israel"
"298","בטחה+Israel"
"299","ביאדה+בהר+חברון+Israel"
"300","בידו+Israel"
"301","בידיה+Israel"
"302","ביכורה+Israel"
"303","בילעין+Israel"
"304","ביענה+Israel"
"305","ביצרון+Israel"
"306","ביר+אבו+אל+חמאם+Israel"
"307","ביר+אל-מכסור+Israel"
"308","ביר+הדאג'+Israel"
"309","ביר+זית+Israel"
"310","ביריה+Israel"
"311","ביר+נבאלה+Israel"
"312","בית+א+אל+פוקא+Israel"
"313","ביתא+א+תחתא+Israel"
"314","בית+אולא+Israel"
"315","בית+אומר+Israel"
"316","בית+אורן+Israel"
"317","בית+איבא+Israel"
"318","בית+איג’זא+Israel"
"319","בית+איכסא+Israel"
"320","בית+איענאן+Israel"
"321","בית+אל+Israel"
"322","בית+אלעזרי+Israel"
"323","בית+אלפא+Israel"
"324","בית+אמין+Israel"
"325","בית+א+רוש+אל+פוקא+Israel"
"326","בית+אריה+Israel"
"327","בית+ברל+Israel"
"328","בית+גוברין+Israel"
"329","בית+ג’מאל+Israel"
"330","בית+גמליאל+Israel"
"331","בית+ג'ן+Israel"
"332","בית+דגן+Israel"
"333","בית+דוקו+Israel"
"334","בית+הגדי+Israel"
"335","בית+הלוי+Israel"
"336","בית+הלל+Israel"
"337","בית+העמק+Israel"
"338","בית+הערבה+Israel"
"339","בית+השיטה+Israel"
"340","בית+וזן+Israel"
"341","ביתוניא+Israel"
"342","בית+זיד+Israel"
"343","בית+זית+Israel"
"344","בית+זרע+Israel"
"345","בית+חורון+Israel"
"346","בית+חזון+Israel"
"347","בית+חלקיה+Israel"
"348","בית+חנינא+Israel"
"349","בית+חנן+Israel"
"350","בית+חנניה+Israel"
"351","בית+חרות+Israel"
"352","בית+חשמונאי+Israel"
"353","בית+יהושע+Israel"
"354","בית+יוסף+Israel"
"355","ביתילו+Israel"
"356","ביתין+Israel"
"357","בית+ינאי+Israel"
"358","בית+יצחק-שער+חפר+Israel"
"359","בית+ירח+Israel"
"360","בית+כאחיל+Israel"
"361","בית+לחם+הגלילית+Israel"
"362","בית+ליד+Israel"
"363","בית+ליקיא+Israel"
"364","בית+מאיר+Israel"
"365","בית+מירסים+Israel"
"366","ביתן+אהרן+Israel"
"367","בית+נחמיה+Israel"
"368","בית+ניר+Israel"
"369","בית+נקופה+Israel"
"370","בית+סוהר+השרון+Israel"
"371","בית+סוהר+מגידו+Israel"
"372","בית+סוריכ+Israel"
"373","בית+סירא+Israel"
"374","בית+סכריא+Israel"
"375","בית+ספר+אורט+בנימינה+Israel"
"376","בית+ספר+שדה+מירון+Israel"
"377","בית+עובד+Israel"
"378","בית+עוזיאל+Israel"
"379","בית+ע’ור+אל+פוקא+Israel"
"380","בית+ע’ור+א+תחתא+Israel"
"381","בית+עזרא+Israel"
"382","בית+עינון+Israel"
"383","בית+עלמין+תל+רגב+Israel"
"384","בית+עמרה+Israel"
"385","בית+עריף+Israel"
"386","בית+פג’אר+Israel"
"387","בית+פוריכ+Israel"
"388","בית+צבי+Israel"
"389","בית+קמה+Israel"
"390","בית+קשת+Israel"
"391","בית+רבן+Israel"
"392","בית+רחאל+Israel"
"393","בית+רימא+Israel"
"394","בית+רימון+Israel"
"395","ביתר+עילית+Israel"
"396","בית+שאן+Israel"
"397","בית+שיקמה+Israel"
"398","בית+שמש+Israel"
"399","בית+שערים+Israel"
"400","בית+שקמה+Israel"
"401","בית+תעמר+Israel"
"402","בלאטה+Israel"
"403","בלפוריה+Israel"
"404","בן+זכאי+Israel"
"405","בני+ברק+Israel"
"406","בני+דקלים+Israel"
"407","בני+דרום+Israel"
"408","בני+דרור+Israel"
"409","בניה+Israel"
"410","בני+יהודה+Israel"
"411","בני+יהודה+וגבעת+יואב+Israel"
"412","בנימינה+Israel"
"413","בנימינה-גבעת+עדה+Israel"
"414","בני+נעים+Israel"
"415","בני+נצרים+Israel"
"416","בני+עטרות+Israel"
"417","בני+עי""ש+Israel"
"418","בני+ציון+Israel"
"419","בני+ראם+Israel"
"420","בן+עמי+Israel"
"421","בן+שמן+Israel"
"422","בן+שמן+(כפר+נוער)+Israel"
"423","בסמ""ה+Israel"
"424","בסמת+טבעון+Israel"
"425","בצרה+Israel"
"426","בצת+Israel"
"427","בקוע+Israel"
"428","בקעות+Israel"
"429","בר+גיורא+Israel"
"430","ברדלה+Israel"
"431","ברד’עה+Israel"
"432","ברוכין+Israel"
"433","ברור+חיל+Israel"
"434","ברורים+Israel"
"435","ברוש+Israel"
"436","ברטעה+Israel"
"437","בר+יוחאי+Israel"
"438","ברכה+Israel"
"439","ברכיה+Israel"
"440","ברעם+Israel"
"441","ברק+Israel"
"442","ברקאי+Israel"
"443","ברקן+Israel"
"444","ברקת+Israel"
"445","בת+הדר+Israel"
"446","בת+חן+Israel"
"447","בת+חפר+Israel"
"448","בת+ים+Israel"
"449","בתיר+Israel"
"450","בת+עין+Israel"
"451","בת+שלמה+Israel"
"452","גאולים+Israel"
"453","גאולי+תימן+Israel"
"454","ג’אלא+Israel"
"455","ג’אלוד+Israel"
"456","גאליה+Israel"
"457","ג’אניה+Israel"
"458","גבולות+Israel"
"459","גבים+Israel"
"460","גבע+Israel"
"461","גבע+בנימין+Israel"
"462","ג’בעה+Israel"
"463","גבעולים+Israel"
"464","גבעון+החדשה+Israel"
"465","גבעות+Israel"
"466","גבעות+בר+Israel"
"467","גבעות+עדן+Israel"
"468","גבע+כרמל+Israel"
"469","ג’בע+מצפון+לירושלים+Israel"
"470","גבעת+אבני+Israel"
"471","גבעת+אלה+Israel"
"472","גבעת+אסף+Israel"
"473","גבעת+ברנר+Israel"
"474","גבעת+השלושה+Israel"
"475","גבעת+וולפסון+Israel"
"476","גבעת+וושינגטון+Israel"
"477","גבעת+זאב+Israel"
"478","גבעת+חביבה+Israel"
"479","גבעת+חיים+(איחוד)+Israel"
"480","גבעת+חיים+(מאוחד)+Israel"
"481","גבעת+ח""ן+Israel"
"482","גבעתי+Israel"
"483","גבעת+יואב+Israel"
"484","גבעתיים+Israel"
"485","גבעת+יערים+Israel"
"486","גבעת+ישעיהו+Israel"
"487","גבעת+כ""ח+Israel"
"488","גבעת+ניל""י+Israel"
"489","גבעת+סנה+יעקב+Israel"
"490","גבעת+עדה+Israel"
"491","גבעת+עוז+Israel"
"492","גבעת+שמואל+Israel"
"493","גבעת+שמש+Israel"
"494","גבעת+שפירא+Israel"
"495","גברעם+Israel"
"496","גבת+Israel"
"497","גדות+Israel"
"498","ג’דידה+מכר+Israel"
"499","גדיש+Israel"
"500","גדעונה+Israel"
"501","גדרה+Israel"
"502","ג’האלין+Israel"
"503","ג’וב+א+רום+Israel"
"504","ג’ודירה+Israel"
"505","ג’והזם+Israel"
"506","ג’וליס+Israel"
"507","גולן+4+Israel"
"508","ג’וניד+Israel"
"509","גונן+Israel"
"510","ג’ועארה+Israel"
"511","ג’ורדיח+Israel"
"512","ג’וריש+Israel"
"513","גורן+Israel"
"514","גורנות+הגליל+Israel"
"515","ג’ורת+א+שמעה+Israel"
"516","גזית+Israel"
"517","גזר+Israel"
"518","גיאה+Israel"
"519","ג’יב+Israel"
"520","ג’יביא+Israel"
"521","גיבתון+Israel"
"522","ג’יוס+Israel"
"523","גיזו+Israel"
"524","ג’ילג’יליא+Israel"
"525","גילון+Israel"
"526","גילת+Israel"
"527","גינוסר+Israel"
"528","גיניגר+Israel"
"529","ג’ינסאפוט+Israel"
"530","גינתון+Israel"
"531","ג’יש+Israel"
"532","ג’ית+Israel"
"533","גיתה+Israel"
"534","גיתית+Israel"
"535","גלאון+Israel"
"536","ג'לג'וליה+Israel"
"537","גלגל+Israel"
"538","ג’לזון+Israel"
"539","גליל+ים+Israel"
"540","גלעד+Israel"
"541","ג’מאלא+Israel"
"542","ג’מאעין+Israel"
"543","גמזו+Israel"
"544","ג’נאביב+Israel"
"545","גן+הדרום+Israel"
"546","גן+השומרון+Israel"
"547","גנות+Israel"
"548","גנות+הדר+Israel"
"549","גן+חיים+Israel"
"550","גן+יאשיה+Israel"
"551","גן+יבנה+Israel"
"552","גניגר+Israel"
"553","גני+הדר+Israel"
"554","גני+טל+Israel"
"555","גני+יוחנן+Israel"
"556","גני+עם+Israel"
"557","גני+תקווה+Israel"
"558","גן+נר+Israel"
"559","גן+שורק+Israel"
"560","גן+שלמה+Israel"
"561","גן+שמואל+Israel"
"562","ג'סר+א-זרקא+Israel"
"563","געש+Israel"
"564","געתון+Israel"
"565","גפן+Israel"
"566","ג’פנא+Israel"
"567","ג’רון+א+לוז+Israel"
"568","גרופית+Israel"
"569","ג'ש+(גוש+חלב)+Israel"
"570","גשור+Israel"
"571","גשר+Israel"
"572","גשר+הזיו+Israel"
"573","גת+רימון+Israel"
"574","דאלית+אל-כרמל+Israel"
"575","דאר+אל+חנון+Israel"
"576","דבורה+Israel"
"577","דבוריה+Israel"
"578","דבירה+Israel"
"579","דברת+Israel"
"580","דגניה+א'+Israel"
"581","דגניה+ב'+Israel"
"582","דהיישה+מחנה+פליטים+Israel"
"583","ד’הר+אל+עבד+Israel"
"584","ד’הר+חלת+אל+ג’אמיע+Israel"
"585","דהרייה+Israel"
"586","דוב""ב+Israel"
"587","דולב+Israel"
"588","דומא+Israel"
"589","דומא+במרכז+שומרון+Israel"
"590","דור+Israel"
"591","דורא+Israel"
"592","דורא+אל+קריע+Israel"
"593","דורות+Israel"
"594","דחי+Israel"
"595","דייר+אל-אסד+Israel"
"596","דייר+חנא+Israel"
"597","דייר+ראפאת+Israel"
"598","דימונה+Israel"
"599","דיר+אבו+משעל+Israel"
"600","דיר+איבזיע+Israel"
"601","דיר+איסתיא+Israel"
"602","דיר+אל+חטב+Israel"
"603","דיר+א+סודאן+Israel"
"604","דיר+בלוט+Israel"
"605","דיר+ג’ריר+Israel"
"606","דיר+דיבוואן+Israel"
"607","דיר+כרמיזן+Israel"
"608","דיר+ניזאם+Israel"
"609","דיר+סאמת+Israel"
"610","דיר+עמאר+Israel"
"611","דיר+ע’סאנה+Israel"
"612","דיר+קדיס+Israel"
"613","דיר+ראזח+Israel"
"614","דיר+שרף+Israel"
"615","דישון+Israel"
"616","דליה+Israel"
"617","דלית+אל+כרמל+Israel"
"618","דלתון+Israel"
"619","דמיידה+Israel"
"620","דן+158+דרום+תל+אביב+Israel"
"621","דניאל+Israel"
"622","דן+159+מזרח+תל+אביב+Israel"
"623","דן+156+צפון+תל+אביב+Israel"
"624","דפנה+Israel"
"625","דקל+Israel"
"626","דרום+השפלה+187+Israel"
"627","דריג'את+Israel"
"628","האון+Israel"
"629","האשימיה+Israel"
"630","הבונים+Israel"
"631","הגושרים+Israel"
"632","הדר+עם+Israel"
"633","הוד+השרון+Israel"
"634","הודיה+Israel"
"635","הודיות+Israel"
"636","הוואשלה+Israel"
"637","הוזייל+Israel"
"638","הושעיה+Israel"
"639","הזורע+Israel"
"640","הזורעים+Israel"
"641","החותרים+Israel"
"642","היוגב+Israel"
"643","הילה+Israel"
"644","הכפר+הירוק+Israel"
"645","המכללה+האקדמית+כנרת+Israel"
"646","המעפיל+Israel"
"647","הסוללים+Israel"
"648","העוגן+Israel"
"649","הר+אדר+Israel"
"650","הראל+Israel"
"651","הר+גילה+Israel"
"652","הר+גריזים+Israel"
"653","הרדוף+Israel"
"654","הר+עמשא+Israel"
"655","הרצליה+Israel"
"656","הרצליה+-+מערב+Israel"
"657","הרצליה+-+מרכז+וגליל+ים+Israel"
"658","הרצליה+-+פיתוח+Israel"
"659","הררית+Israel"
"660","ואדי+אל+נעם+Israel"
"661","ואדי+אל+נעם+דרום+Israel"
"662","ואדי+אל+עראיס+Israel"
"663","ואדיח+Israel"
"664","ואדי+פוכין+Israel"
"665","ורד+הגליל+Israel"
"666","ורדון+Israel"
"667","ורדים+מוסד+חינוכי+Israel"
"668","ורד+יריחו+Israel"
"669","זאוויה+Israel"
"670","זבארגה+Israel"
"671","זבדיאל+Israel"
"672","זובובא+Israel"
"673","זובידאת+Israel"
"674","זוהר+Israel"
"675","זוואתא+Israel"
"676","זיבדה+Israel"
"677","זיף+Israel"
"678","זיקים+Israel"
"679","זיתא+Israel"
"680","זיתא+ליד+באקה+אל+ע’רביה+Israel"
"681","זיתן+Israel"
"682","זכרון+יעקב+Israel"
"683","זכריה+Israel"
"684","זמר+Israel"
"685","זמרת+Israel"
"686","זמרת+ושובה+Israel"
"687","זנוח+Israel"
"688","זעתרה+Israel"
"689","זרועה+Israel"
"690","זרזיר+Israel"
"691","זרחיה+Israel"
"692","זרעית+Israel"
"693","חארס+Israel"
"694","חבלה+Israel"
"695","חבצלת+השרון+Israel"
"696","חבר+Israel"
"697","חברון+Israel"
"698","חג'אג'רה+Israel"
"699","חג’ה+Israel"
"700","חגור+Israel"
"701","חגי+Israel"
"702","חגלה+Israel"
"703","חדיד+Israel"
"704","חד-נס+Israel"
"705","חדרה+Israel"
"706","חדרה+-+מזרח+Israel"
"707","חדרה+-+מערב+Israel"
"708","חדרה+-+מרכז+Israel"
"709","חדרה+-+נווה+חיים+Israel"
"710","ח'ואלד+Israel"
"711","ח’וארה+Israel"
"712","חוג’ייראת+Israel"
"713","חוג’ילה+Israel"
"714","ח'וואלד+Israel"
"715","חוות+גלעד+Israel"
"716","חוות+דושן+Israel"
"717","חוות+יזרעם+Israel"
"718","חוות+עדן+Israel"
"719","חוות+שיקמים+Israel"
"720","חוות+שלם+Israel"
"721","חוות+שפעה+Israel"
"722","חולדה+Israel"
"723","חולון+Israel"
"724","חולית+Israel"
"725","חולתה+Israel"
"726","חוסאן+Israel"
"727","חוסן+Israel"
"728","חוסנייה+Israel"
"729","חופית+Israel"
"730","חוקוק+Israel"
"731","חורה+Israel"
"732","חורפיש+Israel"
"733","חורשים+Israel"
"734","חזון+Israel"
"735","חי-בר+יטבתה+Israel"
"736","חיבת+ציון+Israel"
"737","חיזמא+Israel"
"738","חיננית+Israel"
"739","חיפה+Israel"
"740","ח’ירבתא+Israel"
"741","ח’ירבת+אבו+פלאח+Israel"
"742","ח’ירבת+א+טורם+Israel"
"743","ח’ירבת+א+טייבה+Israel"
"744","ח’ירבת+א+טירה+Israel"
"745","ח’ירבת+אל+אשקר+Israel"
"746","ח’ירבת+אל+מיסבאח+Israel"
"747","ח’ירבת+אל+עכאבה+Israel"
"748","ח’ירבת+א+נבי+אליאס+Israel"
"749","ח’ירבת+זיתא+Israel"
"750","ח’ירבת+כרמה+Israel"
"751","ח’ירבת+מועאוויה+Israel"
"752","ח’ירבת+סיר+Israel"
"753","ח’ירבת+ספא+Israel"
"754","ח’ירבת+עסלה+Israel"
"755","ח’ירבת+קיס+Israel"
"756","ח’ירבת+ראס+א+טירה+Israel"
"757","ח’ירבת+ראס+עטיה+Israel"
"758","חלוץ+Israel"
"759","חלחול+Israel"
"760","חלמיש+Israel"
"761","חלץ+Israel"
"762","ח’לת+אל+פולה+Israel"
"763","חמאם+Israel"
"764","חמד+Israel"
"765","חמדיה+Israel"
"766","חמדת+Israel"
"767","חמדת+ימים+Israel"
"768","חמרה+Israel"
"769","חמת+גדר+Israel"
"770","חניאל+Israel"
"771","חניתה+Israel"
"772","חנתון+Israel"
"773","חסכה+Israel"
"774","חספין+Israel"
"775","חפץ+חיים+Israel"
"776","חפצי-בה+Israel"
"777","חפר+148+Israel"
"778","חצב+Israel"
"779","חצבה+Israel"
"780","חצור+Israel"
"781","חצור-אשדוד+Israel"
"782","חצור+הגלילית+Israel"
"783","חצרים+Israel"
"784","ח’ראס+Israel"
"785","חרב+לאת+Israel"
"786","חרוצים+Israel"
"787","חרות+Israel"
"788","ח’רזאן+Israel"
"789","חריש+Israel"
"790","חרמלה+Israel"
"791","חרמש+Israel"
"792","ח’רסה+Israel"
"793","חרשים+Israel"
"794","ח’שם+אל+כרם+Israel"
"795","חשמונאים+Israel"
"796","טבריה+Israel"
"797","טובא-זנגריה+Israel"
"798","טורה+על+ע’רביה+Israel"
"799","טורעאן+Israel"
"800","טייבה+Israel"
"801","טייבה+ליד+מולדת+Israel"
"802","טייבה+ליד+עפרה+Israel"
"803","טירה+Israel"
"804","טירה+ליד+בית+חורון+Israel"
"805","טירת+יהודה+Israel"
"806","טירת+כרמל+Israel"
"807","טירת+צבי+Israel"
"808","טל-אל+Israel"
"809","טללים+Israel"
"810","טלמון+Israel"
"811","טל+מנשה+Israel"
"812","טל+שחר+Israel"
"813","טמרה+Israel"
"814","טמרה+(יזרעאל)+Israel"
"815","טנא+Israel"
"816","טפחות+Israel"
"817","יאמון+Israel"
"818","יאנוח-ג'ת+Israel"
"819","יאנון+Israel"
"820","יאסוף+Israel"
"821","יבול+Israel"
"822","יבור+Israel"
"823","יבנאל+Israel"
"824","יבנה+Israel"
"825","יברוד+Israel"
"826","יגור+Israel"
"827","יגל+Israel"
"828","יד+בנימין+Israel"
"829","יד+השמונה+Israel"
"830","יד+חנה+Israel"
"831","ידידה+Israel"
"832","יד+מרדכי+Israel"
"833","יד+נתן+Israel"
"834","יד+רמב""ם+Israel"
"835","יהודה+205+Israel"
"836","יהוד-מונוסון+Israel"
"837","יהל+Israel"
"838","יובל+Israel"
"839","יובלים+Israel"
"840","יודפת+Israel"
"841","יונתן+Israel"
"842","יוקנעם+Israel"
"843","יוקנעם+עילית+Israel"
"844","יושיביה+Israel"
"845","יזרעאל+Israel"
"846","יחד+Israel"
"847","יחיעם+Israel"
"848","יטא+יוטה+Israel"
"849","יטבתה+Israel"
"850","ייט""ב+Israel"
"851","יכיני+Israel"
"852","ים+המלח+בתי+מלון+Israel"
"853","ימין+אורד+Israel"
"854","ינוב+Israel"
"855","ינוח-ג'ת+Israel"
"856","ינון+Israel"
"857","יסוד+המעלה+Israel"
"858","יסודות+Israel"
"859","יסעור+Israel"
"860","יעבד+Israel"
"861","יעד+Israel"
"862","יעל+Israel"
"863","יעף+Israel"
"864","יערה+Israel"
"865","יערות+הכרמל+Israel"
"866","יפיע+Israel"
"867","יפית+Israel"
"868","יפעת+Israel"
"869","יפתח+Israel"
"870","יצהר+Israel"
"871","יציץ+Israel"
"872","יקום+Israel"
"873","יקיר+Israel"
"874","יראון+Israel"
"875","ירדנה+Israel"
"876","ירוחם+Israel"
"877","ירושלים+Israel"
"878","ירושלים+-+אזור+תעשייה+עטרות+Israel"
"879","ירושלים+-+דרום+Israel"
"880","ירושלים+-+כפר+עקב+Israel"
"881","ירושלים+-+מזרח+Israel"
"882","ירושלים+-+מערב+Israel"
"883","ירושלים+-+מרכז+Israel"
"884","ירושלים+-+צפון+Israel"
"885","ירושלים+-+צפון+ואלונים+Israel"
"886","ירחיב+Israel"
"887","יריחו+Israel"
"888","ירכא+Israel"
"889","ירקונה+Israel"
"890","ישובי+אומן+Israel"
"891","ישובי+יעל+Israel"
"892","ישע+Israel"
"893","ישעי+Israel"
"894","ישרש+Israel"
"895","יתד+Israel"
"896","יתמא+Israel"
"897","כאבול+Israel"
"898","כאוכב+אבו+אל-היג'א+Israel"
"899","כברי+Israel"
"900","כדורי+Israel"
"901","כובר+Israel"
"902","כוויזבא+Israel"
"903","כוחלה+Israel"
"904","כוחלה+מכחול+Israel"
"905","כוכב+השחר+Israel"
"906","כוכב+יאיר+Israel"
"907","כוכב+יאיר+-+צור+יגאל+Israel"
"908","כוכב+יעקב+Israel"
"909","כוכב+מיכאל+Israel"
"910","כופיראת+Israel"
"911","כור+Israel"
"912","כורזים+Israel"
"913","כורזים+ורד+הגליל+Israel"
"914","כחל+Israel"
"915","כינרת+מושבה+Israel"
"916","כינרת+קבוצה+Israel"
"917","כיסופים+Israel"
"918","כיסרא+סומיע+Israel"
"919","כיסרא+סמיע+Israel"
"920","כיפל+חארת+Israel"
"921","כישור+Israel"
"922","כלא+דמון+Israel"
"923","כליל+Israel"
"924","כלנית+Israel"
"925","כמאנה+Israel"
"926","כמהין+Israel"
"927","כמון+Israel"
"928","כנות+Israel"
"929","כנף+Israel"
"930","כסייפה+Israel"
"931","כסייפה+והפזורה+Israel"
"932","כסיפה+Israel"
"933","כסלון+Israel"
"934","כעאבנה+Israel"
"935","כעביה+Israel"
"936","כעביה+טבאש+Israel"
"937","כעביה-טבאש-חג'אג'רה+Israel"
"938","כפר+אביב+Israel"
"939","כפר+אדומים+Israel"
"940","כפר+א+דיכ+Israel"
"941","כפר+אוריה+Israel"
"942","כפר+אז”ר+Israel"
"943","כפר+אחים+Israel"
"944","כפר+אלדד+Israel"
"945","כפר+ביאליק+Israel"
"946","כפר+ביל""ו+Israel"
"947","כפר+בלום+Israel"
"948","כפר+בן+נון+Israel"
"949","כפר+ברא+Israel"
"950","כפר+ברוך+Israel"
"951","כפר+גדעון+Israel"
"952","כפר+גלים+Israel"
"953","כפר+גליקסון+Israel"
"954","כפר+גלעדי+Israel"
"955","כפר+ג’מאל+Israel"
"956","כפר+דאן+Israel"
"957","כפר+דניאל+Israel"
"958","כפר+האורנים+Israel"
"959","כפר+הארנים+Israel"
"960","כפר+החורש+Israel"
"961","כפר+המכבי+Israel"
"962","כפר+הנגיד+Israel"
"963","כפר+הנוער+הדתי+Israel"
"964","כפר+הנוער+ימין+אורד+Israel"
"965","כפר+הנשיא+Israel"
"966","כפר+הס+Israel"
"967","כפר+הרא""ה+Israel"
"968","כפר+הרי""ף+Israel"
"969","כפר+הרי''ף+וצומת+ראם+Israel"
"970","כפר+ויתקין+Israel"
"971","כפר+ורבורג+Israel"
"972","כפר+ורדים+Israel"
"973","כפר+זוהרים+Israel"
"974","כפר+זיבאד+Israel"
"975","כפר+זיתים+Israel"
"976","כפר+חב""ד+Israel"
"977","כפר+חיטים+Israel"
"978","כפר+חיים+Israel"
"979","כפר+חנניה+Israel"
"980","כפר+חסידים+א'+Israel"
"981","כפר+חסידים+ב'+Israel"
"982","כפר+חרוב+Israel"
"983","כפר+טבאש+Israel"
"984","כפר+טרומן+Israel"
"985","כפר+יאסיף+Israel"
"986","כפר+ידידיה+Israel"
"987","כפר+יהושע+Israel"
"988","כפר+יובל+Israel"
"989","כפר+יונה+Israel"
"990","כפר+יחזקאל+Israel"
"991","כפר+יעבץ+Israel"
"992","כפר+כמא+Israel"
"993","כפר+כנא+Israel"
"994","כפר+לאקף+Israel"
"995","כפר+מאליכ+Israel"
"996","כפר+מונש+Israel"
"997","כפר+מימון+Israel"
"998","כפר+מימון+ותושיה+Israel"
"999","כפר+מיסר+Israel"
"1000","כפר+מל""ל+Israel"
"1001","כפר+מנדא+Israel"
"1002","כפר+מנחם+Israel"
"1003","כפר+מסריק+Israel"
"1004","כפר+מרדכי+Israel"
"1005","כפר+נהר+הירדן+Israel"
"1006","כפר+נוער+בן+שמן+Israel"
"1007","כפר+נוער+עדנים+Israel"
"1008","כפר+נחום+Israel"
"1009","כפר+נטר+Israel"
"1010","כפר+ניעמה+Israel"
"1011","כפר+סאלד+Israel"
"1012","כפר+סבא+Israel"
"1013","כפר+סור+Israel"
"1014","כפר+סילבר+Israel"
"1015","כפר+סירקין+Israel"
"1016","כפר+עבודה+Israel"
"1017","כפר+עבוש+Israel"
"1018","כפר+עזה+Israel"
"1019","כפר+עין+Israel"
"1020","כפר+עציון+Israel"
"1021","כפר+עקב+Israel"
"1022","כפר+פינס+Israel"
"1023","כפר+קאסם+Israel"
"1024","כפר+קדום+Israel"
"1025","כפר+קוד+Israel"
"1026","כפר+קיש+Israel"
"1027","כפר+קליל+Israel"
"1028","כפר+קרע+Israel"
"1029","כפר+ראש+הנקרה+Israel"
"1030","כפר+רופין+Israel"
"1031","כפר+רות+Israel"
"1032","כפר+שמאי+Israel"
"1033","כפר+שמואל+Israel"
"1034","כפר+שמריהו+Israel"
"1035","כפר+תבור+Israel"
"1036","כפר+ת’ולת+Israel"
"1037","כפר+תפוח+Israel"
"1038","כפר+תקווה+Israel"
"1039","כרזה+Israel"
"1040","כרי+דשא+Israel"
"1041","כרכום+Israel"
"1042","כרכור+Israel"
"1043","כרם+ביבנה+Israel"
"1044","כרם+בן+זמרה+Israel"
"1045","כרם+בן+שמן+Israel"
"1046","כרמיאל+Israel"
"1047","כרם+יבנה+Israel"
"1048","+כרמי+גת+Israel"
"1049","כרמיה+Israel"
"1050","כרמי+יוסף+Israel"
"1051","כרמיל+Israel"
"1052","כרמים+Israel"
"1053","כרמי+צור+Israel"
"1054","כרמי+קטיף+Israel"
"1055","כרמית+Israel"
"1056","כרמל+Israel"
"1057","כרם+מהר""ל+Israel"
"1058","כרם+עמי+Israel"
"1059","כרם+שלום+Israel"
"1060","לבון+Israel"
"1061","לביא+Israel"
"1062","לב+יתיר+Israel"
"1063","לבנים+Israel"
"1064","להב+Israel"
"1065","להבות+הבשן+Israel"
"1066","להבות+חביבה+Israel"
"1067","להבים+Israel"
"1068","לובאן+שרקיה+Israel"
"1069","לוד+Israel"
"1070","לוזית+Israel"
"1071","לוחמי+הגיטאות+Israel"
"1072","לוטם+Israel"
"1073","לוטן+Israel"
"1074","לטרון+Israel"
"1075","לימן+Israel"
"1076","לכיש+Israel"
"1077","לפיד+Israel"
"1078","לפידות+Israel"
"1079","לקיה+Israel"
"1080","לקיה+והפזורה+Israel"
"1081","מאור+Israel"
"1082","מאיר+שפיה+Israel"
"1083","מבוא+ביתר+Israel"
"1084","מבוא+דותן+Israel"
"1085","מבואות+ים+Israel"
"1086","מבואות+יריחו+Israel"
"1087","מבוא+חורון+Israel"
"1088","מבוא+חמה+Israel"
"1089","מבוא+מודיעים+Israel"
"1090","מבועים+Israel"
"1091","מבחור+Israel"
"1092","מבטחים+Israel"
"1093","מבטחים+עמיעוז+ישע+Israel"
"1094","מבקיעים+Israel"
"1095","מבשרת+ציון+Israel"
"1096","מגאר+Israel"
"1097","מג’ד+Israel"
"1098","מג'ד+אל-כרום+Israel"
"1099","מגדים+Israel"
"1100","מגדל+Israel"
"1101","מגדל+העמק+Israel"
"1102","מגדלים+Israel"
"1103","מגדל+עוז+Israel"
"1104","מג'דל+שמס+Israel"
"1105","מגדל+תפן+Israel"
"1106","מגידו+Israel"
"1107","מגל+Israel"
"1108","מגן+Israel"
"1109","מגן+שאול+Israel"
"1110","מגשימים+Israel"
"1111","מדמא+Israel"
"1112","מדרך+עוז+Israel"
"1113","מדרשת+בן+גוריון+Israel"
"1114","מודיעין+Israel"
"1115","מודיעין+-+ישפרו+סנטר+Israel"
"1116","מודיעין+-+ליגד+סנטר+Israel"
"1117","מודיעין-מכבים-רעות+Israel"
"1118","מודיעין+עילית+Israel"
"1119","מוח’מאס+Israel"
"1120","מולדה+Israel"
"1121","מולדת+Israel"
"1122","מועאוויה+Israel"
"1123","מוע’ייר+Israel"
"1124","מועסכר+אל+ערוב+Israel"
"1125","מועצה+אזורית+אשכול+Israel"
"1126","מועצה+אזורית+דרום+השרון+Israel"
"1127","מוצא+עילית+Israel"
"1128","מוקייבלה+Israel"
"1129","מורן+Israel"
"1130","מורשת+Israel"
"1131","מזאריע+א+נובאני+Israel"
"1132","מזור+Israel"
"1133","מזכרת+בתיה+Israel"
"1134","מזרע+Israel"
"1135","מזרעה+Israel"
"1136","מזרעה+אל+קיבליה+Israel"
"1137","מזרעה+א+שרקיה+Israel"
"1138","מחולה+Israel"
"1139","מחניים+Israel"
"1140","מחסיה+Israel"
"1141","מטווח+ניר+עם+Israel"
"1142","מטולה+Israel"
"1143","מטע+Israel"
"1144","מידיה+Israel"
"1145","מיטב+Israel"
"1146","מייסר+Israel"
"1147","מיניה+Israel"
"1148","מי+עמי+Israel"
"1149","מיצר+Israel"
"1150","מירב+Israel"
"1151","מירון+Israel"
"1152","מישר+Israel"
"1153","מיתר+Israel"
"1154","מכורה+Israel"
"1155","מכחול+Israel"
"1156","מכללת+ספיר+Israel"
"1157","מכמורת+Israel"
"1158","מכמנים+Israel"
"1159","מלאה+Israel"
"1160","מלילות+Israel"
"1161","מלכיה+Israel"
"1162","מלכישוע+Israel"
"1163","ממשית+Israel"
"1164","מנוחה+Israel"
"1165","מנוף+Israel"
"1166","מנות+Israel"
"1167","מנזר+לטרון+Israel"
"1168","מנחמיה+Israel"
"1169","מנחת+מחניים+Israel"
"1170","מנסורה+Israel"
"1171","מנרה+Israel"
"1172","מנשיה+Israel"
"1173","מנשית+זבדה+Israel"
"1174","מסד+Israel"
"1175","מסדה+Israel"
"1176","מסחה+Israel"
"1177","מסילות+Israel"
"1178","מסילת+ציון+Israel"
"1179","מסלול+Israel"
"1180","מסעדה+Israel"
"1181","מסעודין+אל-עזאזמה+Israel"
"1182","מעברות+Israel"
"1183","מעגלים+Israel"
"1184","מעגלים+גבעולים+מלילות+Israel"
"1185","מעגן+Israel"
"1186","מעגן+מיכאל+Israel"
"1187","מעוז+חיים+Israel"
"1188","מעון+Israel"
"1189","מעונה+Israel"
"1190","מעון+צופיה+Israel"
"1191","מעיין+ברוך+Israel"
"1192","מעיין+צבי+Israel"
"1193","מעיליא+Israel"
"1194","מעין+Israel"
"1195","מעלה+אדומים+Israel"
"1196","מעלה+אפרים+Israel"
"1197","מעלה+גלבוע+Israel"
"1198","מעלה+גמלא+Israel"
"1199","מעלה+החמישה+Israel"
"1200","מעלה+לבונה+Israel"
"1201","מעלה+מכמש+Israel"
"1202","מעלה+עירון+Israel"
"1203","מעלה+עמוס+Israel"
"1204","מעלה+שביט+Israel"
"1205","מעלה+שומרון+Israel"
"1206","מעלות-תרשיחא+Israel"
"1207","מענית+Israel"
"1208","מעסרה+Israel"
"1209","מעש+Israel"
"1210","מפלסים+Israel"
"1211","מפעלי+אבשלום+Israel"
"1212","מפעלי+גלבוע+Israel"
"1213","מפעלי+מעון+Israel"
"1214","מפעלי+שאן+Israel"
"1215","מצדה+Israel"
"1216","מצדות+יהודה+Israel"
"1217","מצד+שמעון+Israel"
"1218","מצובה+Israel"
"1219","מצוקי+דרגות+Israel"
"1220","מצליח+Israel"
"1221","מצפה+Israel"
"1222","מצפה+אבי""ב+Israel"
"1223","מצפה+אילן+Israel"
"1224","מצפה+יריחו+Israel"
"1225","מצפה+נטופה+Israel"
"1226","מצפה+רמון+Israel"
"1227","מצפה+שלם+Israel"
"1228","מצר+Israel"
"1229","מקווה+ישראל+Israel"
"1230","מראח+אל+בקר+Israel"
"1231","מראח+רבאח+Israel"
"1232","מרגליות+Israel"
"1233","מרג’+נעג’ה+Israel"
"1234","מרדה+Israel"
"1235","מרום+גולן+Israel"
"1236","מרחביה+(מושב)+Israel"
"1237","מרחביה+(קיבוץ)+Israel"
"1238","מרחב+עם+Israel"
"1239","מרינה+Israel"
"1240","מרכז+אזורי+דרום+השרון+Israel"
"1241","מרכז+אזורי+מבואות+חרמון+Israel"
"1242","מרכז+אזורי+מישגב+Israel"
"1243","מרכז+אזורי+מרום+גליל+Israel"
"1244","מרכז+אזורי+מרום+הגליל+Israel"
"1245","מרכז+אזורי+משגב+Israel"
"1246","מרכז+הנגב+Israel"
"1247","+מרכז+ומערב+Israel"
"1248","מרכז+חבר+Israel"
"1249","מרכז+ימי+קיסריה+Israel"
"1250","מרכז+כ”ח+Israel"
"1251","מרכז+מיר”ב+Israel"
"1252","מרכז+קניות+ביל”ו+Israel"
"1253","מרכז+שוהם+Israel"
"1254","מרכז+שפירא+Israel"
"1255","מרעית+Israel"
"1256","משאבי+שדה+Israel"
"1257","משגב+דב+Israel"
"1258","משגב+עם+Israel"
"1259","משהד+Israel"
"1260","משואה+Israel"
"1261","משואות+יצחק+Israel"
"1262","משכיות+Israel"
"1263","משמר+איילון+Israel"
"1264","משמר+דוד+Israel"
"1265","משמר+הירדן+Israel"
"1266","משמר+הנגב+Israel"
"1267","משמר+העמק+Israel"
"1268","משמר+השבעה+Israel"
"1269","משמר+השרון+Israel"
"1270","משמרות+Israel"
"1271","משמרת+Israel"
"1272","משען+Israel"
"1273","מתחם+בני+דרום+Israel"
"1274","מתחם+פי+גלילות+Israel"
"1275","מתחם+צומת+שוקת+Israel"
"1276","מתן+Israel"
"1277","מתת+Israel"
"1278","מתתיהו+Israel"
"1279","נאות+גולן+Israel"
"1280","נאות+הכיכר+Israel"
"1281","נאות+מרדכי+Israel"
"1282","נאות+סמדר+Israel"
"1283","נאעורה+Israel"
"1284","נאקורה+Israel"
"1285","נבטים+Israel"
"1286","נבי+סאלח+Israel"
"1287","נבי+סמואל+Israel"
"1288","נגבה+Israel"
"1289","נגוהות+Israel"
"1290","נהורה+Israel"
"1291","נהלל+Israel"
"1292","נהריה+Israel"
"1293","נוב+Israel"
"1294","נובא+Israel"
"1295","נוגה+Israel"
"1296","נווה+Israel"
"1297","נווה+אבות+Israel"
"1298","נווה+אור+Israel"
"1299","נווה+אטי""ב+Israel"
"1300","נווה+אילן+Israel"
"1301","נווה+איתן+Israel"
"1302","נווה+אפעל+Israel"
"1303","נווה+דניאל+Israel"
"1304","נווה+הרצוג+Israel"
"1305","נווה+זוהר+Israel"
"1306","נווה+זיו+Israel"
"1307","נווה+חריף+Israel"
"1308","נווה+ים+Israel"
"1309","נווה+ימין+Israel"
"1310","נווה+יער+Israel"
"1311","נווה+ירק+Israel"
"1312","נווה+מבטח+Israel"
"1313","נווה+מיכאל+Israel"
"1314","נווה+מיכאל+-+רוגלית+Israel"
"1315","נווה+שלום+Israel"
"1316","נועימה+Israel"
"1317","נועימה+מחנה+פליטים+Israel"
"1318","נועם+Israel"
"1319","נוף+איילון+Israel"
"1320","נוף+הגליל+Israel"
"1321","נופים+Israel"
"1322","נופי+פרת+Israel"
"1323","נופית+Israel"
"1324","נופך+Israel"
"1325","נוקדים+Israel"
"1326","נורדיה+Israel"
"1327","נורית+Israel"
"1328","נזלה+א+שרקיה+Israel"
"1329","נזלת+זיד+Israel"
"1330","נזלת+עיסא+Israel"
"1331","נחאלין+Israel"
"1332","נחושה+Israel"
"1333","נח”ל+אלישע+Israel"
"1334","נחלה+Israel"
"1335","נחליאל+Israel"
"1336","נחלים+Israel"
"1337","נחל+עוז+Israel"
"1338","נחם+Israel"
"1339","נחף+Israel"
"1340","נחשולים+Israel"
"1341","נחשון+Israel"
"1342","נחשונים+Israel"
"1343","נטועה+Israel"
"1344","נטור+Israel"
"1345","נטע+Israel"
"1346","נטעים+Israel"
"1347","נטף+Israel"
"1348","ניל""י+Israel"
"1349","נין+Israel"
"1350","ניעלין+Israel"
"1351","ניצן+Israel"
"1352","ניצן+ב'+Israel"
"1353","ניצנה+Israel"
"1354","ניצנה+כפר+נוער+Israel"
"1355","ניצנים+Israel"
"1356","ניצני+סיני+Israel"
"1357","ניצני+עוז+Israel"
"1358","ניר+אליהו+Israel"
"1359","ניר+בנים+Israel"
"1360","ניר+גלים+Israel"
"1361","ניר+דוד+Israel"
"1362","ניר+ח""ן+Israel"
"1363","נירים+Israel"
"1364","ניר+יפה+Israel"
"1365","ניר+יצחק+Israel"
"1366","ניר+ישראל+Israel"
"1367","נירית+Israel"
"1368","ניר+משה+Israel"
"1369","נירן+Israel"
"1370","ניר+עוז+Israel"
"1371","ניר+עם+Israel"
"1372","ניר+עציון+Israel"
"1373","ניר+עקיבא+Israel"
"1374","ניר+צבי+Israel"
"1375","נמרוד+Israel"
"1376","נס+הרים+Israel"
"1377","נס+עמים+Israel"
"1378","נס+ציונה+Israel"
"1379","נעורה+Israel"
"1380","נעורים+Israel"
"1381","נעלה+Israel"
"1382","נעמי+Israel"
"1383","נען+Israel"
"1384","נצאצרה+Israel"
"1385","נצר+חזני+Israel"
"1386","נצר+סרני+Israel"
"1387","נצרת+Israel"
"1388","נצרת+עילית+Israel"
"1389","נשר+Israel"
"1390","נתיב+הגדוד+Israel"
"1391","נתיב+הל""ה+Israel"
"1392","נתיב+העשרה+Israel"
"1393","נתיב+השיירה+Israel"
"1394","נתיבות+Israel"
"1395","נתניה+Israel"
"1396","נתניה+-+מזרח+Israel"
"1397","נתניה+-+מערב+Israel"
"1398","סאג'ור+Israel"
"1399","סאוויה+Israel"
"1400","סאלם+Israel"
"1401","סאסא+Israel"
"1402","סביון+Israel"
"1403","סבסטיה+Israel"
"1404","סגולה+Israel"
"1405","סואעד+Israel"
"1406","סואעד+חמירה+Israel"
"1407","סובא+Israel"
"1408","סולם+Israel"
"1409","סולם+שונם+Israel"
"1410","סוסיה+Israel"
"1411","סופה+Israel"
"1412","סורדה+Israel"
"1413","סוריף+Israel"
"1414","סח'נין+Israel"
"1415","סיט+Israel"
"1416","סילואד+Israel"
"1417","סילת+אל+ח’רית’יה+Israel"
"1418","סימיא+Israel"
"1419","סינג’יל+Israel"
"1420","סינמה+סיטי+גלילות+Israel"
"1421","סיעיר+Israel"
"1422","סלמה+Israel"
"1423","סלעית+Israel"
"1424","סלפית+Israel"
"1425","סמוע+Israel"
"1426","סמר+Israel"
"1427","סניריא+Israel"
"1428","סנסנה+Israel"
"1429","סעד+Israel"
"1430","סעייה-מולדה+Israel"
"1431","סער+Israel"
"1432","ספא+Israel"
"1433","ספארין+Israel"
"1434","ספיר+Israel"
"1435","ספסופה+-+כפר+חושן+Israel"
"1436","סרה+Israel"
"1437","סרטא+Israel"
"1438","סרכיס+Israel"
"1439","סתריה+Israel"
"1440","עאבוד+Israel"
"1441","עאטוף+Israel"
"1442","עאנין+Israel"
"1443","עבדאללה+איברהים+Israel"
"1444","עבדה+Israel"
"1445","עבדון+Israel"
"1446","עבווין+Israel"
"1447","עברון+Israel"
"1448","עג’ול+Israel"
"1449","עגור+Israel"
"1450","ע'ג'ר+Israel"
"1451","עד+הלום+Israel"
"1452","עדי+Israel"
"1453","עדנים+Israel"
"1454","עובידייה+Israel"
"1455","עוג’א+אתחתא+Israel"
"1456","עווד+Israel"
"1457","עוורתא+Israel"
"1458","עוזה+Israel"
"1459","עוזיז+Israel"
"1460","עוזייר+Israel"
"1461","עוטף+עזה+216+Israel"
"1462","עולש+Israel"
"1463","עומר+Israel"
"1464","עוסארין+Israel"
"1465","עופר+Israel"
"1466","עופרים+Israel"
"1467","עוצם+Israel"
"1468","עוקבי+Israel"
"1469","עוריף+Israel"
"1470","עזאזמה+Israel"
"1471","עזאזמה+דרומית+לרמת+חובב+Israel"
"1472","עזאזמה+דרומית+לשגב+שלום+Israel"
"1473","עזאזמה+מזרחית+לרמת+חובב+Israel"
"1474","עזוז+Israel"
"1475","עזון+Israel"
"1476","עזון+עתמה+Israel"
"1477","עזמוט+Israel"
"1478","עזר+Israel"
"1479","עזריאל+Israel"
"1480","עזריה+Israel"
"1481","עזריקם+Israel"
"1482","עטארה+ליד+ביר+זית+Israel"
"1483","עטרת+Israel"
"1484","עידן+Israel"
"1485","עיזרייה+Israel"
"1486","עיילבון+Israel"
"1487","עיינות+Israel"
"1488","עילוט+Israel"
"1489","עילת+עלי+Israel"
"1490","עינאבוס+Israel"
"1491","עין+איוב+Israel"
"1492","עין+איילה+Israel"
"1493","עין+אל-אסד+Israel"
"1494","עין+אל+מטווי+Israel"
"1495","עין+אל-סהלה+Israel"
"1496","עין+א+סולטאן+מחנה+פליטים+Israel"
"1497","עין+בוקק+Israel"
"1498","עינבר+Israel"
"1499","עין+גב+Israel"
"1500","עין+גדי+Israel"
"1501","עין+דור+Israel"
"1502","עין+הבשור+Israel"
"1503","עין+הוד+Israel"
"1504","עין+החורש+Israel"
"1505","עין+המפרץ+Israel"
"1506","עין+הנצי""ב+Israel"
"1507","עין+העמק+Israel"
"1508","עין+השופט+Israel"
"1509","עין+השלושה+Israel"
"1510","עין+ורד+Israel"
"1511","עין+זיוון+Israel"
"1512","עין+חוד+Israel"
"1513","עין+חצבה+Israel"
"1514","עין+חרוד+(איחוד)+Israel"
"1515","עין+חרוד+(מאוחד)+Israel"
"1516","עין+יאנון+Israel"
"1517","עין+יברוד+Israel"
"1518","עין+יהב+Israel"
"1519","עין+יעקב+Israel"
"1520","עין+כמונים+Israel"
"1521","עין+כרמל+Israel"
"1522","עין+מאהל+Israel"
"1523","עין+מע’ר+Israel"
"1524","עין+נקובא+Israel"
"1525","עין+סיניא+Israel"
"1526","עין+עירון+Israel"
"1527","עין+עריכ+Israel"
"1528","עין+צורים+Israel"
"1529","עין+קיניא+Israel"
"1530","עין+קנייא+Israel"
"1531","עין+ראפה+Israel"
"1532","עין+שמר+Israel"
"1533","עין+שריד+Israel"
"1534","עינת+Israel"
"1535","עין+תמר+Israel"
"1536","עיר+אובות+Israel"
"1537","עיראק+בורין+Israel"
"1538","עכו+Israel"
"1539","עכו+-+אזור+תעשייה+Israel"
"1540","עלומים+Israel"
"1541","עלי+Israel"
"1542","עלי+זהב+Israel"
"1543","עלמה+Israel"
"1544","עלמון+Israel"
"1545","עמוקה+Israel"
"1546","עמוריה+Israel"
"1547","עמינדב+Israel"
"1548","עמיעד+Israel"
"1549","עמיעוז+Israel"
"1550","עמיקם+Israel"
"1551","עמיר+Israel"
"1552","עמנואל+Israel"
"1553","עמקה+Israel"
"1554","עמק+הירדן+11+Israel"
"1555","ענאב+אל+כביר+Israel"
"1556","ענאתא+Israel"
"1557","ענב+Israel"
"1558","עסירה+אל+קיבליה+Israel"
"1559","עסכר+Israel"
"1560","עספיא+Israel"
"1561","עפולה+Israel"
"1562","עפרה+Israel"
"1563","עץ+אפרים+Israel"
"1564","עצמון+שגב+Israel"
"1565","עקאבת+ג’בר+מחנה+פליטים+Israel"
"1566","עקרבה+Israel"
"1567","עראבה+Israel"
"1568","עראבה+ליד+ג’נין+Israel"
"1569","עראמשה+Israel"
"1570","ערב+אזונר+Israel"
"1571","ערב+אל+גנאדי+Israel"
"1572","ערב+אל+נעים+Israel"
"1573","ערב+אל+סגיראת+Israel"
"1574","ערב+אל+סמניה+Israel"
"1575","ערב+אל+עיסאת+Israel"
"1576","ערב+אל+עראמשה+Israel"
"1577","ערב+אל+פמאז+Israel"
"1578","ערב+א+שמעה+Israel"
"1579","ערד+Israel"
"1580","ערוגות+Israel"
"1581","ערוער+-+ערערה+בנגב+Israel"
"1582","ערורה+Israel"
"1583","ערערה+Israel"
"1584","ערערה-בנגב+Israel"
"1585","ערקה+Israel"
"1586","עשרת+Israel"
"1587","עתלית+Israel"
"1588","עתניאל+Israel"
"1589","פארן+Israel"
"1590","פארעה+אל+ג’פתלכ+Israel"
"1591","פארק+צרעה+Israel"
"1592","פארק+תעשיות+פלמחים+Israel"
"1593","פארק+תעשייה+ראם+Israel"
"1594","פדואל+Israel"
"1595","פדויים+Israel"
"1596","פדיה+Israel"
"1597","פוקיקיס+Israel"
"1598","פוריה+-+כפר+עבודה+Israel"
"1599","פוריה+-+נווה+עובד+Israel"
"1600","פוריה+עילית+Israel"
"1601","פוריידיס+Israel"
"1602","פורת+Israel"
"1603","פזורה+לקיה+Israel"
"1604","פטיש+Israel"
"1605","פיראסין+Israel"
"1606","פלאמה+Israel"
"1607","פלך+Israel"
"1608","פלמחים+Israel"
"1609","פני+חבר+Israel"
"1610","פנימיית+עין+כרם+Israel"
"1611","פסאיל+Israel"
"1612","פסגות+Israel"
"1613","פסוטה+Israel"
"1614","פעמי+תש""ז+Israel"
"1615","פצאל+Israel"
"1616","פקיעין+Israel"
"1617","פקיעין+חדשה+Israel"
"1618","פרדס+חנה+Israel"
"1619","פרדס+חנה-כרכור+Israel"
"1620","פרדסיה+Israel"
"1621","פרוד+Israel"
"1622","פרוש+בית+דג’ן+Israel"
"1623","פרזון+Israel"
"1624","פרח’ה+Israel"
"1625","פרי+גן+Israel"
"1626","פרעון+Israel"
"1627","פרעתה+Israel"
"1628","פתחיה+Israel"
"1629","פתח+תקווה+Israel"
"1630","צאלים+Israel"
"1631","צביה+Israel"
"1632","צבעון+Israel"
"1633","צובה+Israel"
"1634","צוחר+Israel"
"1635","צוחר+ואוהד+Israel"
"1636","צופיה+Israel"
"1637","צופים+Israel"
"1638","צופין+Israel"
"1639","צופית+Israel"
"1640","צופר+Israel"
"1641","צוקי+ים+Israel"
"1642","צוקים+Israel"
"1643","צור+הדסה+Israel"
"1644","צוריאל+Israel"
"1645","צור+יגאל+Israel"
"1646","צור+יצחק+Israel"
"1647","צורית+Israel"
"1648","צור+משה+Israel"
"1649","צורן+Israel"
"1650","צור+נתן+Israel"
"1651","ציפורי+Israel"
"1652","צלפון+Israel"
"1653","צנדלה+Israel"
"1654","צפריה+Israel"
"1655","צפרירים+Israel"
"1656","צפת+Israel"
"1657","צרופה+Israel"
"1658","צריפין+Israel"
"1659","צרעה+Israel"
"1660","קבועה+Israel"
"1661","קבוצת+גבע+Israel"
"1662","קבוצת+יבנה+Israel"
"1663","קבלאן+Israel"
"1664","קדומים+Israel"
"1665","קדימה+Israel"
"1666","קדימה-צורן+Israel"
"1667","קדיתא+Israel"
"1668","קדמה+Israel"
"1669","קדמת+צבי+Israel"
"1670","קדר+Israel"
"1671","קדרון+Israel"
"1672","קדרים+Israel"
"1673","קובסי+Israel"
"1674","קודייראת+א+צאנה+Israel"
"1675","קוואעין+Israel"
"1676","קוזה+Israel"
"1677","קוממיות+Israel"
"1678","קוסין+Israel"
"1679","קוסרה+Israel"
"1680","קורנית+Israel"
"1681","קטורה+Israel"
"1682","קיבוץ+דן+Israel"
"1683","קיביא+Israel"
"1684","קילקיס+Israel"
"1685","קיסריה+Israel"
"1686","קירה+Israel"
"1687","קלחים+Israel"
"1688","קליה+Israel"
"1689","קלנדיה+Israel"
"1690","קלנסווה+Israel"
"1691","קלע+Israel"
"1692","קלקיליה+Israel"
"1693","קסר+א+סיר+Israel"
"1694","קפין+Israel"
"1695","קציעות+Israel"
"1696","קציר+Israel"
"1697","קציר+חריש+Israel"
"1698","קצר-א-סיר+Israel"
"1699","קצר-א-סיר+והפזורה+Israel"
"1700","קצרין+Israel"
"1701","קראות+בני+זיד+Israel"
"1702","קראות+בני+חסן+Israel"
"1703","קריות+Israel"
"1704","קריית+אונו+Israel"
"1705","קריית+אתא+Israel"
"1706","קריית+ביאליק+Israel"
"1707","קריית+גת+Israel"
"1708","קריית+חינוך+מרחבים+Israel"
"1709","קריית+טבעון-בית+זייד+Israel"
"1710","קריית+ים+Israel"
"1711","קריית+יערים+Israel"
"1712","קריית+מוצקין+Israel"
"1713","קריית+מלאכי+Israel"
"1714","קריית+ענבים+Israel"
"1715","קריית+עקרון+Israel"
"1716","קריית+שמונה+Israel"
"1717","קרית+אונו+Israel"
"1718","קרית+ארבע+Israel"
"1719","קרית+אתא+Israel"
"1720","קרית+ביאליק+Israel"
"1721","קרית+גת+Israel"
"1722","קרית+חיים+Israel"
"1723","קרית+חינוך+מרחבים+Israel"
"1724","קרית+חינוך+שדות+נגב+Israel"
"1725","קרית+טבעון+Israel"
"1726","קרית+ים+Israel"
"1727","קרית+יערים+Israel"
"1728","קרית+מוצקין+Israel"
"1729","קרית+מלאכי+Israel"
"1730","קרית+נטפים+Israel"
"1731","קרית+ענבים+Israel"
"1732","קרית+עקרון+Israel"
"1733","קרית+שלמה+Israel"
"1734","קרית+שמואל+Israel"
"1735","קרית+שמונה+Israel"
"1736","קרנב+אבו+סלב+Israel"
"1737","קרני+שומרון+Israel"
"1738","קשכר+נבארי+Israel"
"1739","קשת+Israel"
"1740","ראבוד+Israel"
"1741","ראמה+Israel"
"1742","ראמין+Israel"
"1743","ראם+תשלובת+חקלאית+Israel"
"1744","ראס+אל-עין+Israel"
"1745","ראס+כרכר+Israel"
"1746","ראס+סניסיל+Israel"
"1747","ראס+עלי+Israel"
"1748","ראפאת+ליד+גבעת+זאב+Israel"
"1749","ראפאת+ליד+סמוע+Israel"
"1750","ראפאת+ליד+פדואל+Israel"
"1751","ראש+הנקרה+Israel"
"1752","ראש+העין+Israel"
"1753","ראשון+לציון+Israel"
"1754","ראשון+לציון+-+מזרח+Israel"
"1755","ראשון+לציון+-+מערב+Israel"
"1756","ראש+פינה+Israel"
"1757","ראש+צורים+Israel"
"1758","רבבה+Israel"
"1759","רבדים+Israel"
"1760","רביבים+Israel"
"1761","רביד+Israel"
"1762","רגבה+Israel"
"1763","רגבים+Israel"
"1764","רהט+Israel"
"1765","רהט+והפזורה+Israel"
"1766","רוג’ייב+Israel"
"1767","רוגלית+Israel"
"1768","רוג’ם+אום+ח’יר+Israel"
"1769","רווחה+Israel"
"1770","רוויה+Israel"
"1771","רוח+במדבר+Israel"
"1772","רוחמה+Israel"
"1773","רומאנה+Israel"
"1774","רומאנה+ממזרח+לאום+אל+פחם+Israel"
"1775","רומיחאת+Israel"
"1776","רומת+היב+Israel"
"1777","רועי+Israel"
"1778","רוקעה+Israel"
"1779","רותם+Israel"
"1780","רחוב+Israel"
"1781","רחובות+Israel"
"1782","רחלים+Israel"
"1783","רח’מה+Israel"
"1784","רטורנו+-+גבעת+שמש+Israel"
"1785","ריחאנייה+Israel"
"1786","ריחן+Israel"
"1787","ריינה+Israel"
"1788","רימונים+Israel"
"1789","רינתיה+Israel"
"1790","רכסים+Israel"
"1791","רם-און+Israel"
"1792","רמאללה+Israel"
"1793","רמון+Israel"
"1794","רמות+Israel"
"1795","רמות+השבים+Israel"
"1796","רמות+מאיר+Israel"
"1797","רמות+מנשה+Israel"
"1798","רמות+נפתלי+Israel"
"1799","רמלה+Israel"
"1800","רמת+אפעל+Israel"
"1801","רמת+גן+Israel"
"1802","רמת+גן+-+מזרח+Israel"
"1803","רמת+גן+-+מערב+Israel"
"1804","רמת+דוד+Israel"
"1805","רמת+הכובש+Israel"
"1806","רמת+הנדיב+Israel"
"1807","רמת+השופט+Israel"
"1808","רמת+השרון+Israel"
"1809","רמת+חובב+Israel"
"1810","רמת+יוחנן+Israel"
"1811","רמת+ישי+Israel"
"1812","רמת+מגשימים+Israel"
"1813","רמת+צבי+Israel"
"1814","רמת+רזיאל+Israel"
"1815","רמת+רחל+Israel"
"1816","רנן+Israel"
"1817","רנתיס+Israel"
"1818","רעים+Israel"
"1819","רעננה+Israel"
"1820","רפידא+Israel"
"1821","רפידיה+Israel"
"1822","רקפת+Israel"
"1823","רשפון+Israel"
"1824","רשפים+Israel"
"1825","רתמים+Israel"
"1826","שאר+ישוב+Israel"
"1827","שבות+רחל+Israel"
"1828","שבי+דרום+Israel"
"1829","שבי+ציון+Israel"
"1830","שבי+שומרון+Israel"
"1831","שבלי+Israel"
"1832","שבתין+Israel"
"1833","שגב-שלום+Israel"
"1834","שגב+שלום+והפזורה+Israel"
"1835","שגור+Israel"
"1836","שדה+אברהם+Israel"
"1837","שדה+אילן+Israel"
"1838","שדה+אליהו+Israel"
"1839","שדה+אליעזר+Israel"
"1840","שדה+בוקר+Israel"
"1841","שדה+דוד+Israel"
"1842","שדה+ורבורג+Israel"
"1843","שדה+יואב+Israel"
"1844","שדה+יעקב+Israel"
"1845","שדה+יצחק+Israel"
"1846","שדה+משה+Israel"
"1847","שדה+נחום+Israel"
"1848","שדה+נחמיה+Israel"
"1849","שדה+ניצן+Israel"
"1850","שדה+עוזיהו+Israel"
"1851","שדה+צבי+Israel"
"1852","שדות+ים+Israel"
"1853","שדות+מיכה+Israel"
"1854","שדי+אברהם+Israel"
"1855","שדי+חמד+Israel"
"1856","שדי+תרומות+Israel"
"1857","שדמה+Israel"
"1858","שדמות+דבורה+Israel"
"1859","שדמות+מחולה+Israel"
"1860","שדרות+Israel"
"1861","שהם+Israel"
"1862","שואבה+Israel"
"1863","שובה+Israel"
"1864","שובל+Israel"
"1865","שוהם+Israel"
"1866","שוויכה+בהר+חברון+Israel"
"1867","שומרה+Israel"
"1868","שומריה+Israel"
"1869","שומרת+Israel"
"1870","שופה+Israel"
"1871","שוקבא+Israel"
"1872","שוקדה+Israel"
"1873","שורש+Israel"
"1874","שורשים+Israel"
"1875","שושנת+העמקים+Israel"
"1876","שזור+Israel"
"1877","שחר+Israel"
"1878","שחרות+Israel"
"1879","שיבולים+Israel"
"1880","שיבטה+Israel"
"1881","שיטים+Israel"
"1882","שייח’+אחמד+אל+עבד+Israel"
"1883","שייח'+דנון+Israel"
"1884","שילה+Israel"
"1885","שילת+Israel"
"1886","שכם+Israel"
"1887","שכניה+Israel"
"1888","שלווה+Israel"
"1889","שלווה+במדבר+Israel"
"1890","שלוחות+Israel"
"1891","שלומי+Israel"
"1892","שלומית+Israel"
"1893","שלומציון+Israel"
"1894","שמיר+Israel"
"1895","שמעה+Israel"
"1896","שמרת+Israel"
"1897","שמשית+Israel"
"1898","שני+ליבנה+Israel"
"1899","שניר+Israel"
"1900","שעב+Israel"
"1901","שעורים+Israel"
"1902","שעל+Israel"
"1903","שעלבים+Israel"
"1904","שער+אפרים+Israel"
"1905","שער+הגולן+Israel"
"1906","שער+העמקים+Israel"
"1907","שערי+תקווה+Israel"
"1908","שער+מנשה+Israel"
"1909","שפיים+Israel"
"1910","שפיר+Israel"
"1911","שפר+Israel"
"1912","שפרעם+Israel"
"1913","שקד+Israel"
"1914","שקף+Israel"
"1915","שרונה+Israel"
"1916","שריגים+Israel"
"1917","שריגים+(לי-און)+Israel"
"1918","שריד+Israel"
"1919","שרשרת+Israel"
"1920","שתולה+Israel"
"1921","שתולים+Israel"
"1922","תארבין+Israel"
"1923","תאשור+Israel"
"1924","תדהר+Israel"
"1925","תובל+Israel"
"1926","תומר+Israel"
"1927","תוקוע+Israel"
"1928","תורמוס+עייא+Israel"
"1929","תושיה+Israel"
"1930","תחנת+רכבת+ראש+העין+Israel"
"1931","תימורים+Israel"
"1932","תיעניכ+Israel"
"1933","תירוש+Israel"
"1934","תל+אביב+-+דרום+העיר+ויפו+Israel"
"1935","תל+אביב+-+יפו+Israel"
"1936","תל+אביב+-+מזרח+Israel"
"1937","תל+אביב+-+מרכז+העיר+Israel"
"1938","תל+אביב+-+עבר+הירקון+Israel"
"1939","תל+אל+בידה+Israel"
"1940","תל+א+שמסיה+Israel"
"1941","תל+חי+Israel"
"1942","תל+יוסף+Israel"
"1943","תל+יצחק+Israel"
"1944","תלם+Israel"
"1945","תל+מונד+Israel"
"1946","תלמי+אליהו+Israel"
"1947","תלמי+אלעזר+Israel"
"1948","תלמי+ביל""ו+Israel"
"1949","תלמי+יוסף+Israel"
"1950","תלמי+יחיאל+Israel"
"1951","תלמי+יפה+Israel"
"1952","תלמים+Israel"
"1953","תל+עדשים+Israel"
"1954","תל+ערד+Israel"
"1955","+תל+ערד+ואל+פורה+Israel"
"1956","תלפית+במרכז+השומרון+Israel"
"1957","תל+קציר+Israel"
"1958","תל+שבע+Israel"
"1959","תל+תאומים+Israel"
"1960","תמרת+Israel"
"1961","תנובות+Israel"
"1962","תעוז+Israel"
"1963","תעמרה+Israel"
"1964","תעשיון+השרון+Israel"
"1965","תעשיון+חצב+Israel"
"1966","תעשיון+צריפין+Israel"
"1967","תעשיון+שח”ק+Israel"
"1968","תפוח+Israel"
"1969","תפרח+Israel"
"1970","תקומה+Israel"
"1971","תקומה+וחוות+יזרעם+Israel"
"1972","תקוע+Israel"
"1973","תראבין+א+צאנה+Israel"
"1974","תראבין+א+צאנה+שבט+Israel"
"1975","תראבין+א-צאנע+ופזורה+Israel"
"1976","תראמה+Israel"
"1977","תרדיון+Israel"
"1978","תרום+Israel"
"1979","תרקומיא+Israel"
